tree
version=v4
num_class=1
num_tree_per_iteration=1
label_index=0
max_feature_idx=30
objective=binary sigmoid:1
feature_names=plan_days list_price amount_paid discount auto_renew cancel_last days_to_expire n_tx n_tx_180d n_cancel n_cancel_365d tenure_days auto_renew_share n_plans avg_paid n_lapses days_since_last_tx age reg_days days_active_m1 secs_m1 days_active_m3 secs_m3 activity_trend completion_ratio unique_songs_m1 months_since_active payment_method city registered_via gender
feature_infos=[0:450] [0:1788] [0:1788] [-1788:149] [0:1] [0:1] [1:31] [1:53] [0:21] [0:12] [0:11] [0:699] [0:1] [1:7] [0:1788] [0:6] [0:616] [10:80] [0:4632] [0:1] [0:84679.957516129041] [0:1] [0:84637.892413043475] [0.044689119170984455:2.8925518925518925] [0:1] [0:326.63333333333333] [0:99] -1:31:30:28:26:27:24:25:23:18:21:20:22:17:29:16:11:14:13:8:9:6:4:3:2:5:1:15:35:0:33:7:12:32 -1:0:21:4:16:15:13:6:17:5:3:20:19:2:9:1:12:8:14:18:7:11 -1:3:4:5:1:2 -1:3:1:0:2
tree_sizes=1763 1789 1803 1789 1807 1796 1816 1813 1795 1812 1804 1800 1815 1817 1808 1810 1784 1818 1812 1805 1821 1819 1802 1808 1822 1820 1826 1826 1829 1826 1823 1832 1835 1823 1836 1806 1820 1829 1842 1830 1834 1803 1825 1832 1821 1844 1833 1830 1820 1828 1820 1830 1830 1826 1832 1846 1823 1839 1836 1799 1783 1823 1837 1832 1824 1820 1832 1844 1832 1834 1843 1844 1814 1830 1840 1826 1810 1842 1825 1826 1810 1849 1835 1837 1844 1838 1842 1828 1842 1840 1838 1836 1830 1839 1821 1833 1819 1843 1832 1830 1800 1831 1841 1849 1829 1858 1854 1816 1830 1836 1817 1829 1841 1829 1832 1840 1841 1829 1832 1824 1834 1832 1830 1824 1849 1841 1835 1838 1845 1838 1845 1845 1841 1825 1827 1834 1831 1828 1842 1824 1842 1821 1820 1820 1822 1850 1858 1824 1849 1853 1824 1831 1837 1832 1839 1819 1840 1817 1830 1834 1821 1845 1846 1836 1829 1840 1822 1843 1839 1824 1843 1841 1852 1826 1809 1833 1847 1837 1833 1826 1846 1803 1848 1842 1842 1848 1831 1852 1823 1829 1835 1796 1837 1817 1821 1836 1855 1870 1828 1824 1818 1835 1829 1828 1813 1836 1850 1813 1831 1830 1837 1837 1852 1823 1862 1842 1841 1837 1845 1839 1848 1848 1834 1819 1836 1841 1809 1833 1788 1838 1828 1850 1864 1839 1873 1843 1808 1845 1808 1850 1821 1849 1852 1852 1856 1826 1830 1839 1851 1828 1820 1858 1815 1837 1841 1831 1858 1833 1816 1842 1830 1851 1854 1857 1827 1833 1837 1821 1848 1864 1832 1868 1835 1829 1830 1842 1803 1842 1853 1825 1846 1828 1829 1831 1860 1832 1847 1816 1794 1851 1847 1800 1842 1850 1836 1803 1844 1836 1843 1821

Tree=0
num_leaves=15
num_cat=1
split_feature=2 4 21 5 21 8 25 27 25 21 25 20 22 21
split_gain=998327 211475 104188 85672.1 78566 18574.9 17745.1 13823.9 9368.25 11247.3 8290.54 7955.34 6255.74 4821.48
threshold=60.000000000000007 1.0000000180025095e-35 0.10379837553750598 1.0000000180025095e-35 0.28416149068322988 4.5000000000000009 0.098387096774193564 0 3.0489247311827961 0.98907071189679896 9.5575268817204329 1230.5331129032261 382.97227717391314 0.45903010033444819
decision_type=2 2 2 2 2 2 2 9 2 2 2 2 2 2
left_child=2 4 7 -3 6 10 -2 -1 9 -7 -6 -5 -8 -4
right_child=1 3 13 11 5 8 12 -9 -10 -11 -12 -13 -14 -15
leaf_value=-2.2464052294776602 -2.3180177551946444 -2.7163777678308643 -2.5206545678288546 -2.2981591361719955 -2.5779016479873622 -2.6230523383185913 -2.4846899370111055 -2.5353797218593366 -2.6869595625329721 -2.2249297788954481 -2.6386598235016985 -2.4878143447514107 -2.5572455376183396 -2.6607004835506283
leaf_weight=4866.2254700437188 358.7635993026197 171355.06601938978 371.78252693265676 328.92112592235208 2789.9740252643824 276.66707392781973 1514.7730362601578 193.67884118109941 8820.2342986129224 82.215419691056013 7344.934175349772 514.69349507242441 3685.0104380398989 545.66546445712447
leaf_count=81858 6035 2882477 6254 5533 46932 4654 25481 3258 148371 1383 123554 8658 61988 9179
internal_value=-2.6915 -2.70308 -2.30957 -2.71489 -2.62131 -2.64992 -2.52193 -2.25625 -2.68084 -2.5308 -2.62192 -2.41349 -2.53607 -2.60382
internal_weight=203049 197071 5977.35 172199 24872.6 19314 5558.55 5059.9 9179.12 358.882 10134.9 843.615 5199.78 917.448
internal_count=3415615 3315066 100549 2896668 418398 324894 93504 85116 154408 6037 170486 14191 87469 15433
cat_boundaries=0 1
cat_threshold=2449473536
is_linear=0
shrinkage=1


Tree=1
num_leaves=15
num_cat=2
split_feature=27 4 19 21 3 5 21 8 27 19 25 21 19 8
split_gain=678544 166480 80737 57413.2 33959.4 30694.5 10898.5 10614.5 5987.76 4876.66 4761.04 7172.27 3957.96 3701.29
threshold=0 1.0000000180025095e-35 0.21290322580645163 0.39345437171524134 85.000000000000014 1.0000000180025095e-35 0.14208074534161494 4.5000000000000009 1 0.72150537634408607 9.1967741935483875 0.7814142379359772 0.967204301075269 4.5000000000000009
decision_type=9 2 2 2 2 2 2 2 9 2 2 2 2 2
left_child=2 3 -1 6 5 -3 -2 9 -6 -5 11 12 -4 -8
right_child=1 4 10 7 8 -7 13 -9 -10 -11 -12 -13 -14 -15
leaf_value=0.29637867162670278 0.16901974468773312 -0.024697757564723973 0.14298166941692178 0.081093045673573907 0.24367355673948779 0.20684877398427889 0.10933513233140305 0.0040497610167901299 0.081981102671401157 0.033192733185152652 0.067634642770981079 0.29941336945525404 -0.026770415337216004 0.043272909244043103
leaf_weight=7161.5623955987394 3052.9944783970714 167724.74050328135 570.29601885378361 3179.1393026858568 417.89024881273508 515.85858178883791 4458.4729761406779 8461.651888050139 469.892997212708 4806.8137748837471 1587.7171333767474 227.02505826205015 157.39154050499201 923.1213456839323
leaf_count=83817 43192 2883448 8381 49894 4919 6860 67656 141610 7137 77002 25048 2990 2400 14528
internal_value=-9.87067e-05 -0.0123497 0.244571 0.0601006 -0.0230096 -0.0239866 0.123732 0.0274639 0.161944 0.0522692 0.0995391 0.152471 0.10628 0.0980134
internal_weight=203715 194011 9703.99 24882.2 169128 168241 8434.59 16447.6 887.783 7985.95 2542.43 954.713 727.688 5381.59
internal_count=3418882 3296246 122636 393882 2902364 2890308 125376 268506 12056 126896 38819 13771 10781 82184
cat_boundaries=0 1 2
cat_threshold=570566660 2147483648
is_linear=0
shrinkage=0.03


Tree=2
num_leaves=15
num_cat=2
split_feature=27 4 19 21 14 5 8 21 25 8 6 16 27 14
split_gain=529496 151682 46623.2 45651.1 33551.1 24773.1 8696.16 8315.31 4218.84 3628.93 3619.01 52952.4 33126.9 4432.36
threshold=0 1.0000000180025095e-35 0.18010752688172046 0.40981844242713811 1.0000000180025095e-35 1.0000000180025095e-35 4.5000000000000009 0.087434304825609196 11.360752688172045 4.5000000000000009 5.5000000000000009 25.500000000000004 1 141.16002844950216
decision_type=9 2 2 2 2 2 2 2 2 2 2 2 9 2
left_child=2 3 -1 7 -3 10 -5 -2 -4 -9 11 12 13 -6
right_child=1 4 8 6 5 -7 -8 9 -10 -11 -12 -13 -14 -15
leaf_value=0.22847806052028277 0.16065925547099943 0.18288043227972425 0.12889535234667798 0.046998309204385587 0.21501695025066592 0.16796105289206981 0.0033915891290497257 0.10106452187101267 0.057524900413047669 0.042495382900997365 -0.026208549782899566 -0.02941252551903761 -0.019972430491988883 0.083677982831205977
leaf_weight=8914.5610686764121 2043.1477896571159 710.08319288492203 1426.8773737065494 8051.3973617479205 1408.6658791005611 604.15659646689892 8419.6516437977552 6472.0471192374825 1565.8185212984681 1118.7215408757329 139762.75015921891 21860.276497125626 1088.8887649103999 278.74303835630417
leaf_count=82637 24547 7847 18138 122368 24739 6793 140421 88144 23358 16818 2454472 383909 19106 4897
internal_value=-0.000104972 -0.0121596 0.19392 0.0550525 -0.0227486 -0.0236346 0.024709 0.106923 0.0915851 0.0924394 -0.0243397 -0.0137372 0.109654 0.192245
internal_weight=203726 191819 11907.3 26105 165714 165003 16471 9633.92 2992.7 7590.77 164399 24636.6 2776.3 1687.41
internal_count=3418194 3294061 124133 392298 2901763 2893916 262789 129509 41496 104962 2887123 432651 48742 29636
cat_boundaries=0 1 2
cat_threshold=570570764 2147483648
is_linear=0
shrinkage=0.03


Tree=3
num_leaves=15
num_cat=1
split_feature=4 19 14 8 19 6 25 21 6 16 2 16 29 19
split_gain=425295 167844 27226.7 21532.4 10364.2 8498.1 6511.14 7187.2 4108.67 53866.3 17245.3 5067.3 4436.94 3953.59
threshold=1.0000000180025095e-35 0.18010752688172046 1.0000000180025095e-35 3.5000000000000004 0.62311827956989252 7.5000000000000009 4.6231182795698933 0.77597945532728152 5.5000000000000009 25.500000000000004 99.500000000000014 23.500000000000004 0 0.68870967741935496
decision_type=2 2 2 2 2 2 2 2 2 2 2 2 9 2
left_child=1 5 -2 4 -3 -1 7 -5 9 10 -4 -12 -13 -8
right_child=2 3 8 6 -6 -7 13 -9 -10 -11 11 12 -14 -15
leaf_value=0.18773934089697275 0.15099308904389369 0.09712004871896121 0.17602335302039848 0.043993648969343442 0.044429785320786112 0.13008714040746056 0.034182880660432312 0.20942124301681117 -0.024669501237361859 -0.028902007153813261 0.16407318983378066 0.083876864774017637 -0.019628012064289622 -0.001995344061777453
leaf_weight=10228.102031640708 815.7700799703598 6823.5792773887515 1503.2789911553264 1191.0311219766736 6624.020706243813 2983.2770656570792 4123.6707020774484 294.16387581080198 137829.11854316294 21325.626854941249 250.06411505490541 582.1388740055263 997.16045427694917 7974.3397656083107
leaf_count=81345 7836 85718 21926 16947 95149 32947 63115 2884 2468102 383884 2498 9240 17662 129090
internal_value=-0.000256476 0.0870982 -0.0217834 0.0442622 0.0711711 0.174732 0.0176186 0.0768778 -0.0226517 -0.0113725 0.100774 0.038875 0.01896 0.010338
internal_weight=203545 40242.2 163303 27030.8 13447.6 13211.4 13583.2 1485.19 162487 24658.3 3332.64 1829.36 1579.3 12098
internal_count=3418343 507195 2911148 392903 180867 114292 212036 19831 2903312 435210 51326 29400 26902 192205
cat_boundaries=0 1
cat_threshold=40
is_linear=0
shrinkage=0.03


Tree=4
num_leaves=15
num_cat=3
split_feature=27 19 14 4 5 19 22 21 27 6 16 27 18 2
split_gain=391998 114994 23942.7 22417.8 21011.2 12040.1 8087.21 6286.66 4722.96 3483.43 41083.4 18780.1 3344.68 3061.26
threshold=0 0.22956989247311829 1.0000000180025095e-35 1.0000000180025095e-35 1.0000000180025095e-35 0.68870967741935496 124.07884328714765 0.36066650740563788 1 5.5000000000000009 25.500000000000004 2 1717.5000000000002 844.50000000000011
decision_type=9 2 2 2 2 2 2 2 9 2 2 9 10 2
left_child=2 6 -1 7 9 -3 -2 -4 12 10 11 -5 -7 -10
right_child=1 5 3 4 -6 8 -8 -9 13 -11 -12 -13 -14 -15
leaf_value=0.13189664034743612 0.16323345462827804 0.067220809802236201 0.074897350901165713 0.13302853066247522 0.14016545907589684 0.039187697922348622 0.11556950110103244 0.011382903891852933 0.0093077595989052523 -0.02585997972502193 -0.029133733101307083 -0.01999859681553752 0.13176183902359362 0.055035827381336243
leaf_weight=924.69957842677832 11022.085627827793 10177.941178709269 2316.9803938418627 2260.0162307992578 704.09742560237646 970.28075563162565 4534.9668635539711 3552.5169784091413 9124.7769703865051 133680.80600799248 20766.071375288069 1060.77395734936 550.75451758876443 1539.0781112834811
leaf_count=7950 77942 132134 26311 29482 6834 13341 43090 54673 140930 2455374 383944 19101 5687 22072
internal_value=-0.000286009 0.0866907 -0.020247 -0.0211051 -0.0232376 0.0431366 0.149347 0.0364637 0.0230153 -0.0239677 -0.0134651 0.0844954 0.0722976 0.0158972
internal_weight=203186 37919.9 165266 164341 158472 22362.8 15557.1 5869.5 12184.9 157768 24086.9 3320.79 1521.04 10663.9
internal_count=3418865 435196 2983669 2975719 2894735 314164 121032 80984 182030 2887901 432527 48583 19028 163002
cat_boundaries=0 1 2 3
cat_threshold=3450946515 537012228 2147483648
is_linear=0
shrinkage=0.03


Tree=5
num_leaves=15
num_cat=2
split_feature=27 25 2 4 5 8 19 8 21 21 10 27 19 19
split_gain=353051 91513.4 20932.9 21391.5 18483.7 15881.6 6680.85 6677.33 5435.21 2990.93 3014.7 1986.28 1649.62 1649.3
threshold=0 3.4591397849462369 60.000000000000007 1.0000000180025095e-35 1.0000000180025095e-35 4.5000000000000009 0.7543010752688174 2.5000000000000004 0.50274725274725285 0.77048494983277604 1.0000000180025095e-35 1 0.4919354838709678 0.7543010752688174
decision_type=9 2 2 2 2 2 2 2 2 2 2 9 2 2
left_child=2 7 11 8 -5 6 12 -2 -4 10 -9 -1 -3 -7
right_child=1 5 3 4 -6 13 -8 9 -10 -11 -12 -13 -14 -15
leaf_value=0.13496158945888703 0.13964543151740599 0.084036011398365404 0.061287157418792849 -0.023852837307038223 0.12302510316933378 0.021996558981663694 0.031837473071856859 0.0551128752946679 0.0043204619324960954 0.17022151051671178 0.13747163077001892 0.05701729764821889 0.059357567259183459 -0.0060239202073239448
leaf_weight=689.62901496887207 14554.099871575832 5394.7419243641198 3191.7172667458653 154154.56650177762 774.0165016874671 3212.0064554959536 5606.5915436521173 1708.522456523031 2855.8230576999485 338.05572778731585 522.58662328869104 606.72987671941519 4474.8585416339338 4592.5149969048798
leaf_count=4950 98624 56419 36599 2883312 6751 47568 77930 18422 44416 2491 4132 7185 55462 74905
internal_value=-0.000230886 0.0791071 -0.0199891 -0.0209575 -0.0231183 0.0404029 0.0579979 0.13177 0.034391 0.0871188 0.0744565 0.100033 0.072854 0.00550945
internal_weight=202676 40404 162272 160976 154929 23280.7 15476.2 17123.3 6047.54 2569.16 2231.11 1296.36 9869.6 7804.52
internal_count=3419166 435953 2983213 2971078 2890063 312284 189811 123669 81015 25045 22554 12135 111881 122473
cat_boundaries=0 1 2
cat_threshold=3450946515 2147483648
is_linear=0
shrinkage=0.03


Tree=6
num_leaves=15
num_cat=1
split_feature=27 25 4 2 5 21 21 21 0 5 16 16 1 7
split_gain=320282 74354.8 19631 19218.9 16675.5 10444.4 7010.69 4711.01 4242.92 3588.7 2409.25 19171.8 6284.81 2279.86
threshold=0 4.2295698924731191 1.0000000180025095e-35 60.000000000000007 1.0000000180025095e-35 0.58468705207835658 0.071010511227902542 0.37159579550883903 99.500000000000014 1.0000000180025095e-35 24.500000000000004 25.500000000000004 99.500000000000014 9.5000000000000018
decision_type=9 2 2 2 2 2 2 2 2 2 2 2 2 2
left_child=2 6 7 -4 10 -3 -2 -1 9 -7 -5 12 13 -12
right_child=1 5 3 4 -6 8 -8 -9 -10 -11 11 -13 -14 -15
leaf_value=0.062814961035175268 0.12595272076748243 0.058395560180483586 0.089849879858101916 -0.025452005268430271 0.10987106996785681 0.0046071869835331665 0.084331672475816202 0.010014133914534731 0.048373971737124523 0.11396172891301017 0.034051047445237154 -0.028723975621131766 -0.0024008692797998833 0.084075191246035519
leaf_weight=2642.7546112164855 14791.007159166038 10406.01336337626 1371.5393179357052 123413.82034924626 845.42252787947655 9203.5990443713963 4844.7642670534551 3581.5435237139463 3073.538911152631 277.25850977748632 1591.0072835534811 21616.114055559039 2620.4246160835028 1695.8998868614435
leaf_count=27090 88054 118177 11997 2369359 6756 140254 46115 54001 39830 3127 23950 418728 46558 24920
internal_value=-0.000252128 0.072812 -0.0197832 -0.0219071 -0.0229175 0.0361724 0.115688 0.0324392 0.017749 0.00781684 -0.023662 -0.0156351 0.0322567 0.059879
internal_weight=201975 42596.2 159379 153154 151783 22960.4 19635.8 6224.3 12554.4 9480.86 150937 27523.4 5907.33 3286.91
internal_count=3418916 435557 2983359 2902268 2890271 301388 134169 81091 183211 143381 2883515 514156 95428 48870
cat_boundaries=0 1
cat_threshold=3450946515
is_linear=0
shrinkage=0.03


Tree=7
num_leaves=15
num_cat=2
split_feature=27 21 14 27 5 8 21 25 25 16 16 13 7 7
split_gain=290015 62828.6 17268.1 14510.3 14666.8 9714.57 6191.44 5236.47 5211.96 2712.55 19183.5 5192.39 2961.52 2282.19
threshold=0 0.18579789775441952 1.0000000180025095e-35 1 1.0000000180025095e-35 5.5000000000000009 0.25137362637362642 1.7870967741935486 11.623118279569894 24.500000000000004 25.500000000000004 1.5000000000000002 23.500000000000004 9.5000000000000018
decision_type=9 2 2 9 2 2 2 2 2 2 2 2 2 2
left_child=2 7 -1 6 9 8 -4 -2 -3 -5 11 13 -13 -11
right_child=1 5 3 4 -6 -7 -8 -9 -10 10 -12 12 -14 -15
leaf_value=0.096632375716364335 0.11449113868279995 0.061692349306114697 0.041440123696108187 -0.025921652513656253 0.10313437628306812 -0.0045707794200183496 -0.003511034518925241 0.079365525852762589 0.030313504394162548 0.030401177965730705 -0.029024960135952859 -0.020051029725258386 0.095319459189407998 0.076619150042025672
leaf_weight=1142.4844809025526 15413.46308530122 8292.2258153520525 3861.1541945040226 115053.69048961997 821.20574770122766 4655.3876505680382 9643.333829138428 5093.134440779686 11204.34259236604 1965.5883383788168 20195.748300042003 1745.3310623392463 225.18821743875742 1885.551866851747
leaf_count=7883 86803 88317 54953 2258022 6109 71553 164780 40928 148267 29567 400864 31113 3343 26625
internal_value=-0.000283909 0.0671405 -0.0195225 -0.0203784 -0.0232055 0.0343651 0.00933644 0.105771 0.0436619 -0.0239434 -0.0151944 0.0327818 -0.00682499 0.0530439
internal_weight=201198 44658.6 156539 155397 141892 24152 13504.5 20506.6 19496.6 141071 26017.4 5821.66 1970.52 3851.14
internal_count=3419127 435868 2983259 2975376 2755643 308137 219733 127731 236584 2749534 491512 90648 34456 56192
cat_boundaries=0 1 2
cat_threshold=3450946515 68157632
is_linear=0
shrinkage=0.03


Tree=8
num_leaves=15
num_cat=3
split_feature=27 19 4 2 5 8 25 27 21 6 6 1 27 18
split_gain=266052 53391.1 18366.8 16560.7 13720.2 9271.17 4355.16 4117.39 3829.28 3712.88 20079.4 5003.76 2016.52 2013.99
threshold=0 0.22956989247311829 1.0000000180025095e-35 60.000000000000007 1.0000000180025095e-35 5.5000000000000009 15.885483870967745 1 0.5355351170568563 5.5000000000000009 4.5000000000000009 99.500000000000014 2 inf
decision_type=9 2 2 2 2 2 2 9 2 2 2 2 9 8
left_child=2 7 8 -4 9 6 -3 -2 -1 10 -5 -12 -11 -14
right_child=1 5 3 4 -6 -7 -8 -9 -10 12 11 -13 13 -15
leaf_value=0.050160688179034491 0.10468232400544743 0.054100380295810234 0.076525550673500004 -0.028463996043444087 0.089611274567803031 -0.0057269625098211405 0.026672215149863 0.070265612827981147 0.0032847591075923686 -0.02707590612874404 0.059951229802489618 0.0023936838708104573 -0.018538821374781397 0.036642883097128071
leaf_weight=3713.206538554281 16894.468538299203 11629.855196189135 1536.0378609672189 16811.35745292902 975.4801637455821 4476.4858834147453 9444.7224461436272 4087.4771491512656 2715.0533485002816 100583.41195125133 3388.5195666924119 2269.7088524065912 21230.518273126334 611.53483558446169
leaf_count=38973 89378 122899 12090 341403 6794 69866 121705 31962 41971 2017095 49252 41032 423585 11865
internal_value=-0.000255441 0.0625906 -0.0192686 -0.0214346 -0.0224667 0.0334818 0.0418101 0.0980647 0.0303657 -0.0232218 -0.0120115 0.0368674 -0.0252792 -0.0169845
internal_weight=200368 46533 153835 147407 145871 25551.1 21074.6 20981.9 6428.26 144895 22469.6 5658.23 122425 21842.1
internal_count=3419870 435810 2984060 2903116 2891026 314470 244604 121340 80944 2884232 431687 90284 2452545 435450
cat_boundaries=0 1 2 3
cat_threshold=3450946515 574760960 2300576528
is_linear=0
shrinkage=0.03


Tree=9
num_leaves=15
num_cat=3
split_feature=27 25 4 2 5 8 19 6 16 27 19 21 27 6
split_gain=244587 46892.6 17246.9 15076.3 12090.8 9533.43 4514.07 3672.59 34648.9 12367.6 3544.35 3470.87 1961.9 1932.58
threshold=0 4.0489247311827965 1.0000000180025095e-35 60.000000000000007 1.0000000180025095e-35 4.5000000000000009 0.065591397849462371 5.5000000000000009 25.500000000000004 1 0.7543010752688174 0.53004061156235083 2 20.500000000000004
decision_type=9 2 2 2 2 2 2 2 2 9 2 2 9 2
left_child=2 6 11 -4 7 10 -2 8 9 -5 -3 -1 -9 -8
right_child=1 5 3 4 -6 -7 13 12 -10 -11 -12 -13 -14 -15
leaf_value=0.047091146559489566 0.098518891665149891 0.053065045687392579 0.070173902106345429 0.10357199914364294 0.080707627542152313 0.003218790825098915 0.079712392708211635 -0.02689146566984256 -0.02873242784274134 -0.019746223907953171 0.024796420410346017 0.0029633946694619922 -0.016849802585658283 0.045316374838802749
leaf_weight=3794.3656598329544 15782.371629878879 11039.812340267003 1604.5505119338632 2766.220519259572 1017.8336915671825 7989.8581411056221 5110.8696918860078 98160.463640253991 18441.668748233467 995.73515846952796 6256.9730867184699 2778.9048998504877 21495.944415085018 2070.7838732525706
leaf_count=38155 79428 105628 12005 29633 6695 120204 35450 2016837 382752 18924 77893 42769 435107 17016
internal_value=-0.000298723 0.0584958 -0.0190819 -0.0212454 -0.0222725 0.0303222 0.0895416 -0.023012 -0.0118056 0.0711576 0.0428411 0.0284391 -0.0250913 0.0698022
internal_weight=199306 48250.7 151056 144482 142878 25286.6 22964 141860 22203.6 3761.96 17296.8 6573.27 119656 7181.65
internal_count=3418496 435619 2982877 2901953 2889948 303725 131894 2883253 431309 48557 183521 80924 2451944 52466
cat_boundaries=0 1 2 3
cat_threshold=3450946515 2147483648 2300576528
is_linear=0
shrinkage=0.03


Tree=10
num_leaves=15
num_cat=1
split_feature=4 22 5 2 8 6 6 16 29 25 25 2 13 7
split_gain=224312 47468.9 28068.9 14616.2 8677.44 3961.35 3548.58 31560.9 9607.28 2945.39 2809.62 1647.58 1605.96 2741.4
threshold=1.0000000180025095e-35 599.62051086956535 1.0000000180025095e-35 60.000000000000007 4.5000000000000009 10.500000000000002 5.5000000000000009 25.500000000000004 0 18.13118279569893 3.0489247311827961 99.500000000000014 1.5000000000000002 23.500000000000004
decision_type=2 2 2 2 2 2 2 2 9 2 2 2 2 2
left_child=1 5 3 -2 9 -1 7 8 12 -3 -6 -8 -5 -14
right_child=2 4 -4 6 10 -7 11 -9 -10 -11 -12 -13 13 -15
leaf_value=0.090573151412716074 0.066255850958006623 0.04736841150211004 0.088751460214336747 0.1002854714999158 0.057469532890764868 0.061022163377368509 -0.02872196573539345 -0.028665169713865329 -0.021932545207008398 0.024014682469554981 0.0019266323093920308 -0.021587879774575654 0.0031202686864719247 0.15148530029001678
leaf_weight=17791.194060541689 1676.0978339314461 13372.796806275845 2097.5668467134237 2515.6087890826166 888.59231762588024 5310.994828093797 54662.994171015918 18001.821759339422 894.49813521653414 7641.1341222152114 10427.641943965107 62439.218531105667 406.72990369051695 153.74761683493853
leaf_count=87831 11995 127894 14321 24451 7522 37326 1149318 383402 17432 90231 157256 1303536 5044 1569
internal_value=-0.000280314 0.0509419 -0.0201573 -0.021781 0.027473 0.0837826 -0.0228425 -0.0117788 0.0647685 0.038878 0.00629276 -0.0249183 0.0897589 0.0440164
internal_weight=198281 55432.4 142848 140751 32330.2 23102.2 139075 21972.4 3970.58 21013.9 11316.2 117102 3076.09 560.478
internal_count=3419128 508060 2911068 2896747 382903 125157 2884752 431898 48496 218125 164778 2452854 31064 6613
cat_boundaries=0 1
cat_threshold=40
is_linear=0
shrinkage=0.03


Tree=11
num_leaves=15
num_cat=4
split_feature=27 21 4 14 5 19 6 16 27 6 21 27 27 18
split_gain=208070 37216.7 15703.5 13340.1 10731.6 5287.58 3470.27 28812.4 8628.32 3201.47 2893.2 2514.39 2199.88 2057.57
threshold=0 0.15301003344481609 1.0000000180025095e-35 1.0000000180025095e-35 1.0000000180025095e-35 0.65591397849462374 5.5000000000000009 25.500000000000004 1 11.500000000000002 0.53004061156235083 2 3 inf
decision_type=9 2 2 2 2 2 2 2 9 2 2 9 9 8
left_child=2 9 10 -4 6 -3 7 8 -5 -2 -1 -7 -8 -14
right_child=1 5 3 4 -6 11 12 -9 -10 -11 -12 -13 13 -15
leaf_value=0.041644249058608682 0.085526305175682826 0.042412676571283975 0.072143117929093906 0.082809730967002546 0.069005190204701708 0.046184955579291261 -0.026556343307876391 -0.028383834625670842 -0.018692835154602117 0.058211863874112757 0.002095987862162856 0.011188407163200449 -0.017425633306531435 0.038188230449690989
leaf_weight=4094.5102476477623 18323.532162874937 12965.199333623052 1375.194168522954 3208.9979707896709 1162.3630979284644 2152.9011123403907 93649.38335576281 17568.17569598183 985.1970730535686 4905.9091760590672 2805.2605286091566 12847.194513522089 20417.434516862035 615.90367938578129
leaf_count=38400 86141 123765 7910 29614 6920 20943 2016726 383516 19163 32002 42578 172677 426271 11919
internal_value=-0.000342896 0.0516857 -0.0186039 -0.0207983 -0.0217276 0.0283818 -0.022501 -0.0115173 0.0591213 0.0797604 0.0255676 0.0162523 -0.0245852 -0.0157879
internal_weight=197077 51194.7 145882 138983 137607 27965.3 136445 21762.4 4194.2 23229.4 6899.77 15000.1 114683 21033.3
internal_count=3418545 435528 2983017 2902039 2894129 317385 2887209 432293 48777 118143 80978 193620 2454916 438190
cat_boundaries=0 1 2 3 4
cat_threshold=3450946515 2147483648 537012236 2300576528
is_linear=0
shrinkage=0.03


Tree=12
num_leaves=15
num_cat=1
split_feature=27 25 4 2 5 8 19 8 16 16 14 11 21 19
split_gain=192937 34012.9 15195.2 12454.7 9719.84 7886.02 2716.09 2711.41 2304.41 14979.9 3463.75 2251.5 2221.47 2212.2
threshold=0 3.0489247311827961 1.0000000180025095e-35 60.000000000000007 1.0000000180025095e-35 3.5000000000000004 0.47526881720430114 2.5000000000000004 24.500000000000004 25.500000000000004 139.40833333333336 668.50000000000011 0.77048494983277604 0.85268817204301095
decision_type=9 2 2 2 2 2 2 2 2 2 2 2 2 2
left_child=2 7 6 -4 8 13 -1 -2 -5 10 11 -10 -9 -3
right_child=1 5 3 4 -6 -7 -8 12 9 -11 -12 -13 -14 -15
leaf_value=0.045592375143291272 0.079665641225122596 0.045991515925053156 0.057997946581998167 -0.024290715202277834 0.063866955638682346 0.0084933346444192644 0.0080666579302849303 0.040354950067697251 0.033517135486105923 -0.028016104324561395 -0.00940484375615506 0.13057175989558575 0.11138828858960198 0.019683042683908691
leaf_weight=3105.3510109707713 20315.877643994987 13220.857658095658 1791.0042193681002 107962.88186733052 1185.589675500989 12040.172214388847 3935.9912502840161 2836.2431254014373 4510.9443674311042 18702.879311341792 1943.1040168888867 225.0609546341002 460.23835033923388 3679.2419114038348
leaf_count=27680 95630 113623 12028 2369981 6790 160937 53496 20048 57638 418347 35507 2421 2456 42858
internal_value=-0.000325325 0.0488405 -0.0183504 -0.0205715 -0.0216179 0.0270479 0.0246203 0.0755687 -0.0223784 -0.0142438 0.0243201 0.0381559 0.050303 0.0402655
internal_weight=195915 52552.6 143363 136321 134530 28940.3 7041.34 23612.4 133345 25382 6679.11 4736.01 3296.48 16900.1
internal_count=3419440 435552 2983888 2902712 2890684 317418 81176 118134 2883894 513913 95566 60059 22504 156481
cat_boundaries=0 1
cat_threshold=3450946515
is_linear=0
shrinkage=0.03


Tree=13
num_leaves=15
num_cat=2
split_feature=27 21 4 2 5 8 6 6 25 1 21 6 11 27
split_gain=180375 30670.8 14217.6 11717.8 9238.86 6815.19 3410.92 15520.9 3236.46 2981.11 2322.4 2179.06 2122.46 2027.33
threshold=0 0.098363592928810334 1.0000000180025095e-35 60.000000000000007 1.0000000180025095e-35 5.5000000000000009 5.5000000000000009 4.5000000000000009 11.360752688172045 119.50000000000001 0.6011108456760631 22.500000000000004 668.50000000000011 1
decision_type=9 2 2 2 2 2 2 2 2 2 2 2 2 9
left_child=2 11 10 -4 6 8 7 -5 -3 12 -1 -2 -9 -8
right_child=1 5 3 4 -6 -7 13 9 -10 -11 -12 -13 -14 -15
leaf_value=0.035418952617614678 0.076217527701860868 0.044244827761427942 0.054227645419818567 -0.027842046707527719 0.060236269673695282 -0.005098927595168154 -0.026262007045331156 0.039890398177977744 0.023287550112653637 0.0010219507018266868 -0.00051675420149456389 0.042346313100874708 0.15655913520195539 -0.015668189887912229
leaf_weight=4688.2479542270303 20398.39909362793 12783.233194436878 1867.5254298895597 14837.541178099811 1234.0979895591736 4910.3340881839395 89517.621960327029 3834.4509893730283 13791.032542131841 2258.3325437046587 2471.6392466649413 1870.3650001659989 144.82124946638942 20019.832422699779
leaf_count=43537 91461 104385 12158 341634 6828 72470 2016822 47991 156202 40733 37468 10876 1230 434870
internal_value=-0.00032729 0.0464213 -0.0181674 -0.0203741 -0.0214312 0.0273705 -0.0222033 -0.01115 0.0333701 0.0285539 0.0230154 0.0733747 0.0441747 -0.0243298
internal_weight=194627 53753.4 140874 133714 131847 31484.6 130613 21075.1 26574.3 6237.6 7159.89 22268.8 3979.27 109537
internal_count=3418665 435394 2983271 2902266 2890108 333057 2883280 431588 260587 89954 81005 102337 49221 2451692
cat_boundaries=0 1 2
cat_threshold=3450946515 2300576528
is_linear=0
shrinkage=0.03


Tree=14
num_leaves=15
num_cat=4
split_feature=27 19 4 14 19 27 21 16 16 14 27 27 0 21
split_gain=167002 29679.3 13949.1 10583.9 5121.47 2416.02 2181.69 2141.73 13851.1 2917 2825.5 2121.3 1916.78 2312.73
threshold=0 0.14731182795698927 1.0000000180025095e-35 1.0000000180025095e-35 0.59032258064516141 1 0.22951505016722409 24.500000000000004 25.500000000000004 140.68699186991873 2 3 187.50000000000003 0.6229694218824654
decision_type=9 2 2 2 2 9 2 2 2 2 9 9 2 2
left_child=2 5 6 -4 -3 -2 -1 10 9 -9 -5 -6 13 -13
right_child=1 4 3 7 11 -7 -8 8 -10 -11 -12 12 -14 -15
leaf_value=0.046214697603691464 0.073559402606986318 0.037629245388132282 0.078397109648541505 -0.026002558941231921 0.039544833437133553 0.04917206889323656 0.010872174076868473 0.035103986858486334 -0.027288666466506802 -0.0090941145659225557 -0.014185202183012131 0.023277673893941944 0.035156665679665744 -0.0030654166828282749
leaf_weight=2293.8182307854295 18702.88952806592 15031.136406388134 962.61815991997719 79735.107003528625 2519.5557865127921 4792.3513124100864 4993.3068901747465 4931.2835214920342 17902.937955956906 1846.7538597323 23724.112058904022 4477.4523265063763 2316.8626465797424 9081.2794090546668
leaf_count=16933 79865 127000 4588 1843592 22666 36908 64106 59991 414735 34247 510247 48759 24614 130326
internal_value=-0.000363353 0.0427943 -0.0183769 -0.0206576 0.024639 0.0686396 0.022002 -0.0214024 -0.0134607 0.0230621 -0.0232968 0.0140228 0.0099389 0.00563484
internal_weight=193311 56921.5 136390 129103 33426.3 23495.2 7287.13 128140 24681 6778.04 103459 18395.2 15875.6 13558.7
internal_count=3418577 470138 2948439 2867400 353365 116773 81039 2862812 508973 94238 2353839 226365 203699 179085
cat_boundaries=0 1 2 3 4
cat_threshold=3449897939 570558464 2166358288 537012236
is_linear=0
shrinkage=0.03


Tree=15
num_leaves=15
num_cat=3
split_feature=27 25 4 14 8 27 16 16 27 13 19 19 8 7
split_gain=156997 27000.1 13339 9867.74 6478.78 3278.03 2078.61 13071.2 2815.25 2767.2 2065.5 2058.31 1807.9 1708.81
threshold=0 3.0489247311827961 1.0000000180025095e-35 1.0000000180025095e-35 4.5000000000000009 1 24.500000000000004 25.500000000000004 2 1.5000000000000002 0.63924731182795702 0.85268817204301095 3.5000000000000004 23.500000000000004
decision_type=9 2 2 2 2 9 2 2 9 2 2 2 2 2
left_child=2 5 10 -4 11 -2 8 9 -5 -8 -1 -3 -7 -11
right_child=1 4 3 6 -6 12 7 -9 -10 13 -12 -13 -14 -15
leaf_value=0.033921893474521118 0.069483222265651276 0.035625634508580861 0.073821153602313339 -0.025846284352285347 0.00083165975267648126 0.053577617479745793 0.034050110828306494 -0.027150115350027298 -0.013961297570581205 -0.018807060784743097 0.0015442406749044931 0.013660560767269654 0.01671622295192959 0.057741730909503117
leaf_weight=4439.23137935251 19750.919110432267 17615.574669223279 990.19978922605515 77884.126304987818 9089.4713058285415 5042.8165900073946 4830.3619877062738 17468.689785838127 23426.94540899992 1761.4665960073471 2952.5100455656648 4911.9316138476133 1571.8628425598145 307.39426258951426
leaf_count=39668 85035 147426 4582 1843836 131552 34697 58122 414975 510225 32922 41265 56427 15153 3391
internal_value=-0.000340444 0.0408998 -0.0181791 -0.0204664 0.0222113 0.0633244 -0.0212099 -0.0133422 -0.0231021 0.021618 0.0209911 0.0308372 0.0447544 -0.00741093
internal_weight=192044 57982.6 134061 126669 31617 26365.6 125679 24367.9 101311 6899.22 7391.74 22527.5 6614.68 2068.86
internal_count=3419276 470290 2948986 2868053 335405 134885 2863471 509410 2354061 94435 80933 203853 49850 36313
cat_boundaries=0 1 2 3
cat_threshold=3449897939 570566656 2166358288
is_linear=0
shrinkage=0.03


Tree=16
num_leaves=15
num_cat=0
split_feature=4 21 5 2 8 6 6 19 14 6 11 11 7 2
split_gain=145994 29264.6 20788.1 10198.8 6315.26 3490.22 14387 3032.22 2416.72 2077.53 1931.23 1934.12 1793.93 1770.02
threshold=1.0000000180025095e-35 0.087434304825609196 1.0000000180025095e-35 60.000000000000007 5.5000000000000009 5.5000000000000009 4.5000000000000009 0.55752688172043019 140.68699186991873 22.500000000000004 668.50000000000011 543.50000000000011 15.500000000000002 99.500000000000014
decision_type=2 2 2 2 2 2 2 2 2 2 2 2 2 2
left_child=1 9 3 -2 7 6 -5 -3 10 -1 11 12 -8 -7
right_child=2 4 -4 5 -6 13 8 -9 -10 -11 -12 -13 -14 -15
leaf_value=0.066425836037627972 0.046829192696009228 0.036325891096879198 0.06772455342155137 -0.027443628426746955 -0.0056686529123029291 -0.028063486419858411 0.034834424000158938 0.018061057566488917 -0.005936127223138481 0.035747393720235832 0.1153082586099204 -0.019585159642889857 0.1193444460686382 -0.020180495737316815
leaf_weight=21262.052132770419 1991.8180784285069 15355.99187990278 2449.7847260311246 13814.215378291905 6547.5278774611652 47633.007446985692 3821.5284921638668 17513.508607618511 1535.8163712024689 2195.6334504634142 268.36164905875921 560.24665865302086 239.52494023740292 55549.92149239406
leaf_count=90880 12091 117421 14319 341752 95642 1150105 46330 191219 29264 12292 2413 9706 2492 1303763
internal_value=-0.000402902 0.0370255 -0.0188077 -0.0204985 0.0212356 -0.0215855 -0.010194 0.0265949 0.0268896 0.063556 0.0371991 0.0326393 0.0398471 -0.0238198
internal_weight=190739 62874.7 127864 125414 39417 123423 20239.7 32869.5 6425.48 23457.7 4889.66 4621.3 4061.05 103183
internal_count=3419689 507454 2912235 2897916 404282 2885825 431957 308640 90205 103172 60941 58528 48822 2453868
is_linear=0
shrinkage=0.03


Tree=17
num_leaves=15
num_cat=4
split_feature=27 19 27 14 5 19 6 16 27 19 27 16 25 5
split_gain=137029 23067.1 11349.4 8968.37 8076.96 3986.6 3709.45 24477.9 4410.71 3648.16 1615.69 1574.4 1771.23 1469.23
threshold=0 0.13118279569892474 1 1.0000000180025095e-35 1.0000000180025095e-35 0.7543010752688174 5.5000000000000009 25.500000000000004 2 0.36075268817204303 3 11.500000000000002 3.5575268817204306 1.0000000180025095e-35
decision_type=9 2 9 2 2 2 2 2 9 2 9 2 2 2
left_child=2 -2 9 -4 6 13 7 8 -5 -1 11 -7 -13 -3
right_child=1 5 3 4 -6 10 -8 -9 -10 -11 -12 12 -14 -15
leaf_value=0.027696314963297258 0.061682152623342326 0.029454290915426878 0.067191345120633947 0.063969122809658024 0.057844034192835153 -0.0097475025182738161 -0.024353900045817285 -0.028555382470967592 -0.022157314377588985 -0.0035455099877215032 0.0048425001591170984 0.094490839258780365 0.02672090948959888 0.081152707824408532
leaf_weight=5248.6284671984613 22810.309904813766 21332.328526269644 1042.4568248838186 3803.2303947880864 1152.2422356158495 559.71010404080153 95814.498526535928 14635.852456979454 621.80753857642412 9364.1608097106218 10740.643424857408 513.91502003371716 1068.8245963901281 505.85473026335239
leaf_count=65157 98033 176474 4631 29623 6065 5079 2338469 367019 12838 157944 139489 2397 10485 3248
internal_value=-0.000380929 0.0382392 -0.0172556 -0.0203675 -0.0211565 0.0228479 -0.0219494 -0.00986205 0.0519588 0.00767182 0.00961191 0.0333307 0.0487716 0.0306555
internal_weight=189214 57531.6 131683 117070 116028 34721.3 114875 19060.9 4425.04 14612.8 12883.1 2142.45 1582.74 21838.2
internal_count=3416951 435205 2981746 2758645 2754014 337172 2747949 409480 42461 223101 157450 17961 12882 179722
cat_boundaries=0 1 2 3 4
cat_threshold=3450946515 68157632 2147483648 537012236
is_linear=0
shrinkage=0.03


Tree=18
num_leaves=15
num_cat=5
split_feature=27 19 27 14 8 6 16 21 27 19 27 27 16 15
split_gain=129401 22433.6 9358.64 8284.3 5314.92 3966.96 24182.9 2904.88 2608.81 2156.56 2065.24 1916.07 1180.93 1097.99
threshold=0 0.13118279569892474 1 1.0000000180025095e-35 5.5000000000000009 5.5000000000000009 25.500000000000004 0.43717152412804589 2 0.52473118279569897 3 4 23.500000000000004 1.0000000180025095e-35
decision_type=9 2 9 2 2 2 2 2 9 2 9 9 2 2
left_child=2 11 7 -4 9 6 8 -1 -5 -3 -7 -2 -10 -11
right_child=1 4 3 5 -6 10 -8 -9 12 13 -12 -13 -14 -15
leaf_value=0.022559134116218273 0.062421443974327188 0.03450468303138747 0.063883618418551669 0.059190901422042953 -0.0072768383276154407 -0.025723507124840214 -0.028156654374435493 -0.0064530256746786257 0.065285583627989738 0.013274563494680893 -0.014714658174274392 0.041000031912459156 -0.019411694253706643 0.02920687431420322
leaf_weight=5864.0659876540303 19333.734033003449 13609.91955966875 1044.5340124368668 4032.3939369618893 5178.4313586167991 75245.983206965029 14288.719443172216 6602.1374558135867 192.30731230974197 11684.729882657528 19401.804853975773 4893.5333817265928 633.35303801670671 5839.8678282611072
leaf_count=68695 78673 96328 4548 29928 78641 1897194 366639 119435 917 124226 447959 34559 12890 57947
internal_value=-0.000327215 0.035776 -0.0174977 -0.020178 0.0208644 -0.0209519 -0.00849771 0.00718916 0.0493179 0.025545 -0.0234713 0.0581392 0.000366114 0.0185852
internal_weight=187846 60540.2 127305 114839 36312.9 113795 19146.8 12466.2 4858.05 31134.5 94647.8 24227.3 825.66 17524.6
internal_count=3418579 470374 2948205 2760075 357142 2755527 410374 188130 43735 278501 2345153 113232 13807 182173
cat_boundaries=0 1 2 3 4 5
cat_threshold=3449897939 67109056 2147483648 2166358288 570558464
is_linear=0
shrinkage=0.03


Tree=19
num_leaves=15
num_cat=1
split_feature=4 21 2 8 6 16 2 8 10 29 18 25 22 6
split_gain=121850 23847.4 8226.08 5560.01 3552.72 22147.9 3382.11 4173.31 3952.81 2464.72 1998.94 1947.24 1986.47 1794.56
threshold=1.0000000180025095e-35 0.081939799331103694 60.000000000000007 3.5000000000000004 5.5000000000000009 25.500000000000004 99.500000000000014 5.5000000000000009 1.0000000180025095e-35 0 inf 11.885483870967745 9986.7076630434804 24.500000000000004
decision_type=2 2 2 2 2 2 2 2 2 9 8 2 2 2
left_child=1 13 -2 -3 5 9 -6 8 10 -4 -8 12 -5 -1
right_child=2 3 4 11 6 -7 7 -9 -10 -11 -12 -13 -14 -15
leaf_value=0.059084465280869997 0.041019238620851377 0.028877942060059621 0.053992354178825551 0.013630941419272236 -0.027677558469406456 -0.027094141335692615 -0.01483975986261702 -0.020263456445512282 0.034504504618279315 0.0063746555089303891 0.044358127794413539 -0.0020196894811753585 0.0724454685724822 0.026719897020157975
leaf_weight=21929.698174104095 2077.7037606760859 23095.168170034885 4294.2252019718289 7843.8541778363287 44333.230051144958 14650.00787133351 6207.8315275609493 45300.86186978966 2452.145101826638 1283.8883589170873 558.67547644302249 10150.293527193367 552.39256089180708 1661.091312199831
leaf_count=91135 12071 186428 31435 75484 1149729 383691 146073 1122823 33744 19812 11245 142194 3043 8736
internal_value=-0.000348851 0.0327081 -0.018147 0.0190547 -0.0191797 -0.00772415 -0.0215237 -0.0165193 0.00188002 0.0431437 -0.00994626 0.00682145 0.0175085 0.0568068
internal_weight=186391 65232.5 121159 41641.7 119081 20228.1 98852.7 54519.5 9218.65 5578.11 6766.51 18546.5 8396.25 23590.8
internal_count=3417643 507020 2910623 407149 2898552 434938 2463614 1313885 191062 51247 157318 220721 78527 99871
cat_boundaries=0 1
cat_threshold=40
is_linear=0
shrinkage=0.03


Tree=20
num_leaves=15
num_cat=4
split_feature=27 21 14 5 19 6 16 27 27 27 2 21 15 7
split_gain=114649 26820.3 7679.35 7588.8 4789.27 3425.04 19768.5 3139.36 2177.06 2052.85 1898.91 1846.65 1845.63 2025.67
threshold=0 0.081939799331103694 1.0000000180025095e-35 1.0000000180025095e-35 0.65591397849462374 5.5000000000000009 25.500000000000004 1 2 3 844.50000000000011 0.67761586239847127 1.0000000180025095e-35 2.5000000000000004
decision_type=9 2 2 2 2 2 2 9 9 9 2 2 2 2
left_child=2 8 -1 5 12 6 7 -4 -2 -6 11 -11 13 -3
right_child=1 4 3 -5 9 -7 -8 -9 -10 10 -12 -13 -14 -15
leaf_value=0.059541216741725238 0.05791597148079547 0.029275546491616244 0.051210046385491696 0.055010022212760398 0.030152778553384864 -0.023781400450993438 -0.028221834270914896 -0.021742587675361767 0.036336993518640087 0.012385283130063013 0.027727889538570982 -0.0082547707052794596 0.034144091981927298 0.0080873330490287346
leaf_weight=1087.5108129680157 20056.190599605441 7510.5858469232917 4269.9701364114881 1182.7443770170212 2612.428360953927 89848.588492225856 13546.792005814612 604.18723388388753 5519.7599822171032 5833.7413395680487 2270.8463358804584 11772.067722830921 10077.366001617163 8842.2698824964464
leaf_count=4609 80860 54966 29632 6061 21073 2339732 366960 12834 41117 69509 22246 185529 84443 99156
internal_value=-0.000364305 0.028399 -0.0197494 -0.0205396 0.0153866 -0.0213654 -0.00958045 0.0422249 0.0532973 0.00521021 0.00191448 -0.00141531 0.0240451 0.0178199
internal_weight=185035 74495.3 110540 109452 48919.3 108270 18420.9 4874.16 25576 22489.1 19876.7 17605.8 26430.2 16352.9
internal_count=3418727 658899 2759828 2755219 536922 2749158 409426 42466 121977 298357 277284 255038 238565 154122
cat_boundaries=0 1 2 3 5
cat_threshold=3382788883 2147483648 574760960 537045036 1
is_linear=0
shrinkage=0.03


Tree=21
num_leaves=15
num_cat=0
split_feature=4 19 5 3 8 16 16 13 1 19 19 11 15 22
split_gain=108254 21135.7 16847.8 7742.52 4954.25 1946.97 10503.2 1964.66 1804.96 1680.45 1674.34 1908.18 1555.12 1441.01
threshold=1.0000000180025095e-35 0.13118279569892474 1.0000000180025095e-35 85.000000000000014 3.5000000000000004 24.500000000000004 25.500000000000004 1.5000000000000002 99.500000000000014 0.88548387096774206 0.11451612903225808 104.50000000000001 1.0000000180025095e-35 45.824258480649796
decision_type=2 2 2 2 2 2 2 2 2 2 2 2 2 2
left_child=1 13 3 5 9 8 7 -7 -2 -3 11 -10 -6 -1
right_child=2 4 -4 -5 12 6 -8 -9 10 -11 -12 -13 -14 -15
leaf_value=0.057859526953661831 -0.027194440323378963 0.029613869044597473 0.056415236658247207 0.037160347479226578 -0.0015573787858305026 0.026019476416181027 -0.026990362907272157 -0.0085047835961987728 0.034121667831002588 0.0081516174689569287 -0.021594510394988452 -0.011955720115308609 0.016586928709569154 0.042034531958266577
leaf_weight=16233.699467256665 40871.026641063392 20847.484209440649 2693.2499905228615 2130.4695567339659 10918.631635274738 5389.6201594173908 15197.384918823838 2046.163295622915 880.48108216375113 3898.2037162408233 38041.938794728369 9824.8701251000166 6961.0188884325325 7627.5200939252973
leaf_count=65527 1119748 149792 14315 12013 142686 59101 418216 36439 18056 40412 977901 255796 72957 35843
internal_value=-0.000375403 0.0301959 -0.0177369 -0.0194833 0.0175399 -0.0205587 -0.0126958 0.0165193 -0.0225443 0.0262334 -0.0186451 -0.00816317 0.00550721 0.0528029
internal_weight=183562 66486.6 117075 114382 42625.3 112251 22633.2 7435.78 89618.3 24745.7 48747.3 10705.4 17879.7 23861.2
internal_count=3418802 507217 2911585 2897270 405847 2885257 513756 95540 2371501 190204 1251753 273852 215643 101370
is_linear=0
shrinkage=0.03


Tree=22
num_leaves=15
num_cat=5
split_feature=27 21 3 8 6 16 19 2 27 27 27 19 16 27
split_gain=102028 23928.7 6847.83 6492.05 3716.93 19547.2 2469.39 2051.31 1806.31 1784.62 1368.86 1174.04 970.718 955.834
threshold=0 0.071010511227902542 85.000000000000014 5.5000000000000009 5.5000000000000009 25.500000000000004 0.55752688172043019 130.00000000000003 1 2 3 0.24569892473118282 23.500000000000004 4
decision_type=9 2 2 2 2 2 2 2 9 9 9 2 2 9
left_child=2 8 4 6 5 9 13 -6 -2 12 -8 -9 -1 -3
right_child=1 3 -4 -5 7 -7 10 11 -10 -11 -12 -13 -14 -15
leaf_value=0.055360715770363569 0.05445803626137289 0.046031748915885802 0.044788420847484356 -0.0083915911454117836 -0.027137052299096551 -0.02786278481867974 2.1090677664446169e-06 -0.01040158850723762 0.034012798998351433 0.047614161955100633 0.017052565793421924 -0.021337114227259403 -0.019938565950224953 0.024650269977138595
leaf_weight=205.2920795828104 19888.0683709234 2125.6759810969234 1479.7553852573037 9160.6035481877625 45758.84891839698 12906.639285486192 5899.8411667719483 12899.798262163997 5021.2106488421559 4536.7953568026423 15096.239484958351 28067.699418459088 607.82167061418295 18437.354465734214
leaf_count=915 79875 11583 8332 153446 1270312 367125 83802 337088 36619 29979 148731 733735 12865 144144
internal_value=-0.000349809 0.0262914 -0.019276 0.0144687 -0.0201812 -0.00787739 0.0195077 -0.0227711 0.0503737 0.0403335 0.0122698 -0.0178941 -0.000871911 0.0268971
internal_weight=182092 75629 106463 50719.7 104983 18256.5 41559.1 86726.3 24909.3 5349.91 20996.1 40967.5 813.114 20563
internal_count=3418551 658200 2760351 541706 2752019 410884 388260 2341135 116494 43759 232533 1070823 13780 155727
cat_boundaries=0 1 2 3 4 5
cat_threshold=3382789011 574758912 1208025344 68419584 570435596
is_linear=0
shrinkage=0.03


Tree=23
num_leaves=15
num_cat=5
split_feature=27 19 5 2 19 6 16 27 27 27 27 4 0 2
split_gain=96771.2 22242.9 6743.26 6508.59 4331.54 3393.5 17333.5 2537 1817.96 1676.4 1602.16 2698.82 1579.45 1441.88
threshold=0 0.098387096774193564 1.0000000180025095e-35 60.000000000000007 0.68870967741935496 5.5000000000000009 25.500000000000004 1 2 3 4 1.0000000180025095e-35 187.50000000000003 130.00000000000003
decision_type=9 2 2 2 2 2 2 9 9 9 9 2 2 2
left_child=2 8 3 -1 10 6 7 -5 -2 -6 -3 -12 -11 -7
right_child=1 4 -4 5 9 13 -8 -9 -10 12 11 -13 -14 -15
leaf_value=0.042292968826091258 0.05366604525072962 0.040298597500071844 0.049974283530582711 0.044604358826415474 0.026456541276446383 -0.027095637079450421 -0.028036000661860336 -0.022331284493520981 0.033438377928023198 -0.0025139131188631836 0.022233684459172488 -0.0083702847737070138 0.024274130016452414 -0.019221851473010476
leaf_weight=1488.1153925061226 18696.414990052581 3607.1869549751282 1254.530931904912 4599.9834740161896 2587.846335157752 44586.770790047944 12507.470004465431 570.15093512833118 5277.9495063237846 16346.127902835608 24498.624058283865 2899.838813111186 2253.063681550324 39483.351704202592
leaf_count=8262 75194 19632 6139 29664 20077 1269857 366511 12750 39861 238906 184040 59766 21237 1067308
internal_value=-0.000387145 0.0253279 -0.0191325 -0.0199746 0.0143431 -0.0208857 -0.00893709 0.037263 0.0492508 0.00388789 0.0214871 0.0189875 0.000731866 -0.023398
internal_weight=180657 76167.1 104490 103236 52192.7 101748 17677.6 5170.13 23974.4 21187 31005.6 27398.5 18599.2 84070.1
internal_count=3419204 658713 2760491 2754352 543658 2746090 408925 42414 115055 280220 263438 243806 260143 2337165
cat_boundaries=0 1 2 3 5 6
cat_threshold=3382788883 2147483648 570558464 537045004 9 570435628
is_linear=0
shrinkage=0.03


Tree=24
num_leaves=15
num_cat=2
split_feature=27 19 5 14 8 6 6 27 25 1 13 19 11 9
split_gain=91603.5 21286.6 6243.82 6302.63 5786.54 3286.95 10653.4 2456.98 1996.93 1587.54 1503.35 1394.25 1277.79 1692.53
threshold=0 0.13118279569892474 1.0000000180025095e-35 1.0000000180025095e-35 5.5000000000000009 5.5000000000000009 4.5000000000000009 1 7.573655913978496 130.00000000000003 1.5000000000000002 0.88548387096774206 668.50000000000011 1.0000000180025095e-35
decision_type=9 2 2 2 2 2 2 9 2 2 2 2 2 2
left_child=2 7 3 -1 8 6 -5 -2 -3 -7 -8 -10 -12 -14
right_child=1 4 -4 5 -6 9 10 -9 11 -11 12 -13 13 -15
leaf_value=0.051377125326121584 0.051761668020240258 0.026536147374017122 0.047118024612124498 -0.027379758405563646 -0.0090910859884117921 -0.026964799226804226 0.028511154640496899 0.030602350071944725 0.01686117510317205 -0.018633786673493989 -0.021361733251007028 0.0012136157537034832 -0.026364941234000145 0.08930064295865689
leaf_weight=1108.7337367385626 19521.915663465858 14841.976267721504 1272.5428628027439 10690.468633703887 8779.3186251930892 43456.851618248969 5186.7770613022149 6781.072339259088 19795.90491809696 39141.310906749219 1160.089307256043 6915.3389294371009 204.97628721222281 254.12721690908074
leaf_count=4540 78750 106508 6104 323549 149679 1269245 56609 49270 188570 1071087 23768 85834 3008 2088
internal_value=-0.000342217 0.024465 -0.0188946 -0.019727 0.0130379 -0.0205151 -0.00870246 0.0463393 0.0177134 -0.0230172 0.0206346 0.0128103 -0.00459847 0.0377143
internal_weight=179111 76635.5 102476 101203 50332.5 100095 17496.4 26303 41553.2 82598.2 6805.97 26711.2 1619.19 459.104
internal_count=3418609 658611 2759998 2753894 530591 2749354 409022 128020 380912 2340332 85473 274404 28864 5096
cat_boundaries=0 1 2
cat_threshold=3382788883 570558464
is_linear=0
shrinkage=0.03


Tree=25
num_leaves=15
num_cat=4
split_feature=27 21 2 5 8 6 16 27 19 27 2 27 19 15
split_gain=86748.7 20610.1 5844.8 5861.19 5401.19 3259.68 15882.5 2193.23 1974.07 1796.3 1463.28 1237.24 996.762 957.411
threshold=0 0.071010511227902542 60.000000000000007 1.0000000180025095e-35 5.5000000000000009 5.5000000000000009 25.500000000000004 1 0.47526881720430114 2 130.00000000000003 3 0.11451612903225808 1.0000000180025095e-35
decision_type=9 2 2 2 2 2 2 9 2 9 2 9 2 2
left_child=2 9 -1 5 8 6 7 -4 -3 -2 -7 -10 -12 -13
right_child=1 4 3 -5 -6 10 -8 -9 11 -11 12 13 -14 -15
leaf_value=0.039481092620290002 0.050150079648143699 0.024975709239470508 0.040984809065921883 0.043874133289814272 -0.0082061477027365413 -0.026803055453508327 -0.027817774817696168 -0.021880337054002313 0.0013886827844229227 0.030124927863820421 -0.009856465377343639 0.01096869814236833 -0.021363709942064307 0.025338180808757799
leaf_weight=1529.6019340679049 19756.230595752597 17687.949601452798 4771.548925742507 1291.4883023649454 9055.5161467045546 42428.79619826749 11943.626917980611 554.56572151184082 7208.4392556138337 5229.3053928278387 8815.2738052308559 11704.156548820436 29304.397502735257 6487.2102198004723
leaf_count=8350 79888 124318 29614 6078 153332 1270648 366519 12743 96696 36518 244630 111111 822493 56817
internal_value=-0.000350086 0.0235868 -0.0186956 -0.0195957 0.0128545 -0.0204342 -0.00860622 0.0344721 0.0172808 0.0459925 -0.02297 0.0119215 -0.018703 0.0160853
internal_weight=177768 77128.8 100639 99109.7 52143.3 97818.2 17269.7 5326.11 43087.8 24985.5 80548.5 25399.8 38119.7 18191.4
internal_count=3419755 658680 2761075 2752725 542274 2746647 408876 42357 388942 116406 2337771 264624 1067123 167928
cat_boundaries=0 1 2 3 4
cat_threshold=3382788883 2147483648 574758912 68423808
is_linear=0
shrinkage=0.03


Tree=26
num_leaves=15
num_cat=2
split_feature=27 27 2 5 21 6 6 0 4 2 4 13 7 19
split_gain=82191.1 19415.2 5547.51 5651.15 4725.53 3225.56 9980.35 2366.11 1491.74 1446.84 1349.2 1328.36 1403.08 1196.6
threshold=0 1 60.000000000000007 1.0000000180025095e-35 0.43717152412804589 5.5000000000000009 4.5000000000000009 187.50000000000003 1.0000000180025095e-35 130.00000000000003 1.0000000180025095e-35 1.5000000000000002 23.500000000000004 0.081720430107526901
decision_type=9 9 2 2 2 2 2 2 2 2 2 2 2 2
left_child=2 13 -1 5 10 6 -4 8 -6 -7 -3 -8 -13 -2
right_child=1 4 3 -5 7 9 11 -9 -10 -11 -12 12 -14 -15
leaf_value=0.038229550279164574 0.050138513882508035 0.024657641389566713 -0.027377500411325806 0.042282726044187938 0.003869537285681604 -0.026649289686050941 0.026540220407401432 0.024934974318482451 -0.017343219360727309 -0.01850985790456083 0.005243083282712409 -0.018688548720635759 0.051141151965286527 0.033722051430222499
leaf_weight=1527.4998289048672 17231.904896602035 23703.694165669382 10127.705674752593 1318.8803000301123 19820.211223799735 41364.042352125049 5328.9146433696151 4281.9691841676831 3511.292861815542 37477.472022492439 3728.9495842605829 1281.389804776758 323.50382174924016 5214.9531573653221
leaf_count=8281 70110 146545 323362 6111 233096 1269990 56537 35311 81917 1067452 60351 25850 2952 31309
internal_value=-0.000331796 0.0227932 -0.0184795 -0.0193727 0.0131979 -0.0202211 -0.00839337 0.00443898 0.0006765 -0.0227805 0.0220189 0.0193353 -0.00458966 0.0463056
internal_weight=176242 77493 98749.4 97221.9 55046.1 95903 17061.5 27613.5 23331.5 78841.5 27432.6 6933.81 1604.89 22446.9
internal_count=3419174 658639 2760535 2752254 557220 2746143 408701 350324 315013 2337442 206896 85339 28802 101419
cat_boundaries=0 1 3
cat_threshold=3382788883 570431488 8
is_linear=0
shrinkage=0.03


Tree=27
num_leaves=15
num_cat=3
split_feature=27 21 14 5 8 6 6 27 19 1 13 7 27 19
split_gain=77327.7 18686.8 5461.21 5280.17 4688.99 3176.8 9606.63 1838.63 1687.38 1576.57 1216.19 1264.35 1100.48 1039.13
threshold=0 0.071010511227902542 1.0000000180025095e-35 1.0000000180025095e-35 5.5000000000000009 5.5000000000000009 4.5000000000000009 1 0.52473118279569897 130.00000000000003 1.5000000000000002 23.500000000000004 2 0.11451612903225808
decision_type=9 2 2 2 2 2 2 9 2 2 2 2 9 2
left_child=2 7 -1 5 8 6 -4 -2 -3 -7 -8 -12 -10 -11
right_child=1 4 3 -5 -6 9 10 -9 12 13 11 -13 -14 -15
leaf_value=0.046838853925585594 0.047741093580908063 0.022196422724982449 -0.02710302251456834 0.04025680124120401 -0.0078561566066371793 -0.026553098471513593 0.025508703291782533 0.027677834094820934 -0.00014851965136848089 -0.0088706180325947327 -0.018006374994978615 0.04775315109122355 0.014415275562031982 -0.020744680920867991
leaf_weight=1145.6450998038054 19424.194279551506 20493.188842348754 9919.7963905259967 1332.4501528441906 9002.5374950133264 40247.786834688857 5430.4904051572084 5361.8159722425044 6452.6973711699247 8646.6047710180283 1261.3115272447467 331.45264501497149 16951.713590297848 28514.542080104351
leaf_count=4625 79367 143230 323760 6088 153152 1266957 56415 36711 88552 245103 25795 2967 156399 824840
internal_value=-0.000358089 0.0219351 -0.0182442 -0.0190258 0.011866 -0.0198634 -0.00809649 0.0434326 0.0159108 -0.0224388 0.0187488 -0.00430051 0.0104062 -0.0179822
internal_weight=174516 77686.1 96830.1 95684.4 52900.1 94352 16943.1 24786 43897.6 77408.9 7023.25 1592.76 23404.4 37161.1
internal_count=3413961 657411 2756550 2751925 541333 2745837 408937 116078 388181 2336900 85177 28762 244951 1069943
cat_boundaries=0 1 2 3
cat_threshold=3382788883 574758912 68419584
is_linear=0
shrinkage=0.03


Tree=28
num_leaves=15
num_cat=2
split_feature=27 27 14 5 21 6 6 1 1 4 20 4 13 7
split_gain=73508.1 17964.7 5285.47 5068.05 4044.86 3020.51 8945.48 2064.26 1597.4 1364.02 1249.45 1186.7 1093.6 1184.06
threshold=0 1 1.0000000180025095e-35 1.0000000180025095e-35 0.43717152412804589 5.5000000000000009 4.5000000000000009 846.50000000000011 130.00000000000003 1.0000000180025095e-35 237.46380053763446 1.0000000180025095e-35 1.5000000000000002 23.500000000000004
decision_type=9 9 2 2 2 2 2 2 2 2 2 2 2 2
left_child=2 10 -1 5 11 6 -4 9 -7 -6 -2 -3 -8 -14
right_child=1 4 3 -5 7 8 12 -9 -10 -11 -12 -13 13 -15
leaf_value=0.045997747917417814 0.048196029561330851 0.022642043767395797 -0.026941748123821142 0.03866694595181356 0.0035009291813656368 -0.026422671416465787 0.023697363653165156 0.022891555074080042 -0.01770681732358554 -0.016914105868050037 0.031932112704284289 0.004607937572672605 -0.018173018747292342 0.044502610207709965
leaf_weight=1144.7481950372458 16556.854948207736 24150.510973513126 9667.821401713416 1358.8460455983877 19962.511249192059 39290.886744406074 5520.391417182982 4395.7779120355844 36533.472754206508 3454.3362212888896 5731.96831908077 3801.3866683505476 1245.0554127022624 345.78779449686408
leaf_count=4606 68337 146024 323644 6126 232768 1267987 56567 35227 1069560 82132 33001 60471 25897 2990
internal_value=-0.000341541 0.0212331 -0.018048 -0.0188306 0.0121282 -0.0196748 -0.00815636 0.00403025 -0.0222235 0.000488812 0.0439954 0.0201897 0.0173828 -0.00453036
internal_weight=173160 78053.3 95107 93962.3 55764.5 92603.4 16779.1 27812.6 75824.4 23416.8 22288.8 27951.9 7111.23 1590.84
internal_count=3415337 657960 2757377 2752771 556622 2746645 409098 350127 2337547 314900 101338 206495 85454 28887
cat_boundaries=0 1 3
cat_threshold=3382788883 570431488 8
is_linear=0
shrinkage=0.03


Tree=29
num_leaves=15
num_cat=4
split_feature=27 21 14 5 6 16 19 27 27 15 7 1 27 16
split_gain=69646 17304.6 4973.95 4838.87 2942.62 13487.2 2879.35 1813.23 1718.66 1591.1 1880.48 1550.7 1315.84 1264.06
threshold=0 0.071010511227902542 1.0000000180025095e-35 1.0000000180025095e-35 5.5000000000000009 25.500000000000004 0.78709677419354851 1 2 1.0000000180025095e-35 2.5000000000000004 130.00000000000003 3 11.500000000000002
decision_type=9 2 2 2 2 2 2 9 9 2 2 2 9 2
left_child=2 7 -1 4 5 8 9 -2 -4 10 -3 -6 13 -8
right_child=1 6 3 -5 11 -7 12 -9 -10 -11 -12 -13 -14 -15
leaf_value=0.043937708626412164 0.045599712874085506 0.020009353018207127 0.035326627869682874 0.037376288903269501 -0.026228188678381045 -0.027309965305576667 -0.015637979291131383 0.025718760642029721 -0.020734157233866474 0.023694897863621275 0.0028768992523453439 -0.017558403691462426 -0.0027720816034099822 0.034632978540799685
leaf_weight=1156.5255801677704 19269.417460158467 10739.960054971278 5043.0963738560677 1366.4126205146313 38375.185105288401 11020.487006135285 608.06164897233248 5390.2342834435403 541.5868279337883 13743.149260353297 12449.573961637914 35994.959226176143 14427.937785059214 1727.2731735408306
leaf_count=4644 79854 72679 29604 6090 1269416 366771 4824 36308 12770 108374 140003 1071236 203960 12043
internal_value=-0.00038234 0.0204782 -0.0178647 -0.0186411 -0.0194829 -0.00806385 0.0109263 0.0412842 0.0299134 0.0156065 0.0108121 -0.0220323 0.000614691 0.0214508
internal_weight=171854 78355.6 93498.3 92341.7 90975.3 16605.2 53696 24659.7 5584.68 36932.7 23189.5 74370.1 16763.3 2335.33
internal_count=3418576 658045 2760531 2755887 2749797 409145 541883 116162 42374 321056 212682 2340652 220827 16867
cat_boundaries=0 1 2 3 5
cat_threshold=3382788883 574765056 2147483648 537012236 1
is_linear=0
shrinkage=0.03


Tree=30
num_leaves=15
num_cat=3
split_feature=27 27 8 3 5 6 16 27 19 2 15 6 19 8
split_gain=66167.1 16577.7 5438.5 4791.58 4534.14 2905.06 13025.2 1590.37 1483.99 1473.72 1292.68 1038.87 1015.75 826.802
threshold=0 1 3.5000000000000004 85.000000000000014 1.0000000180025095e-35 5.5000000000000009 25.500000000000004 2 0.45913978494623658 130.00000000000003 1.0000000180025095e-35 29.500000000000004 0.14731182795698927 3.5000000000000004
decision_type=9 9 2 2 2 2 2 9 2 2 2 2 2 2
left_child=3 11 8 4 5 6 7 13 -3 -7 -4 -2 -11 -1
right_child=1 2 10 -5 -6 9 -8 -9 -10 12 -12 -13 -14 -15
leaf_value=0.006361648587633959 0.043496231263848245 0.025200451150599847 -0.0051382798181335869 0.034584833134407029 0.035299352876521826 -0.02609994255575443 -0.027438346380328566 -0.020715555559225399 0.012678827926909712 -0.0088443855610691579 0.0093232317653903583 -0.011702242981899046 -0.020541053951657895 0.039199084843706128
leaf_weight=822.01740778982639 20686.820364870131 17692.089378044009 14474.918442051858 1552.7823142036796 1384.7532778084278 37493.864939844236 10700.443719293922 525.76212100684643 16434.855150017887 8988.576329883188 9034.0943886227906 311.10294857621193 26063.767412375659 4312.9449284225702
leaf_count=4835 92152 106321 212718 8369 6096 1270983 366376 12799 146900 267395 97710 2446 799852 24771
internal_value=-0.000357638 0.0198399 0.0115204 -0.0176502 -0.0185508 -0.01939 -0.00797026 0.0288285 0.0191708 -0.0219653 0.000419181 0.0426576 -0.017542 0.0338787
internal_weight=170479 78633.9 57636 91844.9 90292.1 88907.4 16361.2 5660.72 34126.9 72546.2 23509 20997.9 35052.3 5134.96
internal_count=3419723 658247 563649 2761476 2753107 2747011 408781 42405 253221 2338230 310428 94598 1067247 29606
cat_boundaries=0 1 3 4
cat_threshold=3382789011 570429440 8 2147483648
is_linear=0
shrinkage=0.03


Tree=31
num_leaves=15
num_cat=3
split_feature=27 19 14 5 8 16 16 27 27 4 1 19 14 19
split_gain=62665.1 16152.8 4606.68 4309.49 4199.09 1779.95 7732.76 1759.06 1565.16 2042.68 1447.78 1431.61 995.36 982.232
threshold=0 0.098387096774193564 1.0000000180025095e-35 1.0000000180025095e-35 5.5000000000000009 24.500000000000004 25.500000000000004 1 2 1.0000000180025095e-35 146.00000000000003 0.88548387096774206 140.72318007662838 0.11451612903225808
decision_type=9 2 2 2 2 2 2 9 9 2 2 2 2 2
left_child=2 7 -1 5 8 10 12 -2 9 11 -4 -3 -7 -12
right_child=1 4 3 -5 -6 6 -8 -9 -10 -11 13 -13 -14 -15
leaf_value=0.04215785120750435 0.044574336976987691 0.01614528794552637 -0.025545142416738824 0.034166997437822089 -0.0087937131803025627 0.018238219831133114 -0.026364980757580293 0.025205518507589977 0.026914428319825798 -0.011399977774786322 -0.0076027850932393927 -0.00016729375488056555 -0.0086255044185166042 -0.019703663946895617
leaf_weight=1151.125541716814 17910.421783983707 30704.953998059034 35260.205586085096 1390.3247491717339 8728.4560701362789 5982.1114595420659 11571.005438189954 5662.5685093738139 7037.249098084867 3206.4190680086613 7930.0308845452964 5748.3924557417631 1565.6593127548695 25312.479367205873
leaf_count=4617 75695 222611 1234813 6065 150604 59837 400740 39559 41130 64807 236655 64647 30888 786928
internal_value=-0.000355822 0.0191497 -0.0174463 -0.0182195 0.0103049 -0.0190511 -0.0109566 0.0399525 0.0138749 0.0115508 -0.0213101 0.013573 0.0126654 -0.0168173
internal_weight=169161 78998.5 90162.9 89011.8 55425.5 87621.5 19118.8 23573 46697 39659.8 68502.7 36453.3 7547.77 33242.5
internal_count=3419596 659053 2760543 2755926 543799 2749861 491465 115254 393195 352065 2258396 287258 90725 1023583
cat_boundaries=0 1 2 3
cat_threshold=3382788883 570566656 341082312
is_linear=0
shrinkage=0.03


Tree=32
num_leaves=15
num_cat=1
split_feature=12 22 8 2 6 16 1 8 10 19 28 25 19 19
split_gain=52844.8 16513.5 4456.32 4298.81 2863.78 12796.5 2838.74 3062.15 1907.97 1380.15 1371.93 935.538 1330.08 824.761
threshold=0.95742753623188415 167.70265760869566 4.5000000000000009 60.000000000000007 5.5000000000000009 25.500000000000004 99.500000000000014 5.5000000000000009 1.0000000180025095e-35 0.88548387096774206 0 4.7215053763440871 0.98387096774193561 0.14731182795698927
decision_type=2 2 2 2 2 2 2 2 2 2 9 2 2 2
left_child=1 -1 9 -2 5 -5 -6 8 10 -3 -8 12 -4 -9
right_child=3 2 11 4 6 -7 7 13 -10 -11 -12 -13 -14 -15
leaf_value=0.04136858687796683 0.026780386275219142 0.017778099430667486 0.0048695754746514832 0.028058029739916789 -0.026005462203897163 -0.026017284501246553 0.033977356305293901 -0.0098806945359681646 0.02927780224213623 0.0022133425992937779 -0.01280276155108887 -0.0061852574554551653 0.065982278863337435 -0.020499232704339579
leaf_weight=20128.988343074918 2087.6123336330056 32966.52597864531 2866.0185482110828 6329.5052107870579 32093.788348935544 10422.702065072954 650.26688292063773 8974.6246095187962 1990.4948494900018 6071.8878217339516 3849.622620915994 14227.472674576566 359.91276028379798 24736.960134325549
leaf_count=91631 10117 234223 33711 44956 1143361 367245 11202 268612 24739 64894 105367 236832 1507 781374
internal_value=-0.000325879 0.0180374 0.00972353 -0.0157646 -0.0167623 -0.00558549 -0.019352 -0.0140399 0.00482918 0.0153573 -0.0059896 -0.00287788 0.0117062 -0.0176728
internal_weight=167756 76620.8 56491.8 91135.6 89048 16752.2 72295.8 40202 6490.38 39038.4 4499.89 17453.4 3225.93 33711.6
internal_count=3419771 662798 571167 2756973 2746856 412201 2334655 1191294 141308 299117 116569 272050 35218 1049986
cat_boundaries=0 1
cat_threshold=2097152
is_linear=0
shrinkage=0.03


Tree=33
num_leaves=15
num_cat=1
split_feature=12 21 5 2 8 6 16 2 6 19 29 7 19 10
split_gain=49965.7 15928.4 9211.83 4299.23 3799 2665.57 11177.8 1653.28 1611.95 1534.83 1345.33 1174.37 1144.36 1072.31
threshold=0.95742753623188415 0.071010511227902542 1.0000000180025095e-35 60.000000000000007 4.5000000000000009 5.5000000000000009 25.500000000000004 99.500000000000014 24.500000000000004 0.065591397849462371 0 4.5000000000000009 0.85268817204301095 1.0000000180025095e-35
decision_type=2 2 2 2 2 2 2 2 2 2 9 2 2 2
left_child=1 8 3 -2 12 6 10 -7 -1 11 -5 13 -3 -9
right_child=2 4 -4 5 -6 7 -8 9 -10 -11 -12 -13 -14 -15
leaf_value=0.041049846155155001 0.025534590941463479 0.016682532698819412 0.042440407762380734 0.029983521590086739 -0.002943710498247445 -0.025871598092562099 -0.026418409673414332 0.020579773909875934 0.011669205417889694 -0.019733879754602481 -0.01965047239664508 -0.0091746045165548434 0.0033734457385464749 0.20422990374907574
leaf_weight=20618.745527112857 2069.6345782727003 29571.300598287955 2395.6020848527551 5390.0337643176317 17405.473310023546 31301.137092456222 10069.692276537418 918.13089734688401 1830.81220395118 29635.268735896796 536.38441000133753 7278.6198766063899 7238.2156453356147 28.555285992100835
leaf_count=92869 9986 210838 11137 30599 272058 1143107 366349 16836 9535 945279 12280 220653 76970 614
internal_value=-0.000375587 0.0174046 -0.015585 -0.0171791 0.00860488 -0.0182175 -0.00718042 -0.02077 0.0386544 -0.0165517 0.0255062 -0.00508564 0.0140656 0.0263289
internal_weight=166288 76664.5 89623.1 87227.5 54215 85157.8 15996.1 69161.7 22449.6 37860.6 5926.42 8225.31 36809.5 946.686
internal_count=3419110 662270 2756840 2745703 559866 2735717 409228 2326489 102404 1183382 42879 238103 287808 17450
cat_boundaries=0 1
cat_threshold=40
is_linear=0
shrinkage=0.03


Tree=34
num_leaves=15
num_cat=3
split_feature=27 27 8 14 5 6 16 1 20 27 15 20 15 19
split_gain=53727.2 14380.2 4143.73 4022.94 3849.33 2639.16 10879 1552.15 1387 1293.73 1248.98 1165.76 1074.93 993.48
threshold=0 1 3.5000000000000004 1.0000000180025095e-35 1.0000000180025095e-35 5.5000000000000009 25.500000000000004 146.00000000000003 501.75431505376349 2 1.0000000180025095e-35 280.10197526881728 1.0000000180025095e-35 0.22956989247311829
decision_type=9 9 2 2 2 2 2 2 2 9 2 2 2 2
left_child=3 11 8 -1 5 6 9 -7 -3 -5 -10 -2 -4 -9
right_child=1 2 12 4 -6 7 -8 13 10 -11 -12 -13 -14 -15
leaf_value=0.039303175589875519 0.04300087667131517 0.028062661010660135 -0.0049430459842650289 0.029000860149460132 0.031213739753931991 -0.025479962123175423 -0.026835324023161904 -0.0087878879697891894 0.0093127319583152443 -0.020247578684266326 0.023246307554802323 0.025866741504074833 0.0081844141037423403 -0.019911605543727638
leaf_weight=1133.8403018862009 15843.969327956438 7310.6725920699537 14369.217127166688 5416.8864548355341 1430.724562048912 34092.142373211682 9732.7548036016524 10598.804614707828 19805.271408036351 521.97798993438482 8182.5092117153108 4622.2925874888897 9211.9952580370009 22723.633758023381
leaf_count=4560 69374 40833 212673 29600 6144 1269840 366550 327284 155213 12757 57186 25675 97773 743356
internal_value=-0.000329949 0.0174551 0.00992079 -0.0168059 -0.017561 -0.0184013 -0.00731126 -0.0209792 0.0164272 0.0246844 0.013387 0.0391135 0.000185323 -0.0163739
internal_weight=164997 79345.9 58879.7 85650.8 84516.9 83086.2 15671.6 67414.6 35298.5 5938.86 27987.8 20466.3 23581.2 33322.4
internal_count=3418818 658727 563678 2760091 2755531 2749387 408907 2340480 253232 42357 212399 95049 310446 1070640
cat_boundaries=0 1 3 4
cat_threshold=3382788883 570429440 9 2147483648
is_linear=0
shrinkage=0.03


Tree=35
num_leaves=15
num_cat=0
split_feature=4 25 5 3 6 6 7 1 19 6 11 9 25 22
split_gain=50755.6 12560.8 9033.3 3997.06 2396.42 6642.94 1884.65 1791.05 1582.43 1322.36 1219.51 1564.43 1118.5 992.527
threshold=1.0000000180025095e-35 1.8526881720430108 1.0000000180025095e-35 85.000000000000014 5.5000000000000009 4.5000000000000009 10.500000000000002 99.500000000000014 0.11451612903225808 7.5000000000000009 36.500000000000007 1.0000000180025095e-35 8.8360215053763458 9986.7076630434804
decision_type=2 2 2 2 2 2 2 2 2 2 2 2 2 2
left_child=1 9 3 4 5 -2 12 -6 10 -1 11 -9 13 -3
right_child=2 6 -4 -5 7 -7 -8 8 -10 -11 -12 -13 -14 -15
leaf_value=0.041807352342057492 -0.024911286075821788 0.01838604957055617 0.035323999671926641 0.022309314376212978 -0.025620503302314652 0.013290853375710034 -0.00011916917314929733 0.031087453145709088 -0.019251190749717501 0.024503816706275678 -0.0077579580224350353 0.31159930819982329 0.0091506082746075357 0.061518675402750626
leaf_weight=16725.479451045394 8909.3454276714474 15141.083906143904 3115.3513976186514 2310.9406887218356 29979.341046698391 7582.1495187804103 11765.022351171821 431.33874295279384 31561.868853347376 5221.0791820064187 9306.8979878015816 17.691341511905193 20940.424835152924 495.09317210689187
leaf_count=74398 341927 87605 14303 12004 1148873 90093 132557 7714 1020781 24508 275782 283 185736 2311
internal_value=-0.000377999 0.0188706 -0.0148923 -0.016629 -0.0176543 -0.00734768 0.0103252 -0.0200381 -0.0159871 0.0376922 -0.00542648 0.0428072 0.0136846 0.0197556
internal_weight=163503 70288.2 93214.9 90099.6 87788.6 16491.5 48341.6 71297.1 41317.8 21946.6 9755.93 449.03 36576.6 15636.2
internal_count=3418875 507115 2911760 2897457 2885453 432020 408209 2453433 1304560 98906 283779 7997 275652 89916
is_linear=0
shrinkage=0.03


Tree=36
num_leaves=15
num_cat=1
split_feature=27 1 2 8 6 16 2 25 21 19 19 6 19 8
split_gain=48639.9 13309.2 3679.82 3613.27 2682.77 10610.9 1976.67 1971.46 1200.23 1161.29 1119.25 1071.32 882.953 698.038
threshold=0 99.500000000000014 60.000000000000007 5.5000000000000009 5.5000000000000009 25.500000000000004 130.00000000000003 5.7870967741935493 0.7814142379359772 0.31129032258064521 0.967204301075269 11.500000000000002 0.91827956989247317 2.5000000000000004
decision_type=9 2 2 2 2 2 2 2 2 2 2 2 2 2
left_child=2 11 -1 7 5 -4 -6 8 10 -8 13 -2 -9 -3
right_child=1 3 4 -5 6 -7 9 12 -10 -11 -12 -13 -14 -15
leaf_value=0.029491725759428513 0.040368372214447903 0.024307757011487793 0.023889016668994633 -0.008393194272465215 -0.025152919424412754 -0.026399079364288657 -0.0074158321087602393 0.010408629979822606 0.058736552088072588 -0.019067543658184631 -0.033895231326901601 0.011023177086601053 -0.0025201487090781446 0.012178152316954433
leaf_weight=1544.0039040893316 17651.325349118561 11457.180829919875 6331.059455126524 8582.457703538239 32592.377329502255 9354.960988746956 12262.19541577436 26887.617424070835 700.62772731110454 20692.623910054564 355.50891233980656 1196.4585953652859 5774.7236159369349 6812.2778961472213
leaf_count=8277 79438 62474 43482 151513 1271797 366663 382644 230794 3519 688167 2398 9176 68155 50911
internal_value=-0.000282376 0.0164888 -0.016373 0.00963984 -0.0172472 -0.00610199 -0.0199142 0.0126169 0.0202117 -0.0147324 0.0187594 0.0385062 0.00812281 0.0197858
internal_weight=162195 79418.2 82777.2 60570.4 81233.2 15686 65547.2 51987.9 19325.6 32954.8 18625 18847.8 32662.3 18269.5
internal_count=3419408 658378 2761030 569764 2752753 410145 2342608 418251 119302 1070811 115783 88614 298949 113385
cat_boundaries=0 1
cat_threshold=3382788883
is_linear=0
shrinkage=0.03


Tree=37
num_leaves=15
num_cat=3
split_feature=27 27 8 14 5 16 16 15 15 25 27 25 13 8
split_gain=46270.3 12851.1 3568.38 3539.5 3452.58 1552.41 6281.65 1551.89 1295.59 1197.44 1141.58 1047.65 910.901 911.776
threshold=0 1 2.5000000000000004 1.0000000180025095e-35 1.0000000180025095e-35 24.500000000000004 25.500000000000004 1.0000000180025095e-35 1.0000000180025095e-35 0.85268817204301095 2 1.7870967741935486 1.5000000000000002 3.5000000000000004
decision_type=9 9 2 2 2 2 2 2 2 2 9 2 2 2
left_child=3 9 8 -1 5 10 12 -4 11 -2 -5 -3 13 -7
right_child=1 2 7 4 -6 6 -8 -9 -10 -11 -12 -13 -14 -15
leaf_value=0.036562412520058304 0.041516613991645232 0.027131767253448735 -0.003990390150795037 -0.012012937161637188 0.02895709681197638 -0.010573026975981689 -0.025544204996308183 0.0096445229047141378 0.027906070471530056 0.025112099443325282 -0.022143996741709328 0.0099998160486450341 -0.0079528171935349876 0.021381400902318264
leaf_weight=1128.6904048472643 14291.428373321891 3901.9279286116362 17403.785778541118 12748.10079132393 1449.2212884277105 959.944685023278 10104.061992105097 13217.538711547852 6919.652466699481 5572.3838755041361 48272.826969958842 18178.141190897673 1853.7054428271949 4918.3201255463064
leaf_count=4570 65125 21550 243052 413239 6146 8913 400709 125133 41663 29796 1844267 132178 34427 47348
internal_value=-0.000278709 0.0160031 0.00903615 -0.0161706 -0.0169142 -0.0177576 -0.00997106 0.00189517 0.0165792 0.0368976 -0.0200333 0.0130284 0.0103805 0.0161622
internal_weight=160920 79484.9 59621 81434.9 80306.2 78857 17836 30621.3 28999.7 19863.8 61020.9 22080.1 7731.97 5878.26
internal_count=3418116 658497 563576 2759619 2755049 2748903 491397 368185 195391 94921 2257506 153728 90688 56261
cat_boundaries=0 1 3 4
cat_threshold=3382788883 570429440 8 1216430083
is_linear=0
shrinkage=0.03


Tree=38
num_leaves=15
num_cat=2
split_feature=27 1 2 5 8 6 16 2 8 15 27 14 15 19
split_gain=43547.8 12363.1 3365.15 3393.75 3192.62 2542.08 9449.06 1518.09 1311.26 1310.17 1161.77 1120.36 1021.01 968.529
threshold=0 99.500000000000014 60.000000000000007 1.0000000180025095e-35 5.5000000000000009 5.5000000000000009 25.500000000000004 130.00000000000003 2.5000000000000004 1.0000000180025095e-35 1 70.785714285714292 1.0000000180025095e-35 0.26236559139784948
decision_type=9 2 2 2 2 2 2 2 2 2 9 2 2 2
left_child=2 11 -1 5 8 6 10 -7 9 -3 -4 -2 -10 -9
right_child=1 4 3 -5 -6 7 -8 13 12 -11 -12 -13 -14 -15
leaf_value=0.027974412581838456 0.040415108674825867 0.012250496670210775 0.025852167761999067 0.028961415904978232 -0.0081474296351269019 -0.025004960841027182 -0.026435517397153607 -0.0083369850444393045 -0.00051925699852383269 0.026977156983504256 -0.021123038218538778 0.021308215031522595 0.012109068444509723 -0.019483359118999483
leaf_weight=1539.380105368793 15073.456098720431 22118.203472964466 5648.7349411249161 1431.0401737689972 8513.7667970024049 31141.944473182783 8843.8484784960747 10731.031223738566 10627.083201278001 7210.1337848268449 511.57716224715114 3386.1470429375768 12585.420157752931 20277.656059207395
leaf_count=8263 69255 153122 29796 6030 151689 1270503 366584 349374 120169 42746 12709 19507 101965 717378
internal_value=-0.000330979 0.0153968 -0.0159388 -0.0168013 0.00889394 -0.0176505 -0.00656708 -0.0203261 0.0116554 0.0158717 0.021956 0.0369116 0.00632783 -0.0156264
internal_weight=159639 79514.2 80125.2 78585.8 61054.6 77154.8 15004.2 62150.6 52540.8 29328.3 6160.31 18459.6 23212.5 31008.7
internal_count=3419090 658453 2760637 2752374 569691 2746344 409089 2337255 418002 195868 42505 88762 222134 1066752
cat_boundaries=0 1 2
cat_threshold=3382788883 2147483648
is_linear=0
shrinkage=0.03


Tree=39
num_leaves=15
num_cat=2
split_feature=4 14 5 14 25 6 16 27 27 8 19 25 21 19
split_gain=41456.4 11033.8 7781.05 2946.15 2479.01 2146.11 8354.54 2016.03 1495.85 1493.51 1414.62 1056.79 1164.9 932.059
threshold=1.0000000180025095e-35 70.785714285714292 1.0000000180025095e-35 1.0000000180025095e-35 5.7870967741935493 5.5000000000000009 25.500000000000004 0 1 3.5000000000000004 0.032795698924731186 0.19677419354838713 0.77597945532728152 0.967204301075269
decision_type=2 2 2 2 2 2 2 9 9 2 2 2 2 2
left_child=1 -1 3 -2 11 6 8 -7 -5 -6 -9 -3 13 -13
right_child=2 4 -4 5 9 7 -8 10 -10 -11 -12 12 -14 -15
leaf_value=0.039713201863897866 0.021525716396655147 0.035188538566824246 0.032049527871269134 0.024815017493385175 0.011116431812391379 -0.022230597917501135 -0.02492988722875128 0.011723421343289776 -0.017299039294484269 -0.0013033850344006108 -0.013656148857696804 0.015588484756179289 0.053146981509553444 -0.033777528802569977
leaf_weight=14942.38812988624 1860.9220522791147 3148.860312782228 3173.0055363625288 5685.7164674028754 21138.997612874955 48222.944604346529 9355.2622262649238 2247.2632826678455 870.56383154168725 14824.76288812235 16367.809402560815 15308.273876905441 733.24451626837254 351.22237882763147
leaf_count=69806 7879 13808 14305 29659 148967 1898512 383122 52179 18982 184997 504910 83286 3798 2386
internal_value=-0.000309915 0.0168312 -0.014066 -0.0157958 0.0106707 -0.0166353 -0.00673284 -0.0189926 0.0192327 0.00599692 -0.0105861 0.0192714 0.0162119 0.0144792
internal_weight=158231 70447.7 87783.5 84610.5 55505.4 82749.6 15911.5 66838 6556.28 35963.8 18615.1 19541.6 16392.7 15659.5
internal_count=3416596 507048 2909548 2895243 437242 2887364 431763 2455601 48641 333964 557089 103278 89470 85672
cat_boundaries=0 1 2
cat_threshold=2703229712 2147483648
is_linear=0
shrinkage=0.03


Tree=40
num_leaves=15
num_cat=3
split_feature=27 1 14 25 19 27 19 14 21 19 27 4 10 19
split_gain=39397.6 11591.2 3110.1 2358.05 1440.43 1224.53 1336.51 1021.41 946.397 945.559 799.221 913.756 702.746 676.256
threshold=0 99.500000000000014 1.0000000180025095e-35 6.0817204301075281 0.91827956989247317 1 0.26236559139784948 70.785714285714292 0.7814142379359772 0.98387096774193561 2 1.0000000180025095e-35 1.0000000180025095e-35 0.048924731182795701
decision_type=9 2 2 2 2 9 2 2 2 2 9 2 2 2
left_child=2 7 -1 8 10 -4 12 -2 9 -3 11 -5 -7 -9
right_child=1 3 5 4 -6 6 -8 13 -10 -11 -12 -13 -14 -15
leaf_value=0.034109538327904636 0.039146122538950633 0.015826369728550529 -0.018191743312200269 0.0056639210554443545 -0.0071673232597373009 0.00010998745183068872 -0.013959980339214991 0.034747543153665794 0.04846779687171477 -0.033798346794815359 0.010407041250884777 -0.014005551589902731 0.032698911612653259 0.0077356491510269043
leaf_weight=1120.6667982488871 14676.795157015324 21023.005237046629 60067.304182251915 7758.866041649133 8259.4574653320014 3471.7541060298681 12093.25743274577 1610.0140484273434 788.28480999171734 350.43898044154048 20392.458764653653 2926.5640676598996 717.83277130499482 1731.348227776587
leaf_count=4584 69360 142703 2235659 68537 115055 111569 396762 7460 4611 2439 169056 67398 11381 11861
internal_value=-0.000257762 0.0145754 -0.0154826 0.00837713 0.00396772 -0.016213 -0.00889591 0.0357374 0.0162034 0.0150112 0.00692717 0.000275711 0.00570016 0.0207577
internal_weight=156988 79517.2 77470.8 61499.1 39337.3 76350.1 16282.8 18018.2 22161.7 21373.4 31077.9 10685.4 4189.59 3341.36
internal_count=3418435 658480 2759955 569799 420046 2755371 519712 88681 149753 145142 304991 135935 122950 19321
cat_boundaries=0 1 2 3
cat_threshold=3382789011 2166358288 68419648
is_linear=0
shrinkage=0.03


Tree=41
num_leaves=15
num_cat=1
split_feature=8 1 29 1 8 6 16 25 5 5 1 10 11 24
split_gain=32937.3 8361.37 5732.48 4023.8 3769.6 3200.28 9976.76 1726.45 1230.27 1212.23 1121.62 1060.55 3109.76 2589.15
threshold=2.5000000000000004 60.000000000000007 0 99.500000000000014 5.5000000000000009 5.5000000000000009 25.500000000000004 0.59032258064516141 1.0000000180025095e-35 1.0000000180025095e-35 130.00000000000003 1.0000000180025095e-35 60.500000000000007 inf
decision_type=2 2 9 2 2 2 2 2 2 2 2 2 2 8
left_child=1 -1 5 11 9 6 -2 -5 -6 -4 -7 -3 13 -13
right_child=2 3 4 7 8 10 -8 -9 -10 -11 -12 12 -14 -15
leaf_value=0.03691064034422905 0.027340210970040316 -0.020883837770841147 0.0035935888497693664 0.03160166128301347 -0.012715926896322059 -0.024630982316087725 -0.027580878771935154 0.011674362831618809 0.022854261762450954 0.032843336266426902 -0.014273343185350364 -0.0038035809226164632 -0.014204798759915812 0.61329738241070386
leaf_weight=16284.919138282537 5319.4849105030298 3690.9462534394115 24633.232801498845 4546.6228241510689 23153.661388313398 26518.556310910732 6756.9133429713547 28061.500912955031 908.60981469601393 1343.8636586070061 14593.051906941459 10.230218812823297 83.389131182804704 14.181569514796136
leaf_count=78103 28215 139367 295553 29128 672441 1145015 291619 220647 3938 6188 504502 335 3206 489
internal_value=-0.000256341 0.0190427 -0.0101075 0.0110496 -0.00281615 -0.0169634 -0.00338864 0.0144538 -0.0113719 0.00510796 -0.0209549 -0.0181677 0.0741664 0.364717
internal_weight=155919 52691.8 103227 36406.9 50039.4 53188 12076.4 32608.1 24062.3 25977.1 41111.6 3798.75 107.801 24.4118
internal_count=3418746 471275 2947471 393172 978120 1969351 319834 249775 676379 301741 1649517 143397 4030 824
cat_boundaries=0 1
cat_threshold=40
is_linear=0
shrinkage=0.03


Tree=42
num_leaves=15
num_cat=3
split_feature=27 19 2 5 8 16 16 27 2 27 4 19 19 13
split_gain=35785.1 10789.7 2970.42 2893.52 2430.77 1440.67 5549.3 1367.55 1347.89 1209.9 1395.44 971.073 915.687 783.154
threshold=0 0.065591397849462371 60.000000000000007 1.0000000180025095e-35 5.5000000000000009 24.500000000000004 25.500000000000004 1 130.00000000000003 2 1.0000000180025095e-35 0.88548387096774206 0.26236559139784948 1.5000000000000002
decision_type=9 2 2 2 2 2 2 9 2 9 2 2 2 2
left_child=2 7 -1 5 9 8 13 -2 -4 -3 11 -11 -10 -7
right_child=1 4 3 -5 -6 6 -8 -9 12 10 -12 -13 -14 -15
leaf_value=0.02622016935621288 0.038046154917995109 0.020512963801112196 -0.023837828348271715 0.025927294559963617 -0.0072988877547803949 0.014872119055079803 -0.025054884908632908 0.018973271898350838 -0.0071205107471112999 0.011488451919975481 -0.010698480609569613 -0.001611217071825389 -0.018485816058775955 -0.0077460712933452181
leaf_weight=1533.0119054913521 14423.92672406137 8297.0463245436549 27555.103021809831 1454.1199754476547 8491.6053647007793 5914.1602497231215 9021.9517626538873 4519.4293740950525 9842.2908060029149 34404.34718156606 3313.9786891154945 5977.6375808268785 18146.004918690771 1795.4177088718861
leaf_count=8310 70253 45099 1236010 6046 152011 56139 399903 30878 336091 228662 66487 64905 683977 34197
internal_value=-0.000276295 0.0137685 -0.0150983 -0.0159598 0.007582 -0.0168029 -0.00908489 0.0335272 -0.0191276 0.0100125 0.00801168 0.00954935 -0.0144895 0.00960444
internal_weight=154690 79428 75262.1 73729 60484.6 72274.9 16731.5 18943.4 55543.4 51993 43696 40382 27988.3 7709.58
internal_count=3418968 658295 2760673 2752363 557164 2746317 490239 101131 2256078 405153 360054 293567 1020068 90336
cat_boundaries=0 1 2 4
cat_threshold=3382788883 570566656 570566656 9
is_linear=0
shrinkage=0.03


Tree=43
num_leaves=15
num_cat=2
split_feature=27 25 5 14 6 16 25 1 19 27 14 19 11 22
split_gain=33857.6 10840.3 2628.05 2477.23 2138 7859.85 1910.29 1710.33 1514.34 1097.01 1045.89 1033.84 1019.69 923.672
threshold=0 0.78709677419354851 1.0000000180025095e-35 1.0000000180025095e-35 5.5000000000000009 25.500000000000004 10.180107526881722 99.500000000000014 0.065591397849462371 1 70.785714285714292 0.91827956989247317 32.500000000000007 9986.7076630434804
decision_type=9 2 2 2 2 2 2 2 2 9 2 2 2 2
left_child=2 -2 3 -1 5 9 10 -6 12 -5 -3 -8 -9 -12
right_child=1 6 -4 4 7 -7 11 8 -10 -11 13 -13 -14 -15
leaf_value=0.019097954344842988 0.035115095283349489 0.030448594925899249 0.025121512946982054 0.023244049195203949 -0.024519728333404964 -0.0252742621100111 0.0058579690753011188 0.046556226749526551 -0.017619841821581439 -0.017979114615196797 0.010483225893562816 -0.00666623839990578 -0.0048625480021925486 0.045641188080551127
leaf_weight=1848.3110876381397 16737.857182234526 2870.2251596525311 1482.9097917824984 5758.8093014508486 25188.992711365223 8168.0944375600666 22373.72588907741 363.6055675894022 26023.967901082709 640.61859985813498 26024.590409755707 8071.0426189098507 7233.8853393960744 689.4825827460736
leaf_count=7845 85792 13235 6156 29557 1149238 371111 224838 5644 976703 14810 184967 111329 233860 3585
internal_value=-0.00031971 0.0137646 -0.0144145 -0.0151961 -0.0160602 -0.00577064 0.00781328 -0.0186088 -0.0141798 0.0191234 0.0132421 0.00253764 -0.00239591 0.0113923
internal_weight=153476 76766.9 76709.2 75226.3 73378 14567.5 60029.1 58810.5 33621.5 6399.43 29584.3 30444.8 7597.49 26714.1
internal_count=3418670 623746 2794924 2788768 2780923 415478 537954 2365445 1216207 44367 201787 336167 239504 188552
cat_boundaries=0 1 2
cat_threshold=3383837459 2147483648
is_linear=0
shrinkage=0.03


Tree=44
num_leaves=15
num_cat=2
split_feature=27 1 2 5 8 27 25 15 21 18 25 19 0 5
split_gain=32010.9 10338.8 2752.79 2578.24 2390.03 1298.15 1038.62 1024.22 908.284 827.352 792.994 638.867 633.94 593.432
threshold=0 99.500000000000014 60.000000000000007 1.0000000180025095e-35 3.5000000000000004 1 1.2456989247311829 1.0000000180025095e-35 0.87977783086478756 1692.5000000000002 1.7870967741935486 0.62311827956989252 187.50000000000003 1.0000000180025095e-35
decision_type=9 2 2 2 2 9 2 2 2 8 2 2 2 2
left_child=2 6 -1 -4 7 9 -2 10 -7 13 -3 -5 -12 -6
right_child=1 4 3 11 5 8 -8 -9 -10 -11 12 -13 -14 -15
leaf_value=0.02520275757783795 0.037418363982848604 0.020381870020102728 -0.016398054242743904 0.040927636133965967 -0.012516048007290835 0.00082796183352755947 0.019613504660639519 0.019193274912667316 -0.014075551364607416 0.040622565643311008 0.003106057872428888 0.00029683134582641991 0.014666464689482168 0.033953555532815677
leaf_weight=1520.7556813582778 13325.041910350323 4264.2241219431162 69675.947698822245 844.47368286550045 711.75416820496321 17898.330018732697 3791.2928248569369 11889.377484865487 4631.9541417174041 1084.4151327237487 15805.574003972113 592.30343502759933 5848.4522696360946 377.77544606477022
leaf_count=8280 67480 24442 2737032 3453 6017 224535 21275 72548 83885 5275 120157 2478 39244 1823
internal_value=-0.000320101 0.0128165 -0.0147215 -0.0155777 0.00716135 -9.54926e-05 0.0334759 0.011903 -0.00223552 0.0219833 0.00855812 0.0241897 0.0062289 0.00361284
internal_weight=152262 79628.2 72633.5 71112.7 62511.9 24704.2 17116.3 37807.6 22530.3 2173.94 25918.3 1436.78 21654 1089.53
internal_count=3417924 666681 2751243 2742963 577926 321535 88755 256391 308420 13115 183843 5931 159401 7840
cat_boundaries=0 1 2
cat_threshold=3382723347 537001984
is_linear=0
shrinkage=0.03


Tree=45
num_leaves=15
num_cat=1
split_feature=4 22 5 2 6 16 2 8 20 27 15 6 7 15
split_gain=30565.5 9302.02 6275.04 2492.62 2000.61 7280.93 1811.1 1737.47 1506.23 1327.53 1111.56 928.587 864.157 698.107
threshold=1.0000000180025095e-35 84.755777173913046 1.0000000180025095e-35 60.000000000000007 5.5000000000000009 25.500000000000004 99.500000000000014 2.5000000000000004 400.70235000000008 0 1.0000000180025095e-35 6.5000000000000009 12.500000000000002 1.0000000180025095e-35
decision_type=2 2 2 2 2 2 2 2 2 9 2 2 2 2
left_child=1 -1 3 -2 5 9 -6 11 12 -5 -9 -3 -8 -13
right_child=2 7 -4 4 6 -7 8 10 -10 -11 -12 13 -14 -15
leaf_value=0.035544986374068534 0.016090461402682815 0.022845437242990745 0.028057276839088711 0.022937160437510287 -0.024237446345499299 -0.024319273473686516 0.011053994145262662 -0.0024969360885948111 -0.017372724427470908 -0.017658319257768708 0.0096537047248081691 0.0075448388239683535 -0.0090077487565438808 0.020492353356964744
leaf_weight=14596.185337752104 2322.1574051082134 7540.1245821900666 3244.7975008189678 5782.6678181886673 24229.072038384154 8300.2587497234344 2640.9445620849729 14409.530705846846 26430.584009505808 823.00035882741213 12789.447737857699 16059.27017249167 7194.6670417543501 4888.9500830247998
leaf_count=73464 11967 42975 14345 29579 1149411 383797 64559 165466 987324 18954 100896 98331 251472 26206
internal_value=-0.000246845 0.014228 -0.0128116 -0.0145181 -0.015461 -0.005616 -0.0178867 0.00864009 -0.0136432 0.0178855 0.00321666 0.0138178 -0.00362043 0.0105674
internal_weight=151252 70283.5 80968.1 77723.4 75401.2 14905.9 60495.3 55687.3 36266.2 6605.67 27199 28488.3 9835.61 20948.2
internal_count=3418746 507338 2911408 2897063 2885096 432330 2452766 433874 1303355 48533 266362 167512 316031 124537
cat_boundaries=0 1
cat_threshold=2147483648
is_linear=0
shrinkage=0.03


Tree=46
num_leaves=15
num_cat=3
split_feature=27 1 3 5 8 6 16 2 25 20 19 27 27 4
split_gain=29293.5 9570.36 2499.25 2381.03 2243.06 2227.69 7444.95 1494.86 1249.11 1044.48 973.63 813.935 680.817 640.483
threshold=0 99.500000000000014 85.000000000000014 1.0000000180025095e-35 5.5000000000000009 5.5000000000000009 25.500000000000004 130.00000000000003 4.6231182795698933 127.48022580645163 0.31129032258064521 1 2 1.0000000180025095e-35
decision_type=9 2 2 2 2 2 2 2 2 2 2 9 9 2
left_child=2 9 3 5 8 6 11 -7 -3 -2 -9 -1 13 -10
right_child=1 4 -4 -5 -6 7 -8 10 12 -11 -12 -13 -14 -15
leaf_value=0.021837440766687439 0.0372967399997979 0.015842422937172144 0.023686533511612588 0.022629053266310456 -0.007440815011609217 -0.023793341186001959 -0.025536943389221221 -0.0066747848989247042 0.0038568069130576637 0.020791058541201994 -0.018266178057941555 -0.019453792780794833 0.0094459377249750658 -0.012978112130359678
leaf_weight=5839.8991191089153 11806.546174779534 17174.456880787387 1525.9938135296106 1471.1272516399622 8476.0373666919768 26352.216213429347 7400.6670227497816 10617.601938538253 12856.037372160703 4881.7923698313534 16912.303433138877 457.78072027862072 21925.904212664813 2415.1099568959326
leaf_count=29564 62053 100628 8315 6040 157931 1270351 364814 379596 98901 26752 680302 12502 167219 53563
internal_value=-0.000208926 0.0122742 -0.0142762 -0.0151175 0.00691297 -0.0159395 -0.00513651 -0.0186858 0.00915069 0.0324699 -0.0137961 0.0188371 0.00606067 0.00119293
internal_weight=150113 79535.9 70577.6 69051.6 62847.5 67580.5 13698.3 53882.1 54371.5 16688.3 27529.9 6297.68 37197.1 15271.1
internal_count=3418531 667047 2751484 2743169 578242 2737129 406880 2330249 420311 88805 1059898 42066 319683 152464
cat_boundaries=0 1 2 4
cat_threshold=3382723475 2147483648 72679424 2
is_linear=0
shrinkage=0.03


Tree=47
num_leaves=15
num_cat=1
split_feature=4 14 5 2 6 16 25 2 25 29 24 11 9 21
split_gain=27660.3 8830.75 5617.11 2339.09 1891.83 6640.53 1773.09 1751.75 1486.53 1092.08 966.222 938.207 1097.26 920.514
threshold=1.0000000180025095e-35 49.583333333333336 1.0000000180025095e-35 60.000000000000007 5.5000000000000009 25.500000000000004 8.6064516129032267 99.500000000000014 0.54086021505376347 0 0.9869273804506663 25.500000000000004 1.0000000180025095e-35 0.84698996655518399
decision_type=2 2 2 2 2 2 2 2 2 9 8 2 2 2
left_child=1 -1 3 -2 5 9 10 -6 11 -5 -3 12 -9 -8
right_child=2 6 -4 4 7 -7 13 8 -10 -11 -12 -13 -14 -15
leaf_value=0.035646911916912445 0.015428769737616622 0.012442878811088959 0.026089593521554138 0.020684563606011258 -0.023912754162553968 -0.024026074393657185 0.0065076292217322177 0.032948209337524827 -0.016502715286261405 -0.018729291298116454 0.034967557402875701 -0.0038714667870514124 0.26258359585805741 -0.0053287611999249095
leaf_weight=13091.435404390097 2332.7418202534318 24691.034961499274 3257.7918795645237 5995.7539763897657 23135.678030017763 7915.6040818039328 22602.409593701363 341.81455451250076 27816.95809212327 700.81552180275321 1841.2595315873623 7205.7263627126813 18.85343774408102 8007.6393682733178
leaf_count=68766 11995 138382 14321 31070 1149148 383207 189170 4827 1062441 17534 8869 236243 218 102250
internal_value=-0.000263201 0.0134233 -0.012474 -0.0141391 -0.0150825 -0.0054259 0.00833129 -0.0174936 -0.0132958 0.0165605 0.0140073 -0.00150544 0.0456449 0.00341114
internal_weight=148956 70233.8 78721.7 75463.9 73131.2 14612.2 57142.3 58519 35383.4 6696.57 26532.3 7566.39 360.668 30610
internal_count=3418441 507437 2911004 2896683 2884688 431811 438671 2452877 1303729 48604 147251 241288 5045 291420
cat_boundaries=0 1
cat_threshold=40
is_linear=0
shrinkage=0.03


Tree=48
num_leaves=15
num_cat=0
split_feature=4 14 5 14 6 16 1 8 20 15 15 7 14 8
split_gain=26051.5 8727.95 5268.91 2030.21 1807.56 6319.06 1801.56 1765.23 1423.39 1210.53 984.43 815.328 790.821 687.929
threshold=1.0000000180025095e-35 49.583333333333336 1.0000000180025095e-35 1.0000000180025095e-35 5.5000000000000009 25.500000000000004 99.500000000000014 2.5000000000000004 451.35536989247311 1.0000000180025095e-35 1.0000000180025095e-35 14.500000000000002 139.68857758620692 3.5000000000000004
decision_type=2 2 2 2 2 2 2 2 2 2 2 2 2 2
left_child=1 -1 3 -2 5 12 -6 9 11 -3 -9 -8 13 -5
right_child=2 7 -4 4 6 -7 8 10 -10 -11 -12 -13 -14 -15
leaf_value=0.03520298981835019 0.017047578553605183 0.009079801969019639 0.024992102483024008 -0.0022439542537606404 -0.023749831225368234 -0.02369214970643482 0.0093045867534787812 -0.002964025277594201 -0.01671750010166563 0.022446739675051577 0.0083536867499625442 -0.0091055286913263814 -0.0040391565827401473 0.026205848562121149
leaf_weight=12876.447128724307 1850.7232633382082 20958.261626634747 3259.2638426572084 925.57161736860871 22611.862476704642 7792.1619804278016 3135.549422102049 14508.069029722363 25256.224882259965 8600.0805311389267 13217.67710262537 6989.0592640321702 1404.2872257996351 4402.5258926413953
leaf_count=68795 7884 125827 14276 5443 1149342 383896 77993 165695 979487 45009 102009 250278 21598 21504
internal_value=-0.000362563 0.0128862 -0.012337 -0.0139733 -0.0147652 -0.00530059 -0.0171355 0.00786927 -0.0129078 0.0129696 0.00243157 -0.00340364 0.0159864 0.0212642
internal_weight=147788 70160.5 77627.2 74368 72517.2 14524.5 57992.7 57284.1 35380.8 29558.3 27725.7 10124.6 6732.38 5328.1
internal_count=3419036 507335 2911701 2897425 2889541 432441 2457100 438540 1307758 170836 267704 328271 48545 26947
is_linear=0
shrinkage=0.03


Tree=49
num_leaves=15
num_cat=2
split_feature=27 14 2 5 25 6 16 2 19 8 25 27 11 9
split_gain=24886 9089.92 2005.14 1999.06 1963.83 1899.22 6352.64 1576.73 1396.84 1211.18 955.481 808.673 783.292 812.721
threshold=0 49.583333333333336 60.000000000000007 1.0000000180025095e-35 5.7870967741935493 5.5000000000000009 25.500000000000004 99.500000000000014 0.065591397849462371 4.5000000000000009 0.065591397849462371 1 32.500000000000007 1.0000000180025095e-35
decision_type=9 2 2 2 2 2 2 2 2 2 2 9 2 2
left_child=2 -2 -1 5 10 6 11 -7 12 -6 -3 -4 13 -9
right_child=1 4 3 -5 9 7 -8 8 -10 -11 -12 -13 -14 -15
leaf_value=0.01384959025372035 0.03480143314738781 0.029854549491574033 0.019628211590189373 0.020484864565167866 0.0064782887176831824 -0.023579025535084782 -0.024587001945870084 0.028917979484130871 -0.016650811168150915 -0.0046796163281168195 0.011685365245221282 -0.017614501775454761 -0.0039101757475340695 0.21117560280609726
leaf_weight=2386.2462947890162 12648.678560771048 3010.0526203196496 5977.7949534133077 1468.4780402034521 28945.786319328472 22112.858757520095 7091.49391082488 358.90983263030648 23247.252717623487 12551.525125108659 19344.7934456449 568.99246395006776 6902.9742874037474 22.509819138795137
leaf_count=12282 68776 16700 29561 5998 222124 1149713 369246 5324 967619 203254 121005 14292 232724 228
internal_value=-0.000266412 0.0115664 -0.0131725 -0.0141264 0.00696506 -0.0148935 -0.00491596 -0.0174782 -0.013059 0.00310337 0.014133 0.0163923 -0.00159541 0.0401982
internal_weight=146638 76500.8 70137.5 67751.3 63852.2 66282.8 13638.3 52644.5 30531.6 41497.3 22354.8 6546.79 7284.39 381.42
internal_count=3418846 631859 2786987 2774705 563083 2768707 413099 2355608 1205895 425378 137705 43853 238276 5552
cat_boundaries=0 1 2
cat_threshold=3383804819 2147483648
is_linear=0
shrinkage=0.03


Tree=50
num_leaves=15
num_cat=3
split_feature=4 25 5 3 6 16 27 8 20 27 6 15 28 25
split_gain=23674.6 8145.4 4764.1 2001.61 1767.77 5863.86 1803.47 1397.08 1039.64 959.104 886.925 822.084 623.929 595
threshold=1.0000000180025095e-35 0.72150537634408607 1.0000000180025095e-35 85.000000000000014 5.5000000000000009 25.500000000000004 0 2.5000000000000004 979.25781666666683 1 7.5000000000000009 1.0000000180025095e-35 2 11.49193548387097
decision_type=2 2 2 2 2 2 9 2 2 9 2 2 9 2
left_child=1 -1 3 4 5 9 -6 10 -8 -2 12 -9 -3 -4
right_child=2 7 13 -5 6 -7 8 11 -10 -11 -12 -13 -14 -15
leaf_value=0.032587736003106126 0.019153020719980048 0.029584376702235043 0.034197374081349208 0.013712326986999607 -0.020308669226467006 -0.023455132528157552 0.0027010522810280669 -0.0027410538904205626 -0.013582803657288083 -0.016134159860366006 0.0082357023207254541 0.0077823260489956062 0.013147038186982866 0.0081764195761924625
leaf_weight=14193.463526114821 6025.6894380822778 3453.934402551502 1925.36528429389 2350.5116875246167 39420.134930396453 7403.4885962884873 5158.061736298725 14225.088307332247 11167.40532893315 777.07167137600482 20267.119433354586 12596.392593432218 5373.1383324638009 1343.099852502346
leaf_count=76084 29601 18768 8109 12038 1899058 383277 142913 164518 410543 18858 118068 98612 31818 6159
internal_value=-0.000263519 0.0122924 -0.011912 -0.0135136 -0.0144286 -0.00498107 -0.0168361 0.00714023 -0.00843287 0.0151249 0.0116932 0.00220123 0.0196298 0.0235104
internal_weight=145680 70109.1 75570.8 72302.4 69951.9 14206.2 55745.6 55915.7 16325.5 6802.76 29094.2 26821.5 8827.07 3268.47
internal_count=3418424 507868 2910556 2896288 2884250 431736 2452514 431784 553456 48459 168654 263130 50586 14268
cat_boundaries=0 1 2 3
cat_threshold=2703229712 2147483648 1048577
is_linear=0
shrinkage=0.03


Tree=51
num_leaves=15
num_cat=1
split_feature=27 1 14 6 16 1 8 25 20 25 21 5 20 14
split_gain=22574.8 8270.83 2117.01 1878.37 6128.38 1910.64 1666.47 1111.56 1021.5 1003.85 934.05 867.361 760.897 559.442
threshold=0 99.500000000000014 1.0000000180025095e-35 5.5000000000000009 25.500000000000004 130.00000000000003 5.5000000000000009 0.85268817204301095 1001.782547311828 6.1801075268817209 0.7814142379359772 1.0000000180025095e-35 10024.909364516132 70.785714285714292
decision_type=9 2 2 2 2 2 2 2 2 2 2 2 2 2
left_child=2 7 -1 4 -4 -5 9 -2 11 10 12 -7 -3 -9
right_child=1 6 3 5 -6 8 -8 13 -10 -11 -12 -13 -14 -15
leaf_value=0.028202802400410436 0.035175836159813102 0.012328315171564158 0.015998004204309548 -0.022798094037897544 -0.024356979348152032 -0.0053537853768246824 -0.0067286716651960184 0.02600592734018262 -0.015725420952246518 0.0044511065099742926 0.045774398468351574 0.043457665122795155 -0.031913296191460605 0.0038937523691378335
leaf_weight=1090.6146954223514 11230.038020908833 20299.140608243644 6833.2990493811667 23701.660144018009 6713.1347757689655 10083.993612919003 8321.1485370639712 2596.0324656367302 16792.309712776914 33762.012963389978 743.41186066530645 337.64967784285545 355.07647500000894 1707.0144631825387
leaf_count=4670 64332 120384 43367 1270462 365446 374453 157755 12884 692426 294052 3683 1352 2345 11540
internal_value=-0.0002119 0.0105854 -0.013226 -0.0139294 -0.00400082 -0.0165709 0.00578534 0.0302078 -0.0111467 0.00767324 0.0127568 -0.00376833 0.0115662 0.017237
internal_weight=144567 79013.9 65552.7 64462 13546.4 50915.6 63480.8 15533.1 27214 55159.6 21397.6 10421.6 20654.2 4303.05
internal_count=3419151 666975 2752176 2747506 408813 2338693 578219 88756 1068231 420464 126412 375805 122729 24424
cat_boundaries=0 1
cat_threshold=3382756243
is_linear=0
shrinkage=0.03


Tree=52
num_leaves=15
num_cat=4
split_feature=27 22 14 5 8 27 16 16 1 27 27 21 19 16
split_gain=21486.5 7977.64 2040.57 1785.6 1613.73 1044.89 998.748 3818.12 1366.96 941.604 848.524 926.371 830.189 694.375
threshold=0 76.604131808409008 1.0000000180025095e-35 1.0000000180025095e-35 3.5000000000000004 1 24.500000000000004 25.500000000000004 130.00000000000003 2 3 0.85248447204968947 0.37688172043010754 9.5000000000000018
decision_type=9 2 2 2 2 9 2 2 2 9 9 2 2 2
left_child=2 5 -1 6 9 -2 8 -8 -4 -3 13 -12 -10 -6
right_child=1 4 3 -5 10 -7 7 -9 12 -11 11 -13 -14 -15
leaf_value=0.028142225208261543 0.034403617831090562 0.0042986471413551221 -0.022110732603861767 0.018887547032001895 -0.0076147929443698206 0.015013640660249053 0.0067299117288416432 -0.023442199086908005 -0.0056330707340552571 0.013688599663342132 0.0014131775657025101 -0.012762094173236174 -0.016715235231785988 0.029442929128371934
leaf_weight=1061.5692805796862 11479.652204945683 17404.070774262771 22232.173703979701 1470.2446592748165 659.64188311621547 3269.4717851970345 7813.1134813372046 7301.2442206274718 10834.476584581658 21545.236908147112 17633.850346066058 5424.8459624648094 13877.78632587567 1463.8757770135999
leaf_count=4577 66585 130206 1233312 5996 4639 22735 90266 399518 410695 123825 211409 99148 607298 8143
internal_value=-0.000259518 0.0102455 -0.0130882 -0.0137796 0.00567125 0.0301402 -0.0145538 -0.00784582 -0.0167134 0.00949764 -0.000247165 -0.00192131 -0.011857 0.0178493
internal_weight=143471 78880.6 64590.6 63529 64131.5 14749.1 62058.8 15114.4 46944.4 38949.3 25182.2 23058.7 24712.3 2123.52
internal_count=3418352 666690 2751662 2747085 577370 89320 2741089 489784 2251305 254031 323339 310557 1017993 12782
cat_boundaries=0 1 2 3 4
cat_threshold=3382723475 574750720 72777728 537001984
is_linear=0
shrinkage=0.03


Tree=53
num_leaves=15
num_cat=3
split_feature=27 14 3 6 16 27 25 25 8 25 22 1 25 27
split_gain=20312.7 8228.53 1737.57 1806.75 5639.5 2028.76 1697.57 1063.04 994.702 859.725 822.774 612.137 576.499 494.73
threshold=0 49.583333333333336 85.000000000000014 5.5000000000000009 25.500000000000004 1 5.7870967741935493 1.0489247311827958 4.5000000000000009 0.065591397849462371 9986.7076630434804 146.00000000000003 0.13118279569892474 2
decision_type=9 2 2 2 2 9 2 2 2 2 2 2 2 9
left_child=2 -2 3 4 -1 11 9 -7 -8 -3 -11 -5 -13 -4
right_child=1 6 13 5 -6 7 8 -9 -10 10 -12 12 -14 -15
leaf_value=0.015061709728495007 0.033289876287566932 0.027862151919926689 0.027415154372058458 -0.022602157184597169 -0.023634129917824494 0.010382798108018657 0.0055097882172689024 -0.010289258768834719 -0.0046192891642717138 0.0093509214855324839 0.044898796813598471 -0.0048237199251208564 -0.018322157658925056 -0.00015119983351518808
leaf_weight=7026.4215863794088 11843.780569832772 2932.6259551811963 1105.6460914462805 22696.122379384935 6547.116032756865 2853.188922567293 29353.56068104133 10385.339739795774 12415.476615015417 19007.13160347566 603.72970375977457 3886.4848445933312 10660.60290418379 1242.3736216574907
leaf_count=45347 68866 16800 4948 1269986 369186 69437 221675 393914 203108 118628 2790 143494 483387 7158
internal_value=-0.00026303 0.0103105 -0.0123893 -0.0133203 -0.00360337 -0.0159328 0.00607982 -0.00582913 0.00249897 0.0127141 0.0104475 -0.0195172 -0.0147164 0.0129516
internal_weight=142560 76156.3 66403.3 64055.3 13573.5 50481.7 64312.5 13238.5 41769 22543.5 19610.9 37243.2 14547.1 2348.02
internal_count=3418724 631867 2786857 2774751 414533 2360218 563001 463351 424783 138218 121418 1896867 626881 12106
cat_boundaries=0 1 2 3
cat_threshold=3383804691 2166358288 2147483648
is_linear=0
shrinkage=0.03


Tree=54
num_leaves=15
num_cat=2
split_feature=4 14 27 14 6 16 25 19 2 25 27 16 19 8
split_gain=19230.5 7371.55 2206.76 2107.8 2123.38 5690.68 1281.52 1261.99 1017.47 931.735 762.374 751.087 886.602 675.64
threshold=1.0000000180025095e-35 70.785714285714292 0 1.0000000180025095e-35 5.5000000000000009 25.500000000000004 15.376881720430109 0.37688172043010754 146.00000000000003 0.065591397849462371 1 11.500000000000002 0.98387096774193561 3.5000000000000004
decision_type=2 2 9 2 2 2 2 2 2 2 9 2 2 2
left_child=1 -1 3 -2 5 -5 9 -4 -6 -3 -9 -11 13 -13
right_child=2 6 7 4 8 -7 -8 10 -10 11 -12 12 -14 -15
leaf_value=0.032565990226070735 0.028971504062950501 0.028171583657594784 0.0090134988917172938 0.015107728248479954 -0.022202686544660205 -0.024959573279790565 0.00042081022733325306 0.016062277232309147 -0.012992306150679322 0.0025594679296099981 -0.011846809513973504 0.014090327721654678 0.045374933485759252 0.0027616810845665861
leaf_weight=11857.803578071296 1018.4154087901115 2338.3014423549175 6571.3579522054642 6750.6618072539568 22267.932007828727 6047.098180828616 19841.866104591638 991.29477760195732 20962.854128647596 12117.40264705196 7397.0557857956737 16046.064317826182 684.53768237307668 6723.9727853946388
leaf_count=70075 4470 11599 143297 39749 1270126 343097 203639 5320 836063 76923 269928 84012 3582 57494
internal_value=-0.000221683 0.011022 -0.0110911 -0.0137793 -0.0145594 -0.00382503 0.006598 -0.000829804 -0.0177369 0.00983099 -0.0085421 0.00862462 0.0117578 0.0107453
internal_weight=141617 69609.9 72006.7 57047 56028.5 12797.8 57752.1 14959.7 43230.8 37910.3 8388.35 35572 23454.6 22770
internal_count=3419374 507324 2912050 2493505 2489035 382846 437249 418545 2106189 233610 275248 222011 145088 141506
cat_boundaries=0 1 2
cat_threshold=2367947537 536875008
is_linear=0
shrinkage=0.03


Tree=55
num_leaves=15
num_cat=2
split_feature=27 14 3 6 16 27 25 8 19 15 7 1 2 19
split_gain=18411.5 7684.14 1565.37 1643.48 5113.5 1923.58 1522.85 1220.16 981.013 694.666 857.204 623.267 596.841 597.676
threshold=0 70.785714285714292 85.000000000000014 5.5000000000000009 25.500000000000004 1 0.19677419354838713 5.5000000000000009 0.16397849462365593 1.0000000180025095e-35 2.5000000000000004 299.00000000000006 146.00000000000003 0.065591397849462371
decision_type=9 2 2 2 2 9 2 2 2 2 2 2 2 2
left_child=2 -2 3 4 -1 12 -3 9 -7 10 11 -8 -5 -14
right_child=1 6 -4 5 -6 8 7 -9 -10 -11 -12 -13 13 -15
leaf_value=0.013929505619295313 0.03224202811271467 0.025326780024804773 0.012180599075660919 -0.022133468612604585 -0.023257115336998629 0.0081891328099794446 0.0040567582787508173 -0.0061803524262195103 -0.010469813878413125 0.010585112202517085 -0.0018164898435836976 0.016138974002826625 -0.0049302490335790955 -0.018293367344711618
leaf_weight=7078.0793247036636 11626.667052827775 3383.3875495307148 2325.7505749836564 21744.052279861644 6279.7841387474909 3443.8051975145936 11650.343938007951 8112.4137699175626 9612.3872400224209 20790.242646483704 14605.307933775708 5733.4575323238969 4329.9041738752276 9904.6226899959147
leaf_count=45226 69988 19564 12068 1270248 369936 86948 73314 150361 374235 142220 141738 34642 162753 466469
internal_value=-0.000224612 0.0097985 -0.0119794 -0.0128821 -0.00355306 -0.0154233 0.0057398 0.00465107 -0.00554369 0.00631599 0.00354118 0.00804237 -0.0190014 -0.0142292
internal_weight=140620 75901.8 64718.4 62392.6 13357.9 49034.8 64275.2 60891.8 13056.2 52779.4 31989.1 17383.8 35978.6 14234.5
internal_count=3419710 631827 2787883 2775815 415162 2360653 561839 542275 461183 391914 249694 107956 1899470 629222
cat_boundaries=0 1 2
cat_threshold=3383804819 2166358800
is_linear=0
shrinkage=0.03


Tree=56
num_leaves=15
num_cat=2
split_feature=27 22 5 3 6 16 1 8 20 15 6 29 7 25
split_gain=17438 7512.55 1466.87 1532.35 1548.27 4714.55 1466.33 1348.83 1239.35 944.087 783.723 684.945 658.454 519.755
threshold=0 60.533119565217397 1.0000000180025095e-35 85.000000000000014 5.5000000000000009 25.500000000000004 99.500000000000014 2.5000000000000004 23.422691397849466 1.0000000180025095e-35 7.5000000000000009 1 13.500000000000002 6.4752688172043014
decision_type=9 2 2 2 2 2 2 2 2 2 2 9 2 2
left_child=2 -2 3 4 5 11 -6 10 12 -9 -3 -1 -8 -4
right_child=1 7 13 -5 6 -7 8 9 -10 -11 -12 -13 -14 -15
leaf_value=0.015591803102410429 0.031473174358339379 0.017146413746939679 0.03854206895488059 0.011563458635756491 -0.022369463785208987 -0.023447200718256952 0.015614299922070933 -0.0037380431455005456 -0.014910846883389121 0.0065094807219620862 0.0067770649097352465 -0.020500742049408507 -0.0059861541814555152 0.0026348854033286409
leaf_weight=6312.0500030480325 11797.967086404562 9309.7976703830063 620.56281733512878 2292.2707209512591 19044.002184476703 6062.7789218723774 1794.6300634834915 17043.884739233181 22043.485248344019 15402.297961318865 22213.052584882826 503.63433843664825 4338.8339106496423 871.90546081960201
leaf_count=30721 72610 56370 2527 11942 1149089 369530 43233 236197 1001349 131610 134946 13341 162241 3592
internal_value=-0.000257353 0.00947632 -0.0118012 -0.0125062 -0.0134244 -0.00420369 -0.015939 0.00542044 -0.0115922 0.00112654 0.00983994 0.012915 0.000335578 0.0175808
internal_weight=139651 75767 63884.2 62391.7 60099.4 12878.5 47221 63969 28176.9 32446.2 31522.9 6815.68 6133.46 1492.47
internal_count=3419298 631733 2787565 2781446 2769504 413592 2355912 559123 1206823 367807 191316 44062 205474 6119
cat_boundaries=0 1 2
cat_threshold=3383772051 40
is_linear=0
shrinkage=0.03


Tree=57
num_leaves=15
num_cat=1
split_feature=27 14 5 3 6 16 2 25 19 19 21 24 19 7
split_gain=16411.4 7252.28 1483.27 1474.74 1504.35 4524.55 1455.05 1400.77 1201.3 1025.23 772.486 851.983 767.039 689.558
threshold=0 49.583333333333336 1.0000000180025095e-35 85.000000000000014 5.5000000000000009 25.500000000000004 99.500000000000014 4.6231182795698933 0.098387096774193564 0.88548387096774206 0.7814142379359772 0.96154400035448429 0.95107526881720439 14.500000000000002
decision_type=9 2 2 2 2 2 2 2 2 2 2 8 2 2
left_child=2 -2 3 4 5 -1 -6 10 13 -9 11 12 -3 -8
right_child=1 7 -4 -5 6 -7 8 9 -10 -11 -12 -13 -14 -15
leaf_value=0.012535890001755602 0.031656677639352822 0.0096917288141943874 0.017853179868491244 0.011230643428362488 -0.022146816883890776 -0.023258640180743851 0.012507646737750231 0.0049478544717466676 -0.015180623485803691 -0.0057608932622205886 0.043422594683702041 0.029165876213399843 -0.034489082050201007 -0.0070953361844951967
leaf_weight=6860.7821695748717 11044.829021282494 15974.316193647683 1509.0494964122772 2317.4253562018275 18664.327308567241 5919.4927924247459 2297.4332373570651 35140.204557450488 20136.988439209759 10434.574213746935 685.61172007583082 2064.2893680687994 360.71290130726993 5430.2672965619713
leaf_count=44020 68866 96154 6190 12028 1149768 368861 58829 307079 941664 142382 3376 11967 2395 206073
internal_value=-0.000228517 0.0091901 -0.0115217 -0.0122432 -0.0131606 -0.00404373 -0.0156646 0.00535347 -0.011322 0.00249596 0.0121767 0.0110101 0.00871407 -0.00126654
internal_weight=138840 75704.5 63135.8 61626.7 59309.3 12780.3 46529 64659.7 27864.7 45574.8 19084.9 18399.3 16335 7727.7
internal_count=3419652 632219 2787433 2781243 2769215 412881 2356334 563353 1206566 449461 113892 110516 98549 264902
cat_boundaries=0 1
cat_threshold=3383804691
is_linear=0
shrinkage=0.03


Tree=58
num_leaves=15
num_cat=2
split_feature=4 14 5 2 25 25 25 27 16 20 8 11 27 16
split_gain=15733.7 6642.66 3951.16 1398.67 1135.67 869.453 800.412 1063.46 623.235 827.909 603.738 577.789 560.269 804.484
threshold=1.0000000180025095e-35 49.583333333333336 1.0000000180025095e-35 60.000000000000007 18.524731182795701 0.065591397849462371 0.24569892473118282 0 11.500000000000002 12656.762125806452 3.5000000000000004 32.500000000000007 1 24.500000000000004
decision_type=2 2 2 2 2 2 2 9 2 2 2 2 9 2
left_child=1 -1 3 -2 5 -3 7 11 -7 10 -10 -5 -8 -14
right_child=2 4 -4 6 -6 8 12 -9 9 -11 -12 -13 13 -15
leaf_value=0.03141012265667071 0.010854258860363637 0.026390917436772098 0.021751759413786452 0.047262001753753689 -0.00085940979498853041 0.0020778136249077319 -0.0092773635687520336 -0.010299704463632242 0.012228035699393189 0.043478620119803357 0.0022414546882971766 0.0051991689711900022 -0.01976093182327102 -0.0090441466013978372
leaf_weight=10865.840519160032 2322.4274734705687 2302.1446880027652 3275.8749307692051 345.51989406533539 16298.794153179973 13112.442960973829 11448.385538332164 16249.396718466654 18152.711523551494 650.31017627939582 7785.2765816450119 1938.1693811034784 24609.495419323444 8478.7722741318867
leaf_count=69016 12047 11908 14311 3299 171172 86256 432562 775766 96438 3158 69306 46382 1340748 286202
internal_value=-0.000223074 0.00987595 -0.0103956 -0.0120063 0.0058621 0.00847027 -0.0128483 -0.00760858 0.00743046 0.01007 0.00923077 0.0115307 -0.0150284 -0.01701
internal_weight=137836 69167.5 68668 65392.2 58301.7 42002.9 63069.7 18533.1 39700.7 26588.3 25938 2283.69 44536.7 33088.3
internal_count=3418571 507254 2911317 2897006 438238 267066 2884959 825447 255158 168902 165744 49681 2059512 1626950
cat_boundaries=0 1 2
cat_threshold=1276198976 1149321283
is_linear=0
shrinkage=0.03


Tree=59
num_leaves=15
num_cat=2
split_feature=27 14 29 11 9 1 6 16 1 20 8 19 11 0
split_gain=14822.7 6895.68 1363.2 1710.9 1986.94 2733.98 1326.65 3879 1368.15 1291.7 1022.99 609.792 590.608 512.982
threshold=0 49.583333333333336 1 32.500000000000007 1.0000000180025095e-35 99.500000000000014 5.5000000000000009 25.500000000000004 130.00000000000003 50.85846451612904 5.5000000000000009 0.37688172043010754 22.500000000000004 187.50000000000003
decision_type=9 2 9 2 2 2 2 2 2 2 2 2 2 2
left_child=2 -2 3 4 -1 12 7 -4 -8 -3 13 -10 -6 -11
right_child=1 9 6 -5 5 -7 8 -9 11 10 -12 -13 -14 -15
leaf_value=0.014410834134893658 0.030980346591298346 0.022326766774810148 0.01250536169373149 -0.0073066125010050054 0.6134781901727322 0.078339742789236597 -0.022869579915917305 -0.02439765800689854 -0.0050014640150989218 0.0042286894605221906 -0.0060305330876611945 -0.015595933419540754 0.22492105578487592 0.012640991170604621
leaf_weight=1878.0470954235643 10672.92298598215 3635.7026446945965 5651.0602312739938 12808.630164607428 10.268700398504736 117.08326920308173 16296.109238563105 4690.3550433516502 8396.0127891488373 45462.334760744125 8065.7036182656884 11710.97567471303 7.6665139552205792 7616.6412939950824
leaf_count=27234 69057 21489 34406 554176 393 668 1012271 294329 316844 344962 150689 546452 151 46077
internal_value=-0.000275645 0.00863688 -0.0111981 -0.00326329 0.022438 0.133166 -0.0137126 -0.00423277 -0.0164093 0.00495658 0.00392339 -0.0111725 0.468037 0.00543604
internal_weight=137020 75453.3 61566.2 14821.7 2013.07 135.018 46744.5 10341.4 36403.1 64780.4 61144.7 20107 17.9352 53079
internal_count=3419198 632274 2786924 582622 28446 1212 2204302 328735 1875567 563217 541728 863296 544 391039
cat_boundaries=0 1 2
cat_threshold=3383771923 38
is_linear=0
shrinkage=0.03


Tree=60
num_leaves=15
num_cat=0
split_feature=4 22 8 10 7 6 16 1 1 18 7 19 1 19
split_gain=14084.9 6273.68 1348.02 1786.18 1594.45 1317.26 4184.32 1455.14 1264.84 1060.3 1034.1 824.063 748.26 734.653
threshold=1.0000000180025095e-35 60.533119565217397 4.5000000000000009 1.0000000180025095e-35 2.5000000000000004 5.5000000000000009 25.500000000000004 146.00000000000003 99.500000000000014 inf 10.500000000000002 0.032795698924731186 99.500000000000014 0.44247311827956998
decision_type=2 2 2 2 2 2 2 2 2 8 2 2 2 2
left_child=1 -1 3 9 8 6 -4 -7 11 -2 -3 -5 -11 -9
right_child=2 10 5 4 -6 7 -8 13 -10 12 -12 -13 -14 -15
leaf_value=0.030450700749192188 -0.011954487707560579 0.0076098892433046142 0.013939787826525208 0.35008453562142539 0.012994893128825504 -0.021911365246315061 -0.023323325039724958 -0.0049195542773635224 0.066435607037735947 -0.01024411840599671 -0.0019100166804418468 -0.0033948782145058415 0.019923469306777242 -0.015169675401644702
leaf_weight=10676.832542777061 9445.9341621976346 45027.720465242863 5951.610640829429 24.522203678265214 2523.0471199350432 15757.760945319198 4981.0529018966481 12010.130410306156 187.72844937350601 1207.865312544629 13302.748226493597 7.7097172364592543 1907.2185546914116 13222.672437405214
leaf_count=69014 369612 300764 39810 503 37769 1008260 319595 459724 996 63788 138219 311 16534 593804
internal_value=-0.00021183 0.00930903 -0.00998478 -0.00215977 0.0197679 -0.0122911 -0.00303831 -0.0147587 0.0970475 -0.00694942 0.0054388 0.267976 0.00822654 -0.0102913
internal_weight=136235 69007.3 67227.3 15304 2743.01 51923.2 10932.7 40990.6 219.96 12561 58330.5 32.2319 3115.08 25232.8
internal_count=3418703 507997 2910706 489513 39579 2421193 359405 2061788 1810 449934 438983 814 80322 1053528
is_linear=0
shrinkage=0.03


Tree=61
num_leaves=15
num_cat=2
split_feature=27 14 29 6 16 1 19 8 9 25 1 15 19 7
split_gain=13240.6 6573.28 1309.44 1281.88 3564.2 1382.95 1276.24 1183.17 1151.41 916.261 744.188 622.655 606.427 601.969
threshold=0 49.583333333333336 1 5.5000000000000009 25.500000000000004 130.00000000000003 0.83602150537634423 2.5000000000000004 1.0000000180025095e-35 0.065591397849462371 99.500000000000014 1.0000000180025095e-35 0.37688172043010754 2.5000000000000004
decision_type=9 2 9 2 2 2 2 2 2 2 2 2 2 2
left_child=2 -2 7 4 -4 -5 9 8 -1 -3 13 -11 -7 -10
right_child=1 6 3 5 -6 12 -8 -9 10 11 -12 -13 -14 -15
leaf_value=0.0086719178231216883 0.030463895516562933 0.023758520921722107 0.011886706114876284 -0.022573370083275476 -0.023834484704626784 -0.004467202294066071 -0.0031778302251725208 -0.0071033251494914702 0.26056843015629516 0.0031768861054199057 0.051942176792421628 0.010199924324136004 -0.015119356384516964 0.01639372159125313
leaf_weight=2629.4907061858103 10275.202885188162 2743.5610624700785 5707.7060514297336 15657.862142009661 4491.1455341512337 8312.4434177745134 14569.697718953714 11760.449717387557 30.157612825743854 28963.149231383577 193.3730878289789 18695.940683264285 11418.487128332257 13.026919784024356
leaf_count=53563 68834 16741 34470 1012200 294174 316570 185532 526374 424 236147 1822 124774 547170 649
internal_value=-0.000222098 0.00816757 -0.0107059 -0.0132126 -0.0038442 -0.0159161 0.00464231 -0.0028891 0.0143898 0.00690287 0.0776435 0.00593207 -0.0106322 0.188949
internal_weight=135462 75247.6 60214.1 45587.6 10198.9 35388.8 64972.3 14626.5 2866.05 50402.7 236.558 47659.1 19730.9 43.1845
internal_count=3419444 632028 2787416 2204584 328644 1875940 563194 582832 56458 377662 2895 360921 863740 1073
cat_boundaries=0 1 2
cat_threshold=3383804819 38
is_linear=0
shrinkage=0.03


Tree=62
num_leaves=15
num_cat=3
split_feature=27 22 6 16 1 19 19 7 14 7 15 0 27 27
split_gain=12686.1 6303.93 1242.83 3820.42 2150.88 1687.02 1099.61 946.044 623.23 505.239 501.965 514.397 482.965 424.947
threshold=0 52.937804347826095 5.5000000000000009 25.500000000000004 99.500000000000014 0.11451612903225808 0.7543010752688174 12.500000000000002 49.583333333333336 12.500000000000002 1.0000000180025095e-35 187.50000000000003 1 2
decision_type=9 2 2 2 2 2 2 2 2 2 2 2 9 9
left_child=2 -2 3 -1 -4 7 8 -6 -3 -8 11 -10 -7 -9
right_child=1 6 4 -5 5 12 9 13 10 -11 -12 -13 -14 -15
leaf_value=0.01205254169185997 0.029626342625880302 0.021224955188764445 -0.021340008223159547 -0.020590978977970235 0.014990978582463767 -0.0076908434188598818 0.0013547293292802761 0.015010045320009194 0.0016057356264076552 -0.0097495508729449117 0.01013475859779798 0.012933520157045851 -0.017079955240788511 -0.0080419195161469913
leaf_weight=7291.9905272591859 10431.126100325957 2623.2967778556049 17039.766999320127 5786.2040354451165 3475.2585694938898 9060.8120377250016 14176.44729475677 829.82160221040249 21414.078456565738 4983.2037098444998 17187.145730717108 4337.9919638410211 10980.887411842123 5029.285660514608
leaf_count=45586 71071 15029 1149604 370934 58655 377047 153932 24726 177109 82990 109706 22033 561429 198976
internal_value=-0.000209019 0.00798361 -0.0105575 -0.00239045 -0.0128609 -0.00794195 0.00449633 0.00259226 0.00703202 -0.00153372 0.00616446 0.00351435 -0.0128481 -0.00476319
internal_weight=134647 75153.3 59494 13078.2 46415.8 29376.1 64722.2 9334.37 45562.5 19159.7 42939.2 25752.1 20041.7 5859.11
internal_count=3418827 631870 2786957 416520 2370437 1220833 560799 282357 323877 236922 308848 199142 938476 223702
cat_boundaries=0 1 2 3
cat_threshold=3383772051 1216364547 1073758208
is_linear=0
shrinkage=0.03


Tree=63
num_leaves=15
num_cat=1
split_feature=4 14 5 2 6 16 2 20 25 21 27 21 20 7
split_gain=12131.4 5743.59 3478.59 1193.63 1234.43 3585.17 1404.73 1058 943.308 760.079 757.921 705.588 686.77 565.92
threshold=1.0000000180025095e-35 49.583333333333336 1.0000000180025095e-35 60.000000000000007 5.5000000000000009 25.500000000000004 99.500000000000014 857.17985483870984 4.6231182795698933 0.7814142379359772 0 0.87434304825609177 10254.906659139788 14.500000000000002
decision_type=2 2 2 2 2 2 2 2 2 2 9 2 2 2
left_child=1 -1 3 -2 5 10 -6 13 9 12 -5 -10 -3 -8
right_child=2 8 -4 4 6 -7 7 -9 11 -11 -12 -13 -14 -15
leaf_value=0.029678669487121105 0.010123513086506674 0.010552618552628427 0.020655338683445035 0.013889890198839291 -0.02115866576845693 -0.021325555257804153 0.0064680414089034613 -0.014706763620008119 0.0042821670178580804 0.042345722583084541 -0.016703346700112538 -0.0062882773830108228 -0.032356275217839167 -0.0077684886495126516
leaf_weight=9915.8997846543789 2297.1970526203513 16052.883128009737 3268.6431433558464 6375.6640610024333 16694.97008841671 5771.8404473457485 3733.7792769223452 18661.049692494795 34799.408843241632 665.26705272495747 814.78856060840189 6791.8170208223164 341.92871637642384 7681.0844143116847
leaf_count=68828 12018 80095 14321 29749 1150594 383709 99703 888250 264879 3081 18969 87539 2284 315606
internal_value=-0.000250104 0.00856307 -0.00950437 -0.0110939 -0.01191 -0.0037176 -0.0141804 -0.0103062 0.00499271 0.010933 0.0104175 0.00255591 0.0096558 -0.00311159
internal_weight=133866 68567.2 65299 62030.4 59733.2 12962.3 46770.9 30075.9 58651.3 17060.1 7190.45 41591.2 16394.8 11414.9
internal_count=3419625 506706 2912919 2898598 2886580 432427 2454153 1303559 437878 85460 48718 352418 82379 415309
cat_boundaries=0 1
cat_threshold=2147483648
is_linear=0
shrinkage=0.03


Tree=64
num_leaves=15
num_cat=3
split_feature=27 22 29 6 6 1 8 8 10 15 28 1 19 15
split_gain=11386.5 5929.16 1260.45 1130.49 2253.23 1333.59 1075.13 1016.92 1232.96 757.698 654.312 651.487 550.459 549.995
threshold=0 45.824258480649796 1 5.5000000000000009 4.5000000000000009 130.00000000000003 2.5000000000000004 2.5000000000000004 1.0000000180025095e-35 1.0000000180025095e-35 2 99.500000000000014 0.32795698924731187 1.0000000180025095e-35
decision_type=9 2 9 2 2 2 2 2 2 2 9 2 2 2
left_child=2 -2 7 4 -4 -5 10 8 -1 -8 -3 -10 -7 -12
right_child=1 6 3 5 -6 12 9 -9 11 -11 13 -13 -14 -15
leaf_value=0.008010732292205211 0.029373855618561314 0.014582017867565359 -0.021492389916079938 -0.022051127280760689 0.0076995880434815563 -0.0037635820284141869 -0.0039016579361577843 -0.0063810819169481895 0.18771730336530523 0.0052291925647110849 0.0025179983211260949 0.056279749765853544 -0.014162970420849331 0.01319262656256126
leaf_weight=2639.7786073898897 9756.4805372338742 9939.6606263834983 3919.6837439965457 14733.691086666659 6053.6615229584277 7585.0539867449552 17090.828204723075 11484.157980736345 41.890499093569815 15684.711249699816 16498.906839631498 171.14252144191414 11568.814214048907 5895.9284048583359
leaf_count=54141 68882 59423 259263 1012386 69150 288765 236721 526961 793 131761 103056 1385 574792 32223
internal_value=-0.00017266 0.00756429 -0.0101251 -0.0126499 -0.00377433 -0.0152656 0.00429698 -0.00239712 0.0136288 0.00046793 0.00817812 0.0828817 -0.0100452 0.00532641
internal_weight=133064 74866.5 58197.9 43860.9 9973.35 33887.6 65110 14337 2852.81 32775.5 32334.5 213.033 19153.9 22394.8
internal_count=3419702 632066 2787636 2204356 328413 1875943 563184 583280 56319 368482 194702 2178 863557 135279
cat_boundaries=0 1 2 3
cat_threshold=3383772051 38 1067009
is_linear=0
shrinkage=0.03


Tree=65
num_leaves=15
num_cat=4
split_feature=27 22 29 6 16 11 10 19 27 1 19 27 25 16
split_gain=10665.9 5772.39 1212.36 1563.91 3516.95 1077.56 1453.13 997.315 647.331 600.244 570.949 727.347 471.799 1734.76
threshold=0 45.824258480649796 1 5.5000000000000009 25.500000000000004 40.500000000000007 1.0000000180025095e-35 0.85268817204301095 2 146.00000000000003 0.65591397849462374 3 3.5575268817204306 11.500000000000002
decision_type=9 2 9 2 2 2 2 2 9 2 2 9 2 2
left_child=2 -2 3 4 -1 6 -4 8 -3 -5 11 -7 13 -9
right_child=1 7 5 9 -6 10 -8 12 -10 -11 -12 -13 -14 -15
leaf_value=0.012421525596178122 0.028933040106450217 0.014496671176348366 0.0066889530066942303 -0.021806376878180208 -0.026427703474673322 0.0034564641638523525 0.092310878458499182 -0.035315360144779956 0.0046410206778063259 -0.011817398003468357 -0.014757096071315548 -0.0093458921145149199 -0.0047738768674986491 0.0489570408994707
leaf_weight=5264.2830364890397 9651.5902888737619 6920.3681929521263 2568.8234491255134 14085.505104893818 3484.578038607724 6628.3221806492656 190.72478843573481 351.25240546092391 44951.79045178555 8801.6661865096539 6467.5806403560564 10027.657639051788 12437.648127308115 584.14795532077551
leaf_count=24919 69875 39461 40069 1004647 253333 253755 1504 2433 354857 429939 296817 477005 168722 2560
internal_value=-0.000181957 0.00727909 -0.00989663 -0.0138374 -0.00305296 -0.00507611 0.012638 0.00407658 0.00595983 -0.0179656 -0.00719275 -0.00425477 -0.00322815 0.017308
internal_weight=132416 74896.8 57519.1 31636 8748.86 25883.1 2759.55 65245.2 51872.2 22887.2 23123.6 16656 13373 935.4
internal_count=3419896 637908 2781988 1712838 278252 1069150 41573 568033 394318 1434586 1027577 730760 173715 4993
cat_boundaries=0 1 2 4 5
cat_threshold=3383788435 8 570439776 10 1216380928
is_linear=0
shrinkage=0.03


Tree=66
num_leaves=15
num_cat=2
split_feature=4 22 27 2 6 16 7 19 2 12 15 7 28 1
split_gain=10302 5281.32 1689.54 1507.43 1534.61 3846.24 957.317 915.323 865.951 685.441 588.907 773.243 589.596 668.433
threshold=1.0000000180025095e-35 45.824258480649796 0 60.000000000000007 5.5000000000000009 25.500000000000004 9.5000000000000018 0.65591397849462374 146.00000000000003 0.7958333333333335 1.0000000180025095e-35 1.5000000000000002 1 299.00000000000006
decision_type=2 2 9 2 2 2 2 2 2 2 2 2 9 2
left_child=1 -1 7 -4 5 -5 10 -2 -6 -8 11 12 -3 -14
right_child=2 6 3 4 8 -7 9 -9 -10 -11 -12 -13 13 -15
leaf_value=0.029221985377689594 0.0060755523765074421 0.018752562208548866 0.024173807910478826 0.011353150371599974 -0.020047293446883187 -0.023395484771722659 -0.0038751490992122192 -0.0099071836754491254 -0.010794446561795365 0.017869305390128983 0.012352619042185795 0.00069203566581525875 -0.0024222312568307168 0.014494024291151032
leaf_weight=9101.0226058512926 8998.7328867483884 4699.3311871811748 1045.1330686807632 7011.320158822462 17659.80988536682 4848.4425932550803 13761.266309749335 5024.7875970518216 18796.575456172228 1440.3691388890147 12748.330610182136 18159.172732979059 4495.9602501094341 3947.2606752179563
leaf_count=65864 232358 25412 4911 39901 1269587 343156 143221 185344 836232 11201 73581 142006 23521 22837
internal_value=-0.000132869 0.00794579 -0.00884469 -0.0114541 -0.0122276 -0.00285337 0.00467734 0.000348209 -0.015277 -0.0018138 0.00691741 0.00470348 0.0102457 0.00548052
internal_weight=131738 68352.7 63384.8 49361.3 48316.1 11859.8 59251.7 14023.5 36456.4 15201.6 44050.1 31301.7 13142.6 8443.22
internal_count=3419132 507643 2911489 2493787 2488876 383057 441779 417702 2105819 154422 287357 213776 71770 46358
cat_boundaries=0 1 2
cat_threshold=1620136000 1
is_linear=0
shrinkage=0.03


Tree=67
num_leaves=15
num_cat=1
split_feature=4 14 5 19 11 9 14 25 7 15 10 28 1 16
split_gain=9527.84 5336.12 3052.7 1068.32 1135.09 1369.07 1136.14 776.575 726.068 618.764 592.024 561.537 554.726 737.236
threshold=1.0000000180025095e-35 49.583333333333336 1.0000000180025095e-35 0.11451612903225808 32.500000000000007 1.0000000180025095e-35 98.763157894736864 0.065591397849462371 12.500000000000002 1.0000000180025095e-35 1.0000000180025095e-35 0 99.500000000000014 24.500000000000004
decision_type=2 2 2 2 2 2 2 2 2 2 2 9 2 2
left_child=1 11 3 4 5 -2 -7 -3 9 -9 -10 -1 13 -6
right_child=2 7 -4 -5 12 6 -8 8 10 -11 -12 -13 -14 -15
leaf_value=0.032604991015487653 0.0076250115791715607 0.022182485976565223 0.019733549913093298 -0.013310991271081677 -0.018004602800950491 0.017958785598292573 0.17394248346034216 0.0026751071518154052 -0.0073343960513563939 0.0099867960411066051 0.011014069169900912 0.014480656508740501 -0.0019823611792864518 -0.0014849723466279754
leaf_weight=7250.6129441186786 2586.3495501093566 2088.0468230992556 3231.6544284373522 37197.03327454906 6871.3645165711641 84.525845770724118 83.091468714177608 30983.950719632208 8099.7319187261164 15692.40416258201 1965.9803155548871 2026.4376528263092 8815.221395522356 3762.7631676206365
leaf_count=54917 52210 11807 14183 1893695 510769 579 1018 223040 90218 94384 18361 14019 318403 117679
internal_value=-0.000212526 0.00755378 -0.00865773 -0.0102027 -0.00499491 0.013028 0.0958562 0.00421895 0.00355753 0.00513343 -0.00374994 0.0286987 -0.00754743 -0.01216
internal_weight=130739 68107.2 62632 59400.3 22203.3 2753.97 167.617 58830.1 56742.1 46676.4 10065.7 9277.05 19449.3 10634.1
internal_count=3415282 506746 2908536 2894353 1000658 53807 1597 437810 426003 317424 108579 68936 946851 628448
cat_boundaries=0 1
cat_threshold=2097409
is_linear=0
shrinkage=0.03


Tree=68
num_leaves=15
num_cat=2
split_feature=27 14 29 11 6 6 1 9 8 15 15 20 14 18
split_gain=9363.41 5364.03 1175.35 1126.21 1057.91 2036.29 1149.41 1053.59 960.082 775.433 601.352 536.332 526.13 455.865
threshold=0 49.583333333333336 1 32.500000000000007 5.5000000000000009 4.5000000000000009 130.00000000000003 1.0000000180025095e-35 2.5000000000000004 1.0000000180025095e-35 1.0000000180025095e-35 1112.887725806452 98.763157894736864 493.50000000000006
decision_type=9 2 9 2 2 2 2 2 2 2 2 2 2 10
left_child=2 13 3 7 5 -4 -6 -1 9 -3 -10 -8 -9 -2
right_child=1 8 4 -5 6 -7 11 12 10 -11 -12 -13 -14 -15
leaf_value=0.012196755708491554 0.032026355745794918 0.0044814296500085195 -0.021127110272462356 -0.0056286861339728232 -0.021401768124398521 0.0071831177005108353 -0.0032286040591835339 0.029496053128366076 -0.0037643311289159661 0.014795479797145938 0.0041701319760890487 -0.013997842288287007 0.13900272137742992 0.016298647359138888
leaf_weight=1869.6329683884978 6915.3960612975061 23031.687795236707 3682.5185964163393 11669.998208744451 13693.877629665658 6028.8433720925823 6826.2052315920591 70.206774385645986 17155.960685726255 9173.1635693497956 17229.359322164208 10666.089918840677 91.247068295255303 2186.4423015899956
leaf_count=27198 53203 141911 259437 543082 1012141 69090 269668 424 242372 50523 184620 548785 752 15730
internal_value=-0.000180616 0.00664945 -0.00964878 -0.00203863 -0.012197 -0.0035531 -0.0148924 0.0185713 0.00369755 0.00741963 0.000211374 -0.00979567 0.0918594 0.0282505
internal_weight=130291 75692 54598.6 13701.1 40897.5 9711.36 31186.2 2031.09 66590.2 32204.9 34385.3 17492.3 161.454 9101.84
internal_count=3418936 688359 2730577 571456 2159121 328527 1830594 28374 619426 192434 426992 818453 1176 68933
cat_boundaries=0 1 2
cat_threshold=3375416083 38
is_linear=0
shrinkage=0.03


Tree=69
num_leaves=15
num_cat=3
split_feature=27 25 27 14 8 5 16 16 27 8 13 11 9 1
split_gain=8737.71 5085.76 1571.26 1464.67 1253.4 903.653 836.048 2826.21 688.301 585.554 575.626 628.138 1026.85 539.695
threshold=0 0.65591397849462374 1 1.0000000180025095e-35 5.5000000000000009 1.0000000180025095e-35 24.500000000000004 25.500000000000004 2 1.5000000000000002 1.5000000000000002 668.50000000000011 1.0000000180025095e-35 130.00000000000003
decision_type=9 2 9 2 2 2 2 2 9 2 2 2 2 2
left_child=3 2 -2 -1 8 6 13 9 -3 -8 -11 -12 -13 -5
right_child=1 4 -4 5 -6 -7 7 -9 -10 10 11 12 -14 -15
leaf_value=0.025594367475294102 0.028995513156423403 0.00018426006398896327 0.0079408966348996878 -0.018694880323722539 -0.0059796651710573908 0.033305576327466224 -0.028196260356705083 -0.024529092075976335 0.0068315851865363751 0.01225699459645687 -0.02314928723355732 -0.030457661371744407 0.053282759415689412 -0.010707381271728019
leaf_weight=958.73403511941433 9337.6099503124133 23878.398656013422 4883.3789843861014 16144.768632635474 13776.931506065652 393.72018456459045 430.94157569017261 4431.8037374671549 33967.805044321343 5535.9914948325604 964.43186232633889 230.16882241144776 305.78986014425755 14417.717555915937
leaf_count=4463 92842 261831 44955 1233711 400198 1634 2989 341699 224266 50549 21140 2857 1896 733551
internal_value=-0.000158345 0.00540535 0.0217926 -0.0110578 0.00215212 -0.0118809 -0.0123007 -0.00555357 0.00408889 0.00571004 0.00779034 -0.00868749 0.0173305 -0.0149273
internal_weight=129658 85844.1 14221 43814.1 71623.1 42855.3 42461.6 11899.1 57846.2 7467.32 7036.38 1500.39 535.959 30562.5
internal_count=3418581 1024092 137797 2394489 886295 2390026 2388392 421130 486097 79431 76442 25893 4753 1967262
cat_boundaries=0 1 2 3
cat_threshold=2300625683 1644308488 1146355848
is_linear=0
shrinkage=0.03


Tree=70
num_leaves=15
num_cat=1
split_feature=27 1 6 16 14 20 25 5 5 8 21 1 8 20
split_gain=8389.62 4846.44 1460.85 3431.7 1360.6 1268.36 1126.98 857.084 769.936 654.929 619.167 612.764 581.327 528.437
threshold=0 109.50000000000001 5.5000000000000009 25.500000000000004 1.0000000180025095e-35 127.48022580645163 13.918279569892475 1.0000000180025095e-35 1.0000000180025095e-35 5.5000000000000009 0.99456521739130443 146.00000000000003 3.5000000000000004 23.422691397849466
decision_type=9 2 2 2 2 2 2 2 2 2 2 2 2 2
left_child=2 5 3 -1 -4 -2 7 10 11 -8 12 -6 -3 -13
right_child=1 6 4 -5 8 -7 9 -9 -10 -11 -12 13 -14 -15
leaf_value=0.01177701629273941 0.030456096998394806 0.006947892625936561 0.025470961285416673 -0.022465792121245314 -0.019535484652496736 0.0099438913869617611 0.00029390637263138102 0.02569050941571813 0.038231183249328553 -0.010334674634899295 0.042851933808120926 -0.0015520600598939525 -0.0001051894050025296 -0.014514784313946075
leaf_weight=6758.6629480589181 7572.6404581330717 26466.516746277921 758.65300861001015 4314.6142225889489 16517.518745823763 4229.5172259639949 21095.92138076853 1781.5161606222391 240.24608379602432 6931.4020367497578 374.13477602042258 3845.6312294919044 17452.251735846512 10722.665121179074
leaf_count=35394 62194 165599 3577 331503 1270408 28095 223326 7778 980 211887 2041 154198 329382 593919
internal_value=-0.000169512 0.00525187 -0.0109591 -0.00156625 -0.014204 0.0231066 0.00240859 0.00529407 -0.0151657 -0.00233491 0.00447314 -0.0155796 0.00414523 -0.0110933
internal_weight=129062 85903.9 43158 11073.3 32084.7 11802.2 74101.7 46074.4 31326.1 28027.3 44292.9 31085.8 43918.8 14568.3
internal_count=3420281 1030302 2389979 366897 2023082 90289 940013 504800 2019505 435213 497022 2018525 494981 748117
cat_boundaries=0 1
cat_threshold=2300609427
is_linear=0
shrinkage=0.03


Tree=71
num_leaves=15
num_cat=1
split_feature=4 14 5 19 1 6 16 7 24 21 28 19 6 16
split_gain=7859.18 4711.29 2727.97 1050.18 945.042 1027.64 1858.61 818.649 732.772 686.71 591.055 529.664 483.283 1347.31
threshold=1.0000000180025095e-35 49.583333333333336 1.0000000180025095e-35 0.24569892473118282 99.500000000000014 5.5000000000000009 25.500000000000004 14.500000000000002 0.85965227138197264 0.84698996655518399 0 0.65591397849462374 5.5000000000000009 25.500000000000004
decision_type=2 2 2 2 2 2 2 2 8 2 9 2 2 2
left_child=1 10 3 4 5 6 -2 -6 9 -3 -1 -4 13 -5
right_child=2 8 11 12 7 -7 -8 -9 -10 -11 -12 -13 -14 -15
leaf_value=0.031723735207905716 0.01485111801420912 0.0036795859115475527 0.028034912185925954 0.0058625312718492209 0.0086829607023966495 -0.017131591724122444 -0.026522214368744901 -0.0060723002408545517 0.010949600860637908 -0.0065813240743635339 0.012731245515872205 0.0031218012728147786 -0.015343464790497042 -0.021455748225329006
leaf_weight=6702.3211368918419 2873.2715045362711 41699.862378589809 2030.4125686883926 3688.2056048791856 5898.9196946267039 8520.7016866588965 1479.6013524569571 7935.2843843773007 10576.364977970719 6830.8237318098545 1951.5584077090025 1235.4128703176975 23990.894852098078 2902.7926033725962
leaf_count=54870 12422 274660 8825 29632 121936 665187 117391 340496 75956 87937 14152 5525 1396695 213539
internal_value=-0.000196889 0.00682175 -0.00805065 -0.00957101 -0.00522434 -0.011074 0.000784892 0.000219532 0.0037947 0.00223523 0.027494 0.0186145 -0.0133667 -0.00617035
internal_weight=128316 67760.9 60555.5 57289.7 26707.8 12873.6 4352.87 13834.2 59107.1 48530.7 8653.88 3265.83 30581.9 6591
internal_count=3419223 507575 2911648 2897298 1257432 795000 129813 462432 438553 362597 69022 14350 1639866 243171
cat_boundaries=0 1
cat_threshold=2097153
is_linear=0
shrinkage=0.03


Tree=72
num_leaves=15
num_cat=2
split_feature=4 14 5 20 11 9 25 14 24 28 6 16 1 29
split_gain=7467.97 4571.7 2496.91 1026.99 1081.07 1035.82 718.344 659.343 604.552 599.83 547.758 1638.02 1028.94 550.471
threshold=1.0000000180025095e-35 49.583333333333336 1.0000000180025095e-35 5.7754784946236564 32.500000000000007 1.0000000180025095e-35 20.016129032258068 98.763157894736864 0.85400662775664793 0 5.5000000000000009 25.500000000000004 130.00000000000003 1
decision_type=2 2 2 2 2 2 2 2 8 9 2 2 2 9
left_child=1 9 3 4 5 -2 8 -7 -3 -1 11 13 -12 -5
right_child=2 6 -4 10 -6 7 -8 -9 -10 -11 12 -13 -14 -15
leaf_value=0.031587591578817013 0.010435593708812911 0.0040339242797170268 0.017744366327526774 0.010034515270839971 -0.0060636943600178676 0.021756157169224383 -0.0019130270650684971 0.14029938658412891 0.013177017970976765 0.012245312203741032 -0.02151833273284379 -0.02033301591462091 -0.009955438385153486 -0.018962474940135195
leaf_weight=6576.0026944726706 2084.444336572662 36261.47050531581 3246.8794210255146 4276.6197882927954 14377.1104018474 77.154927557334304 15051.108269069344 93.442261605523527 7931.9626759625971 1905.6952475756407 10293.97379470896 3691.0351963434368 21179.542219963856 673.31262517161667
leaf_count=55037 37306 232325 14283 20495 733779 504 157755 863 48549 13926 816022 276654 995867 16864
internal_value=-0.00013074 0.0066968 -0.00783828 -0.00930234 -0.00303437 0.0162734 0.00374742 0.0871258 0.00567521 0.0272953 -0.011901 -0.00520973 -0.0137379 0.00606914
internal_weight=127720 67726.2 59993.5 56746.6 16632.2 2255.04 59244.5 170.597 44193.4 8481.7 40114.5 8640.97 31473.5 4949.93
internal_count=3420229 507592 2912637 2898354 772452 38673 438629 1367 280874 68963 2125902 314013 1811889 37359
cat_boundaries=0 1 2
cat_threshold=2113537 8
is_linear=0
shrinkage=0.03


Tree=73
num_leaves=15
num_cat=4
split_feature=8 27 27 20 19 18 27 10 25 21 19 24 10 27
split_gain=7238.51 3287.46 2680.27 924.752 808.421 762.218 572.359 527.982 497.848 1542.46 401.592 396.909 894.494 449.112
threshold=2.5000000000000004 0 1 127.48022580645163 0.78709677419354851 94.500000000000014 2 1.0000000180025095e-35 3.2951612903225809 0.77048494983277604 0.11451612903225808 0.96154400035448429 1.0000000180025095e-35 3
decision_type=2 9 9 2 2 8 9 2 2 2 2 8 2 9
left_child=1 3 10 -1 7 6 -3 -4 9 -6 -2 13 -13 -7
right_child=2 5 4 -5 8 11 -8 -9 -10 -11 -12 12 -14 -15
leaf_value=0.02996030668285166 -0.0076499212756467637 0.0022974104801674489 0.00066402953497584022 0.011540213508723631 -0.033915265339523291 0.010254632019460403 -0.014586240231062971 0.011589440270596236 -0.0080472712569945992 0.045408865624419252 -0.013886252236443776 0.012592916489255826 0.073498812135336308 0.0020602827501919711
leaf_weight=7165.0439283400774 15692.866495186463 5552.5586867565289 23428.252182591707 3732.3530436493456 358.96861380711198 11161.834309406579 2667.0425581363961 4794.899252191186 12352.814184306189 569.13966087158769 22805.487437772565 3283.2415703916922 231.46142397262156 13090.419606533833
leaf_count=62277 848524 35601 366926 22580 2520 60493 102729 69728 273606 2800 1380993 54498 2430 130162
internal_value=-0.000156343 0.00920358 -0.0056416 0.0236314 -0.000351536 0.00482613 -0.00319694 0.00252052 -0.0064549 0.0147248 -0.0113415 0.0072029 0.0166237 0.00583699
internal_weight=126886 46884 80002.4 10897.4 41504.1 35986.6 8219.6 28223.2 13280.9 928.108 38498.4 27767 3514.7 24252.3
internal_count=3415867 470770 2945097 84857 715580 385913 138330 436654 278926 5320 2229517 247583 56928 190655
cat_boundaries=0 2 3 4 6
cat_threshold=597823552 1 2301625105 470091776 268445696 10
is_linear=0
shrinkage=0.03


Tree=74
num_leaves=15
num_cat=3
split_feature=27 25 27 14 7 5 16 16 27 8 13 7 1 25
split_gain=6898.62 4270.51 1522.61 1257.59 1025.79 793.054 799.797 2419.63 653.136 592.016 517.293 640.586 485.45 514.218
threshold=0 0.65591397849462374 1 1.0000000180025095e-35 15.500000000000002 1.0000000180025095e-35 25.500000000000004 24.500000000000004 2 1.5000000000000002 1.5000000000000002 23.500000000000004 146.00000000000003 0.19677419354838713
decision_type=9 2 9 2 2 2 2 2 9 2 2 2 2 2
left_child=3 2 -2 -1 8 6 7 12 -3 -9 -11 -12 -5 -14
right_child=1 4 -4 5 -6 -7 -8 9 -10 10 11 -13 13 -15
leaf_value=0.024345986832643867 0.027768359494153818 -0.00020968803259989525 0.0067738161423607146 -0.0176992750400152 -0.0059745151050810468 0.031413508183264112 -0.02407526974341289 -0.028878073494658152 0.0061753481131662106 0.011491619586549548 -0.020046092129440165 0.025633323181654021 -0.00041332658983460796 -0.013471281794271681
leaf_weight=925.64687542617321 8621.7609733836725 25068.549189599231 4895.3761080633849 14967.300501137041 12570.111380995251 391.93146839737892 4039.6897708317265 430.78432358149439 33941.867972225882 5560.5281487833709 1095.9799032453448 368.38291040807962 3750.574315847829 9821.9431412480772
leaf_count=4426 93004 307601 45749 1235051 333645 1631 341713 2993 250387 50756 22901 2980 153431 573195
internal_value=-0.000158205 0.00472641 0.0201916 -0.0102085 0.00180641 -0.0110028 -0.0114188 -0.00999781 0.00346394 0.00521951 0.00731428 -0.00854508 -0.0139732 -0.0098632
internal_weight=126450 85097.7 13517.1 41352.8 71580.5 40427.1 40035.2 35995.5 59010.4 7455.68 7024.89 1464.36 28539.8 13572.5
internal_count=3419463 1030386 138753 2389077 891633 2384651 2383020 2041307 557988 79630 76637 25881 1961677 726626
cat_boundaries=0 1 2 3
cat_threshold=2300576658 1644312584 1146372136
is_linear=0
shrinkage=0.03


Tree=75
num_leaves=15
num_cat=4
split_feature=8 27 27 16 16 19 5 28 18 1 19 27 13 11
split_gain=6640.5 3115.08 2486.38 976.661 2849.29 899.772 904.641 895.015 677.089 519.684 510.762 509.152 481.821 610.631
threshold=2.5000000000000004 0 1 24.500000000000004 25.500000000000004 0.72150537634408607 1.0000000180025095e-35 2 94.500000000000014 99.500000000000014 1.0000000180025095e-35 3 1.5000000000000002 668.50000000000011
decision_type=2 9 9 2 2 2 2 9 8 2 2 9 2 2
left_child=1 7 3 9 12 6 -4 -1 11 -2 -11 -3 -5 -14
right_child=2 8 5 4 -6 -7 -8 -9 -10 10 -12 -13 13 -15
leaf_value=0.02950132342075306 -0.019218585757338161 0.002195289862705202 0.0013287904418452193 0.0121849226344246 -0.025010759573331265 -0.0061410319432023261 0.024769953938924893 0.011115163523617395 0.0068680449512891041 -0.0010171722166275429 -0.014191939967906925 -0.013827794768301422 -0.02346462049020764 0.018056544518802224
leaf_weight=6926.923302590847 11637.546316226944 5556.0442914180458 25829.321945116855 5277.8032232522964 3616.1201851731166 16819.400721912272 1570.8811655193567 3695.89889196679 27857.664199860767 3673.8319954266772 9488.2815613085404 2617.639962406829 846.71461229026318 509.97886418737471
leaf_count=59472 999964 35582 457956 47566 299852 390855 6812 25624 247480 146082 575766 102624 18122 4085
internal_value=-0.000125816 0.00885407 -0.00541096 -0.0113771 -0.00359064 -0.00067908 0.00267355 0.0231225 0.0046392 -0.0145998 -0.0105149 -0.00295143 0.00808636 -0.00785508
internal_weight=125924 46654.2 79269.9 35050.3 10250.6 44219.6 27400.2 10622.8 36031.3 24799.7 13162.1 8173.68 6634.5 1356.69
internal_count=3417842 470782 2947060 2091437 369625 855623 464768 85096 385686 1721812 721848 138206 69773 22207
cat_boundaries=0 2 3 4 5
cat_threshold=597819456 9 2167442192 3145729 470091776
is_linear=0
shrinkage=0.03


Tree=76
num_leaves=15
num_cat=0
split_feature=4 22 5 19 1 6 16 7 7 12 7 25 21 19
split_gain=6095.44 4034.04 2309.2 966.831 875.867 915.641 1641.21 791.924 709.397 620.432 476.436 476.397 617.819 657.431
threshold=1.0000000180025095e-35 39.581152173913047 1.0000000180025095e-35 0.24569892473118282 99.500000000000014 5.5000000000000009 25.500000000000004 14.500000000000002 9.5000000000000018 0.74456521739130443 15.500000000000002 3.0489247311827961 0.77597945532728152 0.95107526881720439
decision_type=2 2 2 2 2 2 2 2 2 2 2 2 2 2
left_child=1 -1 3 4 5 6 10 -6 11 -10 -2 12 13 -3
right_child=2 8 -4 -5 7 -7 -8 -9 9 -11 -12 -13 -14 -15
leaf_value=0.026919239837244785 0.0095738133757612576 0.010979320563889132 0.017339757245365052 -0.012494956590939002 0.0090345241640590757 -0.016330042466451936 -0.026287692620864909 -0.0055832412415519573 -0.0043136661892755491 0.015266232635832417 0.049481032854400087 0.0036774834161216333 0.044732984253131956 -0.0340635838249801
leaf_weight=7367.9088762179017 2578.193654820323 8824.7505100443959 3233.6792646795511 29082.754879238084 5862.96236933209 7980.6664000665769 1354.5513125946745 7734.7595959808677 13544.756862420589 1631.0143708214164 299.77336184680462 35031.321143966168 469.92390133440495 300.64867423474789
leaf_count=63860 11099 44739 14270 1640090 121752 664888 117382 341142 141629 12659 1275 239888 2076 2083
internal_value=-0.00018 0.00597532 -0.0072929 -0.00874425 -0.00451778 -0.0103486 0.000930899 0.000719737 0.00339454 -0.00220845 0.0137464 0.0052999 0.0112221 0.00949175
internal_weight=125298 67170.3 58127.3 54893.7 25810.9 12213.2 4232.52 13597.7 59802.4 15175.8 2877.97 44626.6 9595.32 9125.4
internal_count=3418832 506934 2911898 2897628 1257538 794644 129756 462894 443074 154288 12374 288786 48898 46822
is_linear=0
shrinkage=0.03


Tree=77
num_leaves=15
num_cat=2
split_feature=27 27 25 6 16 19 14 16 2 2 1 15 14 6
split_gain=6035.38 3393.6 1809.65 1266.32 2868.6 1156.01 1096.66 618.306 434.638 425.277 439.148 427.727 422.037 379.369
threshold=0 1 0.65591397849462374 5.5000000000000009 25.500000000000004 0.81989247311827962 1.0000000180025095e-35 13.500000000000002 844.50000000000011 844.50000000000011 109.50000000000001 1.5000000000000002 1.0000000180025095e-35 20.500000000000004
decision_type=9 9 2 2 2 2 2 2 2 2 2 2 2 2
left_child=2 3 -1 4 -2 9 -5 -8 -7 10 -3 -12 -6 -4
right_child=1 5 13 6 12 8 7 -9 -10 -11 11 -13 -14 -15
leaf_value=0.028000321677781215 0.011018615343141339 0.028030079843062692 0.011712384872261058 0.02371940875954287 0.025262238133457685 -0.0080300562913420415 -0.0099045228967675238 -0.018782745682229773 0.0064647822292981261 0.011558774365148258 0.0011051319447783381 0.0094977016047158008 -0.023643547025618078 -0.0018598972059349038
leaf_weight=7228.367210097611 6744.7957729026675 600.29435572586954 6782.0528628341854 719.09572915732861 165.23662115633488 12982.150738961995 16234.444123146124 12498.252321180888 2172.7677517309785 5237.5192442573607 40818.227659795433 6309.3564073797315 3652.3938278621063 2550.1157731898129
leaf_count=65411 35163 3923 40553 3510 775 275229 1139634 878623 16260 26542 530654 55915 330618 16094
internal_value=-0.000136107 -0.00271946 0.016723 -0.00965253 -0.000743163 0.00135396 -0.0128509 -0.0137669 -0.00595164 0.00344463 0.00255399 0.00222889 -0.0215207 0.00800381
internal_weight=124695 108135 16560.5 40014.2 10562.4 68120.3 29451.8 28732.7 15154.9 52965.4 47727.9 47127.6 3817.63 9332.17
internal_count=3418904 3296846 122058 2388323 366556 908523 2021767 2018257 291489 617034 590492 586569 331393 56647
cat_boundaries=0 2 3
cat_threshold=570570784 11 2300576528
is_linear=0
shrinkage=0.03


Tree=78
num_leaves=15
num_cat=3
split_feature=14 27 19 27 16 16 20 28 1 11 13 7 7 11
split_gain=5685.94 4421.59 1055.94 1031.28 716.827 1947.44 631.703 582.237 552.842 540.605 546.267 588.381 527.797 524.816
threshold=1.0000000180025095e-35 0 0.7543010752688174 1 25.500000000000004 24.500000000000004 23.422691397849466 2 146.00000000000003 100.50000000000001 1.5000000000000002 23.500000000000004 14.500000000000002 668.50000000000011
decision_type=2 9 2 9 2 2 2 9 2 2 2 2 2 2
left_child=3 4 6 7 5 8 -3 -1 -2 -7 -11 -12 -4 -13
right_child=1 2 12 -5 -6 9 -8 -9 -10 10 11 13 -14 -15
leaf_value=0.029537118341723859 -0.016722589265441033 0.01470908627337778 -0.00056478905833798917 -0.0096189490924749738 -0.022650826075082002 -0.016245179315343972 0.0034413610043914477 0.0096698766184737089 -0.0082059651560742984 0.012514202895835911 -0.019666132516503954 -0.037104261674108664 -0.011133054846841408 0.045462557997555587
leaf_weight=6741.5150086060166 14119.64850008022 4925.6136571327224 16327.422139374539 822.24168641865253 3781.4198614675552 961.3257774990052 49193.636872983538 1695.6947988122702 13347.802745930851 5027.8267063833773 1070.4475154513493 92.115451755002141 5750.2249069418758 271.06588852591813
leaf_count=59293 1235389 61801 210495 3424 342192 8481 519366 13345 728103 45088 22990 1342 166793 1577
internal_value=-0.000159167 -0.00198221 0.00221121 0.0224545 -0.0102425 -0.00890001 0.00446714 0.025562 -0.0125844 0.0047336 0.00785682 -0.00847425 -0.00331772 0.0244764
internal_weight=124128 114869 76196.9 9259.45 38671.7 34890.2 54119.3 8437.21 27467.5 7422.78 6461.46 1433.63 22077.6 363.181
internal_count=3419679 3343617 958455 76062 2385162 2042970 581167 72638 1963492 79478 70997 25909 377288 2919
cat_boundaries=0 1 2 3
cat_threshold=2300576531 2449473536 2097539
is_linear=0
shrinkage=0.03


Tree=79
num_leaves=15
num_cat=4
split_feature=8 1 27 1 28 16 16 25 25 5 19 27 16 27
split_gain=5454.09 3261.81 1220.6 1165.87 924.185 813.321 2355.21 741.517 627.208 473.012 494.463 452.019 393.603 382.543
threshold=4.5000000000000009 60.000000000000007 0 99.500000000000014 1 24.500000000000004 25.500000000000004 2.1801075268817205 11.623118279569894 1.0000000180025095e-35 0.98387096774193561 2 13.500000000000002 3
decision_type=2 2 9 2 9 2 2 2 2 2 2 9 2 9
left_child=1 4 5 -3 -1 12 -7 11 9 10 -4 -5 -2 -9
right_child=2 3 8 7 -6 6 -8 13 -10 -11 -12 -13 -14 -15
leaf_value=0.028579958907386158 -0.01091695727531773 -0.011691167268885099 -8.8474146080713817e-05 0.0075456832383137516 0.0086978584091004767 0.007251961261529943 -0.025602976988531749 0.0052704036831029985 -0.0069280277058241576 0.025336109702952157 0.036012076701986501 0.021734762948430412 -0.01920186263861802 -0.00040422367943776966
leaf_weight=6296.5722844004631 12645.311207587831 4514.832569077611 12063.985679347999 7429.4272285467014 3204.1247610226274 5992.9156184839085 2919.4813542114571 21525.654523455538 13120.931778133847 757.57414183020592 350.41341789718717 2788.7827146165073 8726.6409029383212 21236.963263924234
leaf_count=58535 904598 298317 306710 41374 23182 63595 274321 130424 375689 3264 2864 34590 659910 241168
internal_value=-0.000159422 0.00563236 -0.00701778 0.00294136 0.0219155 -0.0111222 -0.00351217 0.00418849 -0.00228491 0.00233865 0.000933332 0.0114486 -0.0143006 0.00245344
internal_weight=123574 66996.4 56577.3 57495.7 9500.7 30284.3 8912.4 52980.8 26292.9 13172 12414.4 10218.2 21372 42762.6
internal_count=3418541 827590 2590951 745873 81717 1902424 337916 447556 688527 312838 309574 75964 1564508 371592
cat_boundaries=0 1 2 3 5
cat_threshold=2167407376 2113537 357908740 832649284 10
is_linear=0
shrinkage=0.03


Tree=80
num_leaves=15
num_cat=2
split_feature=14 4 29 6 16 10 7 28 7 12 1 16 18 19
split_gain=5217.72 3312.7 931.055 1197.23 2449.56 990.108 973.943 564.103 561.322 651.942 548.208 516.793 486.276 454.523
threshold=1.0000000180025095e-35 1.0000000180025095e-35 0 5.5000000000000009 25.500000000000004 1.0000000180025095e-35 2.5000000000000004 1 10.500000000000002 0.81980519480519487 119.50000000000001 12.500000000000002 inf 0.62311827956989252
decision_type=2 2 9 2 2 2 2 9 2 2 2 2 8 2
left_child=7 8 3 4 -3 -4 12 10 -2 -10 -1 -5 -7 -8
right_child=1 2 5 11 -6 6 13 -9 9 -11 -12 -13 -14 -15
leaf_value=0.030083664830300248 0.0045826347024306843 0.010059353407861345 -0.0062786227333332624 -0.010225919131030463 -0.025480287785609349 0.023439922495607529 0.012854149462549919 0.0067929999143413857 -0.004629450905796471 0.016799003631944753 0.010085584228256781 -0.020210689119637977 0.11972323674359805 -0.0044714963617018978
leaf_weight=5575.6011974513531 45868.574778076261 5364.5544379130006 22270.811592775397 9007.0073973443359 2586.0063876416534 90.089992573484778 3165.6964946556836 1822.6007638350129 12111.546325657517 1427.5393673665822 1585.8851021826267 9686.5553020229563 99.58900366909802 2391.5363131184131
leaf_count=54749 298722 25327 1062944 703495 254246 417 60941 14105 129012 11070 7336 737455 671 58401
internal_value=-0.000171877 -0.00190562 -0.0072353 -0.0112493 -0.00150205 -0.00341262 0.00768713 0.021839 0.00299834 -0.002369 0.0256214 -0.0154006 0.0743552 0.00539865
internal_weight=123054 114070 54661.8 26644.1 7950.56 28017.7 5746.91 8984.09 59407.7 13539.1 7161.49 18693.6 189.679 5557.23
internal_count=3418891 3342701 2903897 1720523 279573 1183374 120430 76190 438804 140082 62085 1440950 1088 119342
cat_boundaries=0 1 2
cat_threshold=8 2097409
is_linear=0
shrinkage=0.03


Tree=81
num_leaves=15
num_cat=1
split_feature=27 4 25 19 1 6 6 19 5 11 0 15 6 6
split_gain=4993.98 2909.1 1753.38 974.18 993.065 850.933 1140.15 677.812 587.453 614.162 435.808 522.768 388.071 787.336
threshold=0 1.0000000180025095e-35 0.59032258064516141 0.31129032258064521 99.500000000000014 5.5000000000000009 4.5000000000000009 0.95107526881720439 1.0000000180025095e-35 483.50000000000006 187.50000000000003 1.5000000000000002 5.5000000000000009 4.5000000000000009
decision_type=9 2 2 2 2 2 2 2 2 2 2 2 2 2
left_child=2 7 -1 4 5 6 -3 10 9 -6 11 -2 13 -5
right_child=1 3 -4 12 8 -7 -8 -9 -10 -11 -12 -13 -14 -15
leaf_value=0.027270870495334568 0.0010992404333014284 -0.025580012648306016 0.0071736307383433564 -0.017800043948778883 0.0078543086468969708 -0.01555915509196339 0.0097637934118803699 -0.0082954967017230541 0.032896657087773888 -0.004612838668870519 0.010898156951310353 0.010631185046201154 -0.013414986704383574 0.0043135951872386525
leaf_weight=6637.4420027174056 35139.112670917064 1094.8608549507335 9498.0682326331735 2452.026255140081 6140.286623718217 7953.4956904472783 3279.3973613101989 4706.0095581971109 525.30335128307343 8447.5681666815653 6434.9835900627077 6072.3852001279593 20556.650337428786 3539.733738607727
leaf_count=64640 262054 108496 60199 179972 140424 711199 29661 61566 2241 387052 34999 35231 1294799 46583
internal_value=-0.000113451 -0.0024736 0.0154324 -0.00735988 -0.00339593 -0.00971455 0.000913543 0.00256503 0.00175844 0.000634983 0.00363786 0.00250397 -0.0114568 -0.0047375
internal_weight=122477 106342 16135.5 53989.3 27440.9 12327.8 4374.26 52352.5 15113.2 14587.9 47646.5 41211.5 26548.4 5991.76
internal_count=3419116 3294277 124839 2900427 1379073 849356 138157 393850 529717 527476 332284 297285 1521354 226555
cat_boundaries=0 2
cat_threshold=570570848 9
is_linear=0
shrinkage=0.03


Tree=82
num_leaves=15
num_cat=1
split_feature=14 8 18 5 2 28 3 20 12 6 16 2 10 7
split_gain=4793.81 2882.11 775.134 772.545 704.741 550.288 537.335 533.237 531.822 826.639 2140.88 807.383 523.688 758.703
threshold=1.0000000180025095e-35 4.5000000000000009 112.50000000000001 1.0000000180025095e-35 138.50000000000003 0 85.000000000000014 35.441935483870971 0.97512285012285027 5.5000000000000009 25.500000000000004 130.00000000000003 1.0000000180025095e-35 2.5000000000000004
decision_type=2 2 8 2 2 9 2 2 2 2 2 2 2 2
left_child=5 2 4 8 -2 6 -1 12 -3 10 -10 -11 -4 -14
right_child=1 3 7 -5 -6 -7 -8 -9 9 11 -12 -13 13 -15
leaf_value=0.029713846518657969 -0.017803143202495625 -0.0027259409822702782 0.010009651262587889 0.014440321486305474 1.3813952929665235e-05 0.006441448599284391 0.0097157677752434772 0.0034814187677440515 0.010078941379526403 -0.018045164743756573 -0.02081526399513451 -0.0077187413062529686 0.10914765150063861 0.024083318599631032
leaf_weight=5348.3341767042875 2637.3445383245125 16262.252751005813 4284.1525862468407 1517.3942240476608 8232.9066724237055 1809.4991464838386 1564.0800935775042 42064.542163951322 5562.82593723014 11031.623091693968 3167.3242165092379 17829.997394574806 112.68393483757973 561.5021038968116
leaf_count=54682 153535 277756 113224 6626 83045 14195 7260 393875 34146 1002493 309034 960445 758 7109
internal_value=-0.000120309 -0.00177069 0.00290943 -0.00666391 -0.00431018 0.0213096 0.0251545 0.00457844 -0.0072588 -0.0092196 -0.00113067 -0.0116662 0.0138825 0.0384416
internal_weight=121986 113265 57893.1 55371.4 10870.3 8721.91 6912.41 47022.9 53854 37591.8 8730.15 28861.6 4958.34 674.186
internal_count=3418183 3342046 751546 2590500 236580 76137 61942 514966 2583874 2306118 343180 1962938 121091 7867
cat_boundaries=0 1
cat_threshold=2097409
is_linear=0
shrinkage=0.03


Tree=83
num_leaves=15
num_cat=2
split_feature=14 4 5 6 16 28 15 7 11 9 28 3 16 6
split_gain=4503.56 2853.26 1863.95 719.08 1865.47 763.498 637.746 668.627 600.067 603.857 558.52 554.355 509.846 438.572
threshold=1.0000000180025095e-35 1.0000000180025095e-35 1.0000000180025095e-35 5.5000000000000009 25.500000000000004 0 1.0000000180025095e-35 2.5000000000000004 25.500000000000004 1.0000000180025095e-35 1 85.000000000000014 16.500000000000004 4.5000000000000009
decision_type=2 2 2 2 2 9 2 2 2 2 9 2 2 2
left_child=10 6 3 4 13 -5 7 12 9 -7 11 -1 -2 -3
right_child=1 2 -4 5 -6 8 -8 -9 -10 -11 -12 -13 -14 -15
leaf_value=0.029369212389418618 -0.0025626311443114522 -0.023463440015538024 0.015413083352093081 -0.01503887072575506 -0.017397716153506215 0.0081503907268040618 0.0067689710353265381 -0.0036283840144212859 -0.0075161728207641387 0.082202069399720856 0.0056309568729503608 0.0090981202318830782 0.0080113373389357565 0.0093312045633659191
leaf_weight=5261.1850932911038 6199.8659470379353 386.64016113616526 3206.2131188362837 16448.877893446013 4254.653417843394 785.84069117903709 22528.537537436932 18674.887575156987 21306.032037196681 112.46287148352712 1770.788961365819 1579.8413036614656 12136.748259902 6913.9617972448468
leaf_count=54959 30826 7594 14250 1265353 383592 25288 147266 192844 1166284 761 13922 7351 68105 41171
internal_value=-0.000132204 -0.00172664 -0.00676059 -0.00817683 -0.00161031 -0.0101398 0.00278946 0.000367059 -0.00650035 0.0175024 0.0207786 0.0246539 0.00443619 0.00759142
internal_weight=121567 112955 53414.7 50208.5 11555.3 38653.2 59540 37011.5 22204.3 898.304 8611.82 6841.03 18336.6 7300.6
internal_count=3419566 3343334 2904293 2890043 432357 2457686 439041 291775 1192333 26049 76232 62310 98931 48765
cat_boundaries=0 1 2
cat_threshold=1048705 2113793
is_linear=0
shrinkage=0.03


Tree=84
num_leaves=15
num_cat=1
split_feature=8 25 4 5 0 10 19 4 12 7 28 15 14 11
split_gain=4340.86 2331.49 1080.5 1353.23 810.289 731.393 499.292 489.762 478.873 489.165 475.193 437.169 385.368 379.365
threshold=2.5000000000000004 0.4919354838709678 1.0000000180025095e-35 1.0000000180025095e-35 22.000000000000004 1.0000000180025095e-35 0.31129032258064521 1.0000000180025095e-35 0.7958333333333335 15.500000000000002 0 1.0000000180025095e-35 865.16666666666686 32.500000000000007
decision_type=2 2 2 2 2 2 2 2 2 2 9 2 2 2
left_child=1 4 8 6 -1 -6 -4 10 9 -2 -3 12 -12 -7
right_child=2 7 3 -5 5 13 -8 -9 -10 -11 11 -13 -14 -15
leaf_value=0.027975997465402403 0.001243351343395593 0.0099545957160557912 -0.0052984838025088576 0.014078166593874487 0.00798530834344373 0.084181853289040057 -0.01165373073400148 -0.0061433425927246042 0.0206096638011431 -0.0090467141495033133 -0.0036773541102902239 0.0096009926776570165 0.0066504698427811981 0.024388716515241261
leaf_weight=5238.3268496543169 22389.344227321446 10564.940855834633 21792.74207902886 2513.4103504121304 4765.425052437 170.31810406316072 22735.771503989585 4181.3931662328541 985.14176539704204 5104.9377589374781 10445.66555063054 5221.6286441609263 4720.1221383064985 218.4853585716337
leaf_count=57588 195704 59288 1242148 11091 88091 1156 1425835 148837 8883 63818 60776 26032 27096 2529
internal_value=-0.000131778 0.00718516 -0.00454266 -0.00733466 0.0196671 0.0112189 -0.00854359 0.00349254 6.92109e-05 -0.000667493 0.00479441 0.00211409 -0.000462748 0.0507303
internal_weight=121048 45526.3 75521.3 47041.9 10392.6 5154.23 44528.5 35133.8 28479.4 27494.3 30952.4 20387.4 15165.8 388.803
internal_count=3418872 471393 2947479 2679074 149364 91776 2667983 322029 268405 259522 173192 113904 87872 3685
cat_boundaries=0 1
cat_threshold=3168393
is_linear=0
shrinkage=0.03


Tree=85
num_leaves=15
num_cat=4
split_feature=14 27 6 16 27 21 1 20 20 28 27 0 15 0
split_gain=4198.68 3177.31 1080.28 2428.66 903.883 813.901 664.032 596.05 566.926 564.15 432.038 497.244 345.202 342.885
threshold=1.0000000180025095e-35 0 5.5000000000000009 25.500000000000004 1 0.80876731963688497 99.500000000000014 17.741666666666671 23.422691397849466 2 3 187.50000000000003 1.0000000180025095e-35 187.50000000000003
decision_type=2 9 2 2 9 2 2 2 2 9 9 2 2 2
left_child=4 2 3 -2 9 7 -4 -3 -8 -1 -7 -12 13 -9
right_child=1 5 6 -5 -6 10 8 12 -10 -11 11 -13 -14 -15
leaf_value=0.028004976292024562 0.0094906808588691698 0.013599490177683974 -0.017374791954959851 -0.022251797086005474 -0.0094347273533715616 0.013915848865538902 0.0021017510381863974 -0.00060807617945211109 -0.011404146159912131 0.0080086107784592062 -0.0093251369489838788 0.0054660768599913354 0.0053571085720526971 0.0079281464896109113
leaf_weight=5864.8709028437734 6828.5371768455952 4648.658036175184 12007.020636913367 3178.1718564108014 825.09410148859024 1016.3021392337978 3812.2979411128908 30310.841563609429 10501.157807440497 1656.8326392620802 10099.595300148241 2564.2577480897307 22256.183977317996 4921.8746677674353
leaf_count=58923 35325 60198 1148387 330704 3430 6501 168421 405380 699779 13701 240898 18202 201477 24948
internal_value=-0.000158521 -0.0016864 -0.00897997 -0.000592076 0.0203673 0.00180925 -0.0121722 0.00326793 -0.00780704 0.0236184 -0.00481478 -0.00632493 0.00243228 0.000584592
internal_weight=120492 112145 36327.2 10006.7 8346.8 75817.7 26320.5 62137.6 14313.5 7521.7 13680.2 12663.9 57488.9 35232.7
internal_count=3416274 3340220 2382616 366029 76054 957604 2016587 692003 868200 72624 265601 259100 631805 430328
cat_boundaries=0 1 2 3 5
cat_threshold=2300576531 2449473536 2097153 537001984 1
is_linear=0
shrinkage=0.03


Tree=86
num_leaves=15
num_cat=2
split_feature=14 27 6 16 19 27 5 16 7 23 24 25 11 16
split_gain=4067.89 3177.82 1102.35 2499.96 971.035 881.75 695.582 677.877 580.343 440.051 418.427 348.176 343.892 590.849
threshold=1.0000000180025095e-35 0 5.5000000000000009 25.500000000000004 0.65591397849462374 1 1.0000000180025095e-35 13.500000000000002 14.500000000000002 1.7667829727996984 0.95076059163195303 2.3440860215053769 96.500000000000014 24.500000000000004
decision_type=2 9 2 2 2 9 2 2 2 2 8 2 2 2
left_child=5 2 3 12 6 9 10 11 -6 -1 -3 -4 13 -2
right_child=1 4 7 -5 8 -7 -8 -9 -10 -11 -12 -13 -14 -15
leaf_value=0.027895949933733944 0.064560061609304276 0.0026932270004128137 -0.0036091211512551419 -0.024045134081188819 -9.4160824234153917e-05 -0.0092616656178548234 0.022447954539655052 -0.018737412406450098 -0.0096306087635081757 0.011252696864462574 0.01265515389990963 -0.013166794678329825 0.012278357116169435 -0.014626642260452061
leaf_weight=5462.7112544253469 92.832619532942772 43014.353459005244 6721.739049917087 2881.8045996250585 21795.142571890727 819.82765366137028 1824.0581062287092 10068.021801696159 7797.0563812851906 1939.2193382754922 4160.9764737561345 7006.6644088020548 5635.5484548471868 881.16349675506353
leaf_count=58479 530 491831 494881 308585 281332 3410 8211 816328 259542 14274 63782 587010 25341 4172
internal_value=-0.000110439 -0.00160723 -0.00937434 -0.000732708 0.00168362 0.0202552 0.00427526 -0.0128249 -0.0026071 0.023506 0.00357214 -0.00848774 0.00943376 -0.0070208
internal_weight=120101 111879 33287.8 9491.35 78591.6 8221.76 48999.4 23796.4 29592.2 7401.93 47175.3 13728.4 6609.54 973.996
internal_count=3417708 3341545 2236847 338628 1104698 76163 563824 1898219 540874 72753 555613 1081891 30043 4702
cat_boundaries=0 1 2
cat_threshold=2166391568 2449473536
is_linear=0
shrinkage=0.03


Tree=87
num_leaves=15
num_cat=5
split_feature=27 4 20 19 5 19 28 11 9 27 28 6 0 27
split_gain=3789.1 2097.41 1608.05 884.83 724.209 592.363 424.805 525.978 696.567 344.345 344.014 387.638 311.871 436.966
threshold=0 1.0000000180025095e-35 87.320325268817214 0.31129032258064521 1.0000000180025095e-35 0.95107526881720439 1 32.500000000000007 1.0000000180025095e-35 2 3 20.500000000000004 187.50000000000003 4
decision_type=9 2 2 2 2 2 9 2 2 9 9 2 2 9
left_child=2 5 -1 4 6 12 -3 8 -8 -9 11 -4 13 -2
right_child=1 3 10 -5 -6 -7 7 9 -10 -11 -12 -13 -14 -15
leaf_value=0.026433445255299729 -0.011986684418806293 -0.0077653709462139559 0.018509254537497574 -0.010492215156815851 0.032052871971934745 -0.0081720259913087082 0.0087588560098548329 0.0070601234865024856 0.072163235403715525 -0.0049031768460698387 0.0018145447476968048 -0.0061016462881595644 0.0090930621697364895 0.0027340328829891431
leaf_weight=5701.2126736566424 1891.7090023010969 11200.142499934882 2890.0190480612218 25269.911232321523 529.38630750775337 4667.157910939306 1928.0949939964339 2753.4681852888316 168.71500363014638 9997.8787471530959 5911.5135570392013 718.77443167567253 6572.2377490028739 39468.766971707344
leaf_count=62267 11273 700619 20005 1523730 2308 61565 30832 109900 1140 535518 35119 4624 35268 286175
internal_value=-0.000152679 -0.00219097 0.0138253 -0.00647308 -0.00265146 0.00202952 -0.00335797 -2.78594e-05 0.0138925 -0.00231783 0.00628753 0.0135695 0.00302298 0.00205824
internal_weight=119669 104447 15221.5 51847.6 26577.7 52599.9 26048.3 14848.2 2096.81 12751.3 9520.31 3608.79 47932.7 41360.5
internal_count=3420343 3298328 122015 2904047 1380317 394281 1378009 677390 31972 645418 59748 24629 332716 297448
cat_boundaries=0 2 3 4 5 6
cat_threshold=570570784 9 262145 1208041472 1312769 4194304
is_linear=0
shrinkage=0.03


Tree=88
num_leaves=15
num_cat=4
split_feature=14 27 6 16 27 19 16 28 7 10 6 8 27 25
split_gain=3699.01 2811.86 993.903 2260.19 835.49 794.656 653.372 555.126 479.825 474.287 364.583 382.735 336.741 362.65
threshold=1.0000000180025095e-35 0 5.5000000000000009 25.500000000000004 1 0.54086021505376347 13.500000000000002 2 14.500000000000002 1.0000000180025095e-35 24.500000000000004 3.5000000000000004 3 2.7376344086021507
decision_type=2 9 2 2 9 2 2 9 2 2 2 2 9 2
left_child=4 2 3 -2 7 9 -4 -1 12 10 11 -3 -7 -14
right_child=1 5 6 -5 -6 8 -8 -9 -10 -11 -12 -13 13 -15
leaf_value=0.027391207968588332 0.0090902581365970066 0.0076288740898315744 -0.0074957239295327044 -0.022054042462176991 -0.0089281102700841213 -0.0034145103586615258 -0.017192199393623295 0.0072785441507373979 -0.007755382239042226 0.013876658363429054 -0.0020999228796693471 -2.5530678723987191e-05 -0.027662597540077938 0.0039028119557805879
leaf_weight=5547.4032842367887 6856.0604324638844 18285.570843717083 14634.718556024134 3020.1334761185572 829.13719138503075 11884.347505618818 10924.579061612487 1622.0298522338271 8423.4175407979637 4462.6621700730175 8071.8283399343491 8665.0062060710043 333.54965088143945 15730.372032544576
leaf_count=59007 35361 111555 1139417 330559 3454 181905 879023 13844 244183 50113 89379 141963 2184 136485
internal_value=-0.000123524 -0.00153982 -0.00851525 -0.000434917 0.0195806 0.00171962 -0.0116407 0.022859 -0.00147939 0.00466679 0.00349288 0.00516796 0.000412365 0.00324369
internal_weight=119291 111292 35435.5 9876.19 7998.57 75856.8 25559.3 7169.43 36371.7 39485.1 35022.4 26950.6 27948.3 16063.9
internal_count=3418432 3342127 2384360 365920 76305 957767 2018440 72851 564757 393010 342897 253518 320574 138669
cat_boundaries=0 1 2 3 4
cat_threshold=2300609425 2449473536 2097153 1179992096
is_linear=0
shrinkage=0.03


Tree=89
num_leaves=15
num_cat=2
split_feature=27 27 25 6 16 19 1 7 0 15 16 1 2 6
split_gain=3504.43 2003.21 1534.95 1027.81 2144.85 942.937 731.078 806.673 366.191 405.007 325.805 318.093 315.086 314.545
threshold=0 1 0.54086021505376347 5.5000000000000009 25.500000000000004 0.91827956989247317 146.00000000000003 6.5000000000000009 187.50000000000003 1.5000000000000002 13.500000000000002 109.50000000000001 60.000000000000007 20.500000000000004
decision_type=9 9 2 2 2 2 2 2 2 2 2 2 2 2
left_child=2 3 -1 4 -2 8 10 -8 9 11 -5 -3 -6 -4
right_child=1 5 13 6 12 -7 7 -9 -10 -11 -12 -13 -14 -15
leaf_value=0.026032091086145882 0.009611615530124188 0.023889162971268085 0.009359951407050867 -0.011876962998231981 0.019320002935557159 -0.0082657398022299346 0.014183163152293629 -0.0090884641123531833 0.0086926378532985824 0.0080373749756719234 -0.021463112175588665 7.8859297201664807e-05 -0.023763829767964421 -0.0035238569053277677
leaf_weight=5610.6782166808844 6626.7823189590126 509.34526119939983 6338.7765185125172 6907.616559159942 161.10396433994174 9025.7377737527713 1564.8200339516625 9320.4355172161013 6775.9214562885463 7023.7499855821952 5938.5886640464887 47955.101764807478 2728.7613899423741 2332.4339960850775
leaf_count=63359 30076 3710 40178 682944 865 206786 48573 583783 35284 68187 586428 744201 309247 14826
internal_value=-0.000135894 -0.00204065 0.0137971 -0.00812044 0.000206559 0.000795653 -0.011463 -0.00574203 0.00210942 0.00130537 -0.0163098 0.000329585 -0.0213561 0.00589438
internal_weight=118820 104538 14281.9 33248.1 9516.65 71289.9 23731.5 10885.3 62264.1 55488.2 12846.2 48464.4 2889.87 8671.21
internal_count=3418447 3300084 118363 2241916 340188 1058168 1901728 632356 851382 816098 1269372 747911 310112 55004
cat_boundaries=0 2 3
cat_threshold=570562592 11 2166391571
is_linear=0
shrinkage=0.03


Tree=90
num_leaves=15
num_cat=2
split_feature=27 8 25 27 6 16 18 1 21 16 24 10 7 7
split_gain=3199.87 1831.99 1545.85 630.682 1085.12 2269.72 582.301 544.424 530.887 474.099 358.419 451.379 429.823 309.843
threshold=0 4.5000000000000009 0.4919354838709678 1 5.5000000000000009 25.500000000000004 112.50000000000001 146.00000000000003 0.87434304825609177 14.500000000000002 0.94765727905663943 1.0000000180025095e-35 2.5000000000000004 20.500000000000004
decision_type=9 2 2 9 2 2 8 2 2 2 8 2 2 2
left_child=2 6 -1 4 5 13 7 -2 -5 -6 -8 -12 -13 -3
right_child=1 3 -4 8 9 -7 10 -9 -10 -11 11 12 -14 -15
leaf_value=0.025606288076842981 -0.017199965482710751 0.014997127362412497 0.0056007148212017617 -8.8770939261089497e-05 -0.0091025253637724828 -0.024524463634539636 0.002588243876832646 -0.00069364753968674119 -0.011134432115548301 -0.018663197779638322 0.0085916194240742896 0.080928392297517471 0.01563587316380928 -0.0024442710934719125
leaf_weight=5472.7534317150712 2292.6898110969923 4185.4247663542628 9527.864092387259 18763.280649092048 12019.631537393667 2285.0507454397157 36752.883628930897 8328.2063502576202 4948.120258632116 7635.5126381712034 4584.10243691504 154.86378172598779 218.65707489475608 1173.3598183039576
leaf_count=62928 152545 18117 61717 505488 965517 265897 371217 83333 168145 646363 105707 985 4316 6361
internal_value=-5.06124e-05 -0.00193048 0.0128921 -0.00597634 -0.00908423 0.000503572 0.00201292 -0.00425808 -0.00239315 -0.0128174 0.00360979 0.0111809 0.0428503 0.0111784
internal_weight=118342 103342 15000.6 51010.4 27299 7643.84 52331.4 10620.9 23711.4 19655.1 41710.5 4957.62 373.521 5358.78
internal_count=3418636 3293991 124645 2575888 1902255 290375 718103 235878 673633 1611880 482225 111008 5301 24478
cat_boundaries=0 2 3
cat_threshold=570570848 9 2167407376
is_linear=0
shrinkage=0.03


Tree=91
num_leaves=15
num_cat=2
split_feature=1 27 20 6 16 1 7 25 21 5 20 28 5 21
split_gain=3093.45 2038.9 1031.98 813.141 1770.39 813.148 770.643 597.325 465.166 450.664 400.254 327.689 325.612 322.13
threshold=60.000000000000007 0 127.48022580645163 5.5000000000000009 25.500000000000004 146.00000000000003 12.500000000000002 15.540860215053765 0.99456521739130443 1.0000000180025095e-35 265.91980645161294 1 1.0000000180025095e-35 0.9125656951743909
decision_type=2 9 2 2 2 2 2 2 2 2 2 9 2 2
left_child=2 3 -1 4 -2 -5 10 8 9 -3 -7 -4 -8 -9
right_child=1 7 11 5 -6 6 12 13 -10 -11 -12 -13 -14 -15
leaf_value=0.025828010994834848 0.0082238365064509055 0.0024308622198323223 0.014409948530826805 -0.0157440440058467 -0.01943594256678801 0.019394780188415086 -0.0097005619172274796 -0.00051658725823481959 0.037828419493469989 0.017794457529401553 -0.0026047678440051067 -0.0032596962514983775 0.034265516462411542 -0.0084513316012654553
leaf_weight=5046.3196468576789 6885.3943652659655 46884.420435087755 1777.8442708998919 12492.03673586715 2984.5474790027365 1485.9158455403522 9775.8492478951812 18662.360764383338 346.48320893850178 1782.7557946369052 1489.8908308083192 1998.2913387306035 153.03409199416637 6112.185976844281
leaf_count=61742 35342 532586 13542 1269892 331521 36395 624562 267312 2203 8139 90855 13275 629 131620
internal_value=-0.000131929 -0.00151428 0.0169536 -0.00744644 -0.000141258 -0.0102883 -0.00500616 0.00132186 0.00324102 0.00299401 0.00838314 0.00509049 -0.00901953 -0.00247445
internal_weight=117877 109055 8822.46 35266.7 9869.94 25396.7 12904.7 73788.2 49013.7 48667.2 2975.81 3776.14 9928.88 24774.5
internal_count=3419615 3331056 88559 2389196 366863 2022333 752441 941860 542928 540725 127250 26817 625191 398932
cat_boundaries=0 1 2
cat_threshold=2300576529 18825
is_linear=0
shrinkage=0.03


Tree=92
num_leaves=15
num_cat=4
split_feature=14 27 6 6 27 19 5 6 29 27 24 20 7 8
split_gain=3054.66 2298.85 945.846 1625.68 834.832 808.764 644.561 618.376 556.852 427.385 382.569 359.544 320.661 316.443
threshold=1.0000000180025095e-35 0 5.5000000000000009 4.5000000000000009 1 0.78709677419354851 1.0000000180025095e-35 16.500000000000004 2 3 0.95076059163195303 5.7754784946236564 11.500000000000002 1.5000000000000002
decision_type=2 9 2 2 9 2 2 2 9 9 8 2 2 2
left_child=4 2 3 -2 8 6 10 -4 -1 -7 12 -9 -3 -12
right_child=1 5 7 -5 -6 9 -8 11 -10 -11 13 -13 -14 -15
leaf_value=0.028189979685799667 -0.022469743716533624 0.0032141763197143171 -0.017830225422157616 0.0069190978541406488 -0.010413749339210155 -0.0093361721721749082 0.019289109878733886 -0.00087562525914365661 0.010046746235799837 -0.00037636539095479814 0.020968526279775131 -0.011125781558592944 -0.0021861198100743035 0.0044846880049042729
leaf_weight=4345.6739529371262 2231.31962627545 38275.154497517273 8686.5870992681012 7023.7218455318362 810.74923197925091 7738.5972252041101 2146.1453403532505 4704.5037863990292 2401.4728988409042 12567.067292546853 1742.9646638007835 8918.5812539160252 13345.636399314739 2628.8333846516907
leaf_count=50392 264576 301971 766244 74822 3382 253260 9705 351652 22449 145769 12453 780730 325959 56464
internal_value=-0.000125691 -0.00139325 -0.00822829 -0.000167989 0.0183221 0.001358 0.00315839 -0.0115756 0.0217592 -0.00379607 0.00253978 -0.00758639 0.00181801 0.0110598
internal_weight=117567 110009 31564.7 9255.04 7557.9 78444.4 58138.7 22309.7 6747.15 20305.7 55992.6 13623.1 51620.8 4371.8
internal_count=3419828 3343605 2238024 339398 76223 1105581 706552 1898626 72841 399029 696847 1132382 627930 68917
cat_boundaries=0 1 2 3 4
cat_threshold=2166391569 2449473536 36 1309999136
is_linear=0
shrinkage=0.03


Tree=93
num_leaves=15
num_cat=4
split_feature=14 27 6 16 25 27 19 6 21 19 28 27 10 25
split_gain=2932.98 2164.36 866.02 1941.6 800.613 787.94 628.323 620.09 592.853 599.346 586.489 454.124 382.525 348.865
threshold=1.0000000180025095e-35 0 5.5000000000000009 25.500000000000004 4.6231182795698933 1 0.91827956989247317 16.500000000000004 0.7814142379359772 0.98387096774193561 2 3 1.0000000180025095e-35 2.4919354838709684
decision_type=2 9 2 2 2 9 2 2 2 2 9 9 2 2
left_child=5 2 3 -2 8 10 11 -4 9 12 -1 -6 -3 -9
right_child=1 4 7 -5 6 -7 -8 13 -10 -11 -12 -13 -14 -15
leaf_value=0.026387046024286421 0.008202200847847849 0.0041648964044999738 -0.017612361009107871 -0.022673857705190679 0.0037469125083475015 -0.0096394314155268373 -0.0076393186961695222 -0.0024646031998959319 0.033747930332942613 -0.03396966729093872 0.0051524241163808417 -0.0022991896716277093 0.015808077612897969 -0.012095551886243863
leaf_weight=5094.5551566928625 6644.2514747790992 20047.467555726878 8537.1831683889031 2530.1568658370525 22689.743466394022 821.73028260469437 9739.0303624486551 6760.3599509606138 665.30183378700167 348.05120884347707 1544.1768337339163 22022.050182444043 2907.2209472013637 6780.0719843981788
leaf_count=59077 29917 232584 766699 308789 190059 3432 212812 523098 4736 2431 13834 430106 31918 610018
internal_value=-0.000146388 -0.00138461 -0.00805897 -0.000314471 0.00127623 0.0180536 -0.000734735 -0.0112807 0.00584514 0.00504709 0.0214645 0.000769344 0.00564013 -0.00728762
internal_weight=117131 109671 31252 9174.41 78418.9 7460.46 54450.8 22077.6 23968 23302.7 6638.73 44711.8 22954.7 13540.4
internal_count=3419510 3343167 2238521 338706 1104646 76343 832977 1899815 271669 266933 72911 620165 264502 1133116
cat_boundaries=0 1 2 3 5
cat_threshold=2166391571 2449473536 2097153 813840448 10
is_linear=0
shrinkage=0.03


Tree=94
num_leaves=15
num_cat=1
split_feature=14 8 18 1 5 29 24 1 10 7 14 23 20 6
split_gain=2848.35 1657.96 542.35 593.215 520.299 511.148 443.06 415.025 388.183 466.669 340.233 319.229 307.628 281.9
threshold=1.0000000180025095e-35 4.5000000000000009 112.50000000000001 138.50000000000003 1.0000000180025095e-35 0 0.96154400035448429 119.50000000000001 1.0000000180025095e-35 2.5000000000000004 99.029411764705898 0.73202771777756481 117.66467795698927 5.5000000000000009
decision_type=2 2 8 2 2 9 8 2 2 2 2 2 2 2
left_child=5 2 3 -2 11 7 -4 -1 10 -10 -8 -3 -7 -13
right_child=1 4 6 -5 -6 12 8 -9 9 -11 -12 13 -14 -15
leaf_value=0.028833000452756913 -0.017207555771924298 0.00030900853132645136 0.0026631158017102361 -0.00013399173513967382 0.012225909700286431 0.017706118195127501 -0.002781629114274715 0.0071156795645005294 0.087316338556524362 0.020996290756456606 0.016007326983634846 -0.0019978481347686203 -0.0025385958427199796 -0.007918204258649874
leaf_weight=3626.6391683220863 2351.4580834046938 6841.728546934668 42669.840709368698 8270.4006745223887 1497.6140713617206 1346.5321677923203 1338.5415472816676 1014.1587659046054 124.80235912837088 400.68866415694356 2461.8763910043053 9185.25696772011 1354.1649243459105 34163.726688217372
leaf_count=47059 153101 313144 406027 83563 6624 15264 76531 5075 738 5709 25653 334318 8692 1935468
internal_value=-7.74589e-05 -0.00129245 0.00220702 -0.00391499 -0.00519333 0.01801 0.00359076 0.0240379 0.0127381 0.036883 0.0093907 -0.00571333 0.0075301 -0.00666381
internal_weight=116647 109306 57617.6 10621.9 51688.3 7341.5 46995.7 4640.8 4325.91 525.491 3800.42 50190.7 2700.7 43349
internal_count=3416966 3340876 751322 236664 2589554 76090 514658 52134 108631 6447 102184 2582930 23956 2269786
cat_boundaries=0 1
cat_threshold=36
is_linear=0
shrinkage=0.03


Tree=95
num_leaves=15
num_cat=4
split_feature=14 27 27 25 16 16 29 22 19 25 27 24 1 18
split_gain=2674.59 2081.64 709.792 689.739 598.491 1104.08 596.177 505.436 500.495 407.305 381.896 371.559 366.105 323.196
threshold=1.0000000180025095e-35 0 1 7.4591397849462373 25.500000000000004 24.500000000000004 2 9986.7076630434804 0.95107526881720439 0.16397849462365593 3 0.93548605233537219 99.500000000000014 36.500000000000007
decision_type=2 9 9 2 2 2 9 2 2 2 9 8 2 8
left_child=2 4 6 7 5 9 -1 11 10 12 -5 -3 -2 -7
right_child=1 3 -4 8 -6 13 -8 -9 -10 -11 -12 -13 -14 -15
leaf_value=0.027854213195461032 -0.010195647864634397 0.0028410522099755709 -0.0085844378073721434 0.0032367339805381532 -0.021648146779666515 -0.029261204044243205 0.008724179672989189 0.031587076093395623 -0.0085115470392030448 -0.013320995143072249 -0.0027928322507784573 0.012425983952570345 0.0030163852883655991 0.0047234395583532806
leaf_weight=4067.889280334115 4501.5915466919541 28735.47727345489 828.54861432313919 18947.763984758407 2610.0536388391629 260.33103182073683 2339.6032239496708 610.30040230602026 6982.7646746300161 13206.424696203321 18846.587986813858 4167.0763631323352 3249.4900190150365 6949.6451493734494
leaf_count=50163 457734 318027 3464 172856 318332 1880 22373 4188 156368 1232396 391615 61054 156044 72143
internal_value=-0.000124372 -0.00129624 0.0175368 0.00130266 -0.00790484 -0.00663344 0.0208961 0.00455762 -0.00113324 -0.010117 0.000230145 0.00405532 -0.00465709 0.00349247
internal_weight=116304 109068 7236.04 78290 30777.5 28167.5 6407.49 33512.9 44777.1 20957.5 37794.4 32902.6 7751.08 7209.98
internal_count=3418637 3342637 76000 1104108 2238529 1920197 72536 383269 720839 1846174 564471 379081 613778 74023
cat_boundaries=0 1 2 3 5
cat_threshold=2166358803 2449473536 36 813742156 11
is_linear=0
shrinkage=0.03


Tree=96
num_leaves=15
num_cat=3
split_feature=14 27 6 16 27 16 19 29 24 25 20 8 16 11
split_gain=2542.58 1940.28 755.548 1724.78 721.932 601.505 562.005 559.113 424.479 304.297 299.084 285.922 557.401 414.92
threshold=1.0000000180025095e-35 0 5.5000000000000009 25.500000000000004 1 13.500000000000002 0.88548387096774206 2 0.7775869443379253 2.3440860215053769 87.320325268817214 3.5000000000000004 24.500000000000004 183.50000000000003
decision_type=2 9 2 2 9 2 2 9 8 2 2 2 2 2
left_child=4 2 3 11 7 9 8 -1 -3 -4 -9 12 -2 -13
right_child=1 6 5 -5 -6 -7 -8 10 -10 -11 -12 13 -14 -15
leaf_value=0.027453229562298297 0.05630370062032411 0.00065955102052140963 -0.0015514152985842764 -0.02092422475050093 -0.0092759325780918458 -0.015900037956156667 -0.0045052309432155706 0.019586587308806611 0.0058011573813628913 -0.010485447992231138 -0.0018622198125497695 0.031194578557301636 -0.014478659017849317 0.0071570191095331383
leaf_weight=3974.2376217916608 111.21220003254712 40988.263297142461 6603.0717190969735 2629.7948214197531 821.41498023271561 9877.0656333365478 12427.611327165738 1170.9683038145304 22319.834904923104 7142.8166023688391 1168.1170971319079 738.60253198817372 929.67427315935493 5132.7372415773571
leaf_count=50122 660 435771 504758 330575 3437 878655 231674 14184 291002 634763 8315 3305 4592 26684
internal_value=-0.000186256 -0.001323 -0.00737292 -0.000250492 0.0171621 -0.0102529 0.00132715 0.0205849 0.00247233 -0.00619426 0.00884126 0.00761683 -0.00686923 0.0101857
internal_weight=116035 108901 33165 9542.02 7134.74 23623 75735.7 6313.32 63308.1 13745.9 2339.09 6912.23 1040.89 5871.34
internal_count=3418497 3342439 2383992 365816 76058 2018176 958447 72621 726773 1139521 22499 35241 5252 29989
cat_boundaries=0 1 2 3
cat_threshold=2300576659 2449473536 36
is_linear=0
shrinkage=0.03


Tree=97
num_leaves=15
num_cat=3
split_feature=8 20 27 6 16 27 10 16 27 23 15 1 16 2
split_gain=2409.46 1552.87 961.881 822.385 1978.34 693.965 737.666 543.126 509.507 487.036 349.443 349.135 339.009 315.831
threshold=2.5000000000000004 50.85846451612904 0 5.5000000000000009 25.500000000000004 1 1.0000000180025095e-35 14.500000000000002 2 0.79104479742394829 1.0000000180025095e-35 146.00000000000003 17.500000000000004 99.500000000000014
decision_type=2 2 9 2 2 9 2 2 9 2 2 2 2 2
left_child=1 5 3 4 -2 -1 -7 13 11 -4 -11 -3 -10 -5
right_child=2 8 9 7 -6 6 -8 -9 12 10 -12 -13 -14 -15
leaf_value=0.025970980787925375 0.0092182827946753112 -0.016162280621606434 0.0060065273740136467 -0.012588349680895368 -0.023601025400249748 0.0053645390354710191 0.058725695063682887 -0.017183408541656078 0.001617568558346568 -0.0047777577960235003 0.0012791926918714401 -0.00031832859026292848 0.0089233447850284638 -0.0030011669101687867
leaf_weight=4073.242866659537 6035.5576502811164 1404.7274340614676 8072.4250234859064 5416.4837533766404 2275.417146933265 3933.354359716177 246.87565484177321 7803.90892216051 10995.893327504396 19898.811095087323 15059.779534898698 11425.993475549854 11905.960142944939 7208.1114485217258
leaf_count=56513 27522 91524 128023 592185 290401 81191 2724 703211 72004 524536 204019 96249 71532 478219
internal_value=-8.57762e-05 0.00544286 -0.00347414 -0.00772255 0.000231102 0.0171706 0.00850888 -0.010962 0.00273359 -0.000634673 -0.00216853 -0.00205247 0.00541347 -0.00711514
internal_weight=115757 43986 71770.5 28739.5 8310.97 8253.47 4180.23 20428.5 35732.6 43031 34958.6 12830.7 22901.9 12624.6
internal_count=3419853 471737 2948116 2091538 317923 140428 83915 1773615 331309 856578 728555 187773 143536 1070404
cat_boundaries=0 1 2 3
cat_threshold=2171603217 1644298240 3360997772
is_linear=0
shrinkage=0.03


Tree=98
num_leaves=15
num_cat=4
split_feature=14 27 6 16 27 19 16 29 5 7 6 19 27 25
split_gain=2289.49 1752.25 745.917 1693.44 667.538 617.317 615.91 565.191 527.867 514.287 359.769 301.216 290.513 319.956
threshold=1.0000000180025095e-35 0 5.5000000000000009 25.500000000000004 1 0.54086021505376347 12.500000000000002 2 1.0000000180025095e-35 16.500000000000004 24.500000000000004 0.31129032258064521 3 2.7376344086021507
decision_type=2 9 2 2 9 2 2 9 2 2 2 2 9 2
left_child=4 2 3 -2 7 8 11 -1 10 12 -3 -4 13 -7
right_child=1 5 6 -5 -6 9 -8 -9 -10 -11 -12 -13 -14 -15
leaf_value=0.027023522576311434 0.0075707279636416502 0.0046352241563166179 -0.0016546080564314382 -0.022173824454473648 -0.00877982778524883 -0.026951690467122022 -0.016160780330918823 0.0081074312721870437 0.02119034538003239 -0.0088853841336168308 -0.0022358562321794849 -0.011387547335998876 -0.003258796864529599 0.0032313563686898585
leaf_weight=3843.8349385336041 6686.8530090227723 30552.307330498472 6684.2440001191571 2319.3132452489808 822.25913769006729 321.09175558201969 9323.5693214968778 2300.4328222945333 1505.0489560812712 7029.5621159360744 8842.6982584856451 5003.7763953357935 13047.69319887599 16977.265639429912
leaf_count=50158 29974 341821 534662 309212 3447 2196 887622 22495 7108 262494 105814 474303 230018 156825
internal_value=-7.85188e-05 -0.00115099 -0.0073118 -9.08502e-05 0.0165906 0.00121245 -0.0104102 0.0199684 0.00375936 -0.00157433 0.00309291 -0.00582201 0.000119494 0.00266803
internal_weight=115260 108293 30017.8 9006.17 6966.53 78275.7 21011.6 6144.27 40900.1 37375.6 39395 11688 30346.1 17298.4
internal_count=3418149 3342049 2235773 339186 76100 1106276 1896587 72653 454743 651533 447635 1008965 389039 159021
cat_boundaries=0 1 2 3 5
cat_threshold=2166358291 2449473536 36 813873352 9
is_linear=0
shrinkage=0.03


Tree=99
num_leaves=15
num_cat=1
split_feature=14 8 28 1 18 2 24 23 9 7 20 14 2 15
split_gain=2279.16 1367.23 507.804 492.087 474.257 498.564 438.491 366.491 308.701 445.505 245.147 241.697 240.787 292.019
threshold=1.0000000180025095e-35 4.5000000000000009 0 119.50000000000001 112.50000000000001 146.00000000000003 0.96154400035448429 0.73202771777756481 1.0000000180025095e-35 2.5000000000000004 107.0748548387097 99.029411764705898 1693.5000000000002 1.5000000000000002
decision_type=2 2 9 2 8 2 8 2 2 2 2 2 2 2
left_child=2 4 3 -1 5 -2 12 -3 11 -10 -4 -8 13 -6
right_child=1 7 10 -5 6 -7 8 -9 9 -11 -12 -13 -14 -15
leaf_value=0.0268790478540579 -0.016100486612141821 0.0015982249448909791 0.014651848902819975 0.0063582145160737446 0.00046531402961144815 -0.00028368236691751487 -0.0013846483018797016 -0.0057622909812487591 0.082054349229664925 0.019293167448858072 -0.0088926507481860428 0.014807158083748205 0.0097045576453020314 0.0071096847552679738
leaf_weight=3811.0103304684162 2291.7398099913262 7079.715043883305 729.99257839471102 1453.4572620019317 31820.561415936332 8238.8587263696827 1287.9393729544245 43453.818313199095 125.38848790898919 528.73267475701869 872.76063118875027 2330.2060985411517 3709.7103313058615 7322.2449044394307
leaf_count=54412 153770 314988 8714 7310 323531 83125 75775 2276498 778 8221 5680 23616 20603 62721
internal_value=-6.49644e-05 -0.00112881 0.016693 0.0211756 0.00202851 -0.00372704 0.00331471 -0.00473108 0.0124787 0.0314307 0.00182205 0.00904462 0.00240082 0.00170839
internal_weight=115056 108189 6867.22 5264.47 57655.4 10530.6 47124.8 50533.5 4272.27 654.121 1602.75 3618.15 42852.5 39142.8
internal_count=3419742 3343626 76116 61722 752140 236895 515245 2591486 108390 8999 14394 99391 406855 386252
cat_boundaries=0 1
cat_threshold=2097153
is_linear=0
shrinkage=0.03


Tree=100
num_leaves=15
num_cat=0
split_feature=1 1 7 6 16 20 11 11 7 10 25 21 19 18
split_gain=2153.85 1237.88 1191.46 1054.98 1465.49 859.728 650.149 635.649 675.698 500.948 434.952 696.58 614.939 389.377
threshold=60.000000000000007 138.50000000000003 14.500000000000002 5.5000000000000009 25.500000000000004 87.320325268817214 668.50000000000011 607.50000000000011 15.500000000000002 1.0000000180025095e-35 3.0489247311827961 0.77048494983277604 0.95107526881720439 inf
decision_type=2 2 2 2 2 2 2 2 2 2 2 2 2 8
left_child=5 3 10 4 6 -1 7 8 -2 -4 11 12 -3 -5
right_child=1 2 9 13 -6 -7 -8 -9 -10 -11 -12 -13 -14 -15
leaf_value=0.024593003727638594 0.0053540028639281105 0.0067388240964223372 -0.0073840270972978213 -0.01657278987795506 -0.023131811407484042 0.004834329441267788 0.049992113373410731 -0.037459936591460984 0.0482482797359228 0.0029126461925483584 0.0011441509836464317 0.040284583229809365 -0.034296859996321455 -0.0043771806917106667
leaf_weight=4072.6718001663685 4640.8612805325538 13871.728489232715 19860.077230986208 9090.5902251475491 1732.8866514572874 3860.9865076877177 318.43476516008377 286.55783736892045 354.90183757245541 5410.4332273034379 47179.818493209314 545.45773222390562 335.65946256462485 3181.5961268721148
leaf_count=58962 20416 144933 959486 1015456 226937 29834 1375 1426 1503 126731 558868 2889 2405 267906
internal_value=-0.000101044 -0.00122131 0.000310102 -0.00803242 0.000969859 0.0149791 0.00842977 0.00591527 0.00841028 -0.00517947 0.00255007 0.00704585 0.00576698 -0.0134117
internal_weight=114743 106809 87203.2 19605.8 7333.64 7933.66 5600.76 5282.32 4995.76 25270.5 61932.7 14752.8 14207.4 12272.2
internal_count=3419127 3330331 1795312 1535019 251657 88796 24720 23345 21919 1086217 709095 150227 147338 1283362
is_linear=0
shrinkage=0.03


Tree=101
num_leaves=15
num_cat=3
split_feature=14 27 6 6 27 25 6 28 21 19 5 6 8 24
split_gain=2068.47 1536.75 710.796 1266.11 634.643 624.766 577.355 561.98 444.356 411.739 406.83 317.462 373.681 341.63
threshold=1.0000000180025095e-35 0 5.5000000000000009 4.5000000000000009 1 8.7215053763440871 16.500000000000004 2 0.99456521739130443 0.95107526881720439 1.0000000180025095e-35 26.500000000000004 1.5000000000000002 0.97980381678611106
decision_type=2 9 2 2 9 2 2 9 2 2 2 2 2 8
left_child=4 2 3 -2 7 8 -4 -1 10 -7 11 12 13 -3
right_child=1 5 6 -5 -6 9 -8 -9 -10 -11 -12 -13 -14 -15
leaf_value=0.024813527049652215 -0.02133616580376526 0.0070193751494160685 -0.016465162246875761 0.0060784011221975253 -0.0086361678172099266 -0.00010071274578997065 -0.006083486401191468 0.0032582492933690642 0.03985228519882919 -0.0081585990754340903 0.019489675431004067 -0.0034913244950947227 0.0018871534493524124 0.024605782037426995
leaf_weight=4434.9731037281454 1935.2371343350969 8681.6796559328213 7757.3990131332539 6987.6898821629584 820.52815894782543 34118.362693306059 12739.976315019652 1460.7692914605141 306.19497486390173 6852.6421142239124 1397.9702185839415 5699.3374192127958 20042.473837685771 1122.0094714127481
leaf_count=58992 264579 45123 765659 74792 3439 520363 1130028 13851 1697 155915 6717 71582 296610 9129
internal_value=-8.30006e-05 -0.0010909 -0.00693427 0.000130905 0.0160682 0.00110772 -0.0100131 0.0194889 0.00391968 -0.00144861 0.0036208 0.00299616 0.00423506 0.0090344
internal_weight=114357 107641 29420.3 8922.93 6716.27 78220.7 20497.4 5895.74 37249.7 40971 36943.5 35545.5 29846.2 9803.69
internal_count=3418476 3342194 2235058 339371 76282 1107136 1895687 72843 430858 676278 429161 422444 350862 54252
cat_boundaries=0 1 2 3
cat_threshold=2166358288 2449473536 2097153
is_linear=0
shrinkage=0.03


Tree=102
num_leaves=15
num_cat=1
split_feature=14 8 28 1 18 2 5 20 10 7 16 6 1 16
split_gain=1980.22 1144.78 498.966 496.118 449.542 442.54 404.292 363.613 361.546 412.287 255.845 248.919 950.512 834.461
threshold=1.0000000180025095e-35 4.5000000000000009 0 119.50000000000001 112.50000000000001 138.50000000000003 1.0000000180025095e-35 35.441935483870971 1.0000000180025095e-35 2.5000000000000004 11.500000000000002 5.5000000000000009 130.00000000000003 25.500000000000004
decision_type=2 2 9 2 8 2 2 2 2 2 2 2 2 2
left_child=2 4 3 -1 5 -2 11 8 -6 -10 -9 13 -13 -3
right_child=1 6 -4 -5 7 -7 -8 10 9 -11 -12 12 -14 -15
leaf_value=0.026340973958247822 -0.015673242798448957 0.0060406302032142631 0.00098857461814397013 0.0055895763273452687 0.0076898335082727157 -0.00063927989334022295 0.010963480014461603 -0.0017834442963085265 0.08001265449603373 0.019677490478142712 0.0035239866033184857 -0.014370434349533152 -0.0033474249227683881 -0.011547767644665379
leaf_weight=3603.5537738017738 2242.432520004455 6267.539430225268 1585.6539059057832 1456.5142987146974 4076.2884155604988 8214.89744269941 1484.3891375213861 11075.375624272972 128.15575062204152 489.05501787923276 31200.341793490574 9317.1992798577994 28806.146054259501 3961.2084505078383
leaf_count=54529 153732 42908 14378 7397 113351 83004 6597 122553 748 7066 270626 1014524 1190592 336789
internal_value=-0.000141793 -0.00112642 0.015748 0.0203299 0.00176075 -0.0038643 -0.00445328 0.00301318 0.0109342 0.0323145 0.00213354 -0.00492678 -0.00604171 -0.000771156
internal_weight=113909 107263 6645.72 5060.07 57426.5 10457.3 49836.5 46969.2 4693.5 617.211 42275.7 48352.1 38123.3 10228.7
internal_count=3418794 3342490 76304 61926 751080 236736 2591410 514344 121165 7814 393179 2584813 2205116 379697
cat_boundaries=0 1
cat_threshold=2097153
is_linear=0
shrinkage=0.03


Tree=103
num_leaves=15
num_cat=1
split_feature=14 4 19 1 28 1 6 16 24 10 7 15 7 12
split_gain=1883.17 1175.53 563.159 613.684 498.752 482.339 479.69 813.98 459.444 367.712 345.904 310.866 314.827 362.57
threshold=1.0000000180025095e-35 1.0000000180025095e-35 0.34408602150537643 99.500000000000014 0 119.50000000000001 5.5000000000000009 25.500000000000004 0.81494753641266471 1.0000000180025095e-35 15.500000000000002 1.5000000000000002 2.5000000000000004 0.59545454545454557
decision_type=2 2 2 2 9 2 2 2 8 2 2 2 2 2
left_child=4 8 3 6 5 -1 7 10 11 -5 -3 12 -2 -14
right_child=1 2 -4 9 -6 -7 -8 -9 -10 -11 -12 -13 13 -15
leaf_value=0.026057252829877843 0.0025560243508666101 0.0047027636942240441 -0.0079866846376753179 0.00037658265961168155 0.00062312392859427835 0.0053846681910678686 -0.011977501979823528 -0.023819322569952551 0.0062135204105465023 0.012968437464882999 0.03638567765646767 0.0068054503176833677 -0.0040390170402123384 0.010135508339171234
leaf_weight=3555.656314894557 15372.191873548552 2921.1966015398502 22932.068310714327 11486.102341221645 1560.6073052659631 1422.7525550946593 6499.1959179467522 923.18896537134424 15245.17021721229 2549.7701388872229 346.03649221360683 5563.7958890497684 21588.99359764345 1755.2813304364681
leaf_count=54884 80413 12263 1468168 499495 14196 7251 732811 128938 112999 60623 1447 32613 199427 13742
internal_value=-0.000135729 -0.00108932 -0.00460052 -0.00145976 0.0154927 0.0201112 -0.0068752 0.00103927 0.00172186 0.00266479 0.00806844 0.000175326 -0.000777615 -0.00297283
internal_weight=113722 107183 47657.6 24725.5 6539.02 4978.41 10689.6 4190.42 59525.4 14035.9 3267.23 44280.3 38716.5 23344.3
internal_count=3419270 3342939 2903745 1435577 76331 62135 875459 142648 439194 560118 13710 326195 293582 213169
cat_boundaries=0 1
cat_threshold=2097537
is_linear=0
shrinkage=0.03


Tree=104
num_leaves=15
num_cat=3
split_feature=14 27 27 25 29 16 16 8 22 19 25 2 5 16
split_gain=1792.16 1357.4 562.004 539.104 532.943 526.181 779.88 470.929 433.176 423.969 418.698 401.612 364.425 350.937
threshold=1.0000000180025095e-35 0 1 7.4591397849462373 2 25.500000000000004 24.500000000000004 1.5000000000000002 9986.7076630434804 0.95107526881720439 2.3440860215053769 99.500000000000014 1.0000000180025095e-35 30.500000000000004
decision_type=2 9 9 2 9 2 2 2 2 2 2 2 2 2
left_child=2 5 4 8 -1 6 10 -8 12 -5 11 -2 -3 -7
right_child=1 3 -4 9 -6 13 7 -9 -10 -11 -12 -13 -14 -15
leaf_value=0.026018427999131379 -0.0095954139960796273 0.0028241767728069671 -0.0079441126635546762 0.00011887655236706437 0.0069652349258534467 -0.022290841234462538 -0.028386101619751955 0.004914789404664748 0.029532767917990383 -0.0079926090883906033 -0.012976078492073604 0.0026117641702720342 0.01927123369073212 0.055289548457411228
leaf_weight=3434.4400573670864 5452.5472928970121 31687.384892756119 818.21388922631741 37746.258673745207 2185.452636115253 2212.066207758151 404.00233940221369 6788.9111993974075 582.39039399009198 6851.0464154207148 9603.8951172847301 4368.0537674697116 1259.7638106644154 52.824370386544615
leaf_count=50039 614070 373563 3429 565482 22477 317675 2900 71246 4124 156761 991770 238697 6213 342
internal_value=-9.63919e-05 -0.00102132 0.0152748 0.00103331 0.0186371 -0.00657705 -0.00539767 0.0030407 0.00390746 -0.00112736 -0.00852241 -0.00416613 0.00345361 -0.0204578
internal_weight=113447 107009 6438.11 78126.8 5619.89 28882.3 26617.4 7192.91 33529.5 44597.3 19424.5 9820.6 32947.1 2264.89
internal_count=3418788 3342843 75945 1106143 72516 2236700 1918683 74146 383900 722243 1844537 852767 379776 318017
cat_boundaries=0 1 2 3
cat_threshold=2166358800 2449473536 36
is_linear=0
shrinkage=0.03


Tree=105
num_leaves=15
num_cat=2
split_feature=8 25 27 27 16 16 10 2 18 21 25 10 15 13
split_gain=1676.21 1313.38 671.638 623.01 593.872 1027.2 570.065 433.392 451.302 406.809 669.852 388.248 376.448 308.461
threshold=2.5000000000000004 0.44247311827956998 0 1 25.500000000000004 24.500000000000004 1.0000000180025095e-35 99.500000000000014 993.50000000000011 0.83062589584328728 3.1311827956989249 1.0000000180025095e-35 1.0000000180025095e-35 1.5000000000000002
decision_type=2 2 9 9 2 2 2 2 10 2 2 2 2 2
left_child=1 3 4 -1 5 7 -5 -2 -9 11 -11 -4 -3 -7
right_child=2 12 9 6 -6 13 -8 8 -10 10 -12 -13 -14 -15
leaf_value=0.024318234698785354 -0.014102489205806002 0.00029300587890470508 -0.00052695187141007746 0.0046000447811271944 -0.021532182127932401 0.0080888082807561695 0.044800426906083053 0.0017871802054265254 -0.010813144535138852 0.035687951293726872 -0.0080992958079420287 0.0081409643097347054 0.007561634782037494 -0.0082023551251887341
leaf_weight=3777.1272318875417 8148.4922241498716 26538.867857060395 28571.136529298034 4100.9514876715839 2206.7219549007714 5285.0085815293714 343.14852865878493 4867.8802329320461 5390.394881689921 325.93116148468107 8237.8509256588295 5553.9515044130385 8455.0120535111055 1303.208670521155
leaf_count=59578 1001795 258255 516024 83600 299528 47464 3501 303629 417380 2064 246537 91957 66262 22184
internal_value=-5.98653e-05 0.00458453 -0.00293163 0.0153739 -0.00661462 -0.00529943 0.00769616 -0.00893778 -0.0048343 -0.00058302 -0.00642881 0.000883972 0.00204937 0.00486551
internal_weight=113106 43215.1 69890.6 8221.23 27201.7 24995 4444.1 18406.8 10258.3 42688.9 8563.78 34125.1 34993.9 6588.22
internal_count=3419758 471196 2948562 146679 2091980 1792452 87101 1722804 721009 856582 248601 607981 324517 69648
cat_boundaries=0 1 2
cat_threshold=2167441683 1109526528
is_linear=0
shrinkage=0.03


Tree=106
num_leaves=15
num_cat=1
split_feature=8 20 5 4 12 4 10 15 6 16 2 29 20 7
split_gain=1653.23 1204.47 577.9 601.358 437.519 416.923 651.825 387.308 379.812 981.692 623.738 415.017 393.52 330.491
threshold=2.5000000000000004 87.320325268817214 1.0000000180025095e-35 1.0000000180025095e-35 0.79057017543859665 1.0000000180025095e-35 1.0000000180025095e-35 1.0000000180025095e-35 5.5000000000000009 25.500000000000004 130.00000000000003 0 1112.887725806452 15.500000000000002
decision_type=2 2 2 2 2 2 2 2 2 2 2 9 2 2
left_child=1 5 3 4 13 -1 -7 -3 9 11 -10 -5 -12 -2
right_child=2 7 -4 8 -6 6 -8 -9 10 -11 12 -13 -14 -15
leaf_value=0.02023371788450001 0.00067889417124549661 0.00027495196386299897 0.011350266087493637 0.0081110871848072922 0.019444928620436171 0.0020894466215084966 0.047782703269770369 0.0076544737480314373 -0.013683371048016974 -0.015443206629712767 0.00023734652287377833 -0.018407107567604417 -0.0083008648358752161 -0.0079192484169428329
leaf_weight=5004.9263667203486 22306.30094428733 26459.398668946233 2444.6792155727744 5943.5816426146775 987.60583827272058 2949.3158519212157 309.57621543388814 8442.5868201875128 9975.6026655677706 2812.6566810207441 8808.8716283561662 573.36485119909048 10831.256967672147 4907.7673960737884
leaf_count=65462 195469 255517 11092 26950 8931 80961 3389 66120 1153212 353332 401159 15850 717365 63953
internal_value=-0.000113491 0.00449882 -0.00297441 -0.0034961 -0.000159775 0.0147968 0.00644337 0.00206018 -0.00591198 -0.000633423 -0.00757476 0.00575974 -0.00447154 -0.000871923
internal_weight=112757 43165.8 69591.7 67147 28201.7 8263.82 3258.89 34902 38945.3 9329.6 29615.7 6516.95 19640.1 27214.1
internal_count=3418762 471449 2947313 2936221 268353 149812 84350 321637 2667868 396132 2271736 42800 1118524 259422
cat_boundaries=0 1
cat_threshold=40
is_linear=0
shrinkage=0.03


Tree=107
num_leaves=15
num_cat=0
split_feature=1 8 20 1 6 1 24 25 6 0 5 11 13 16
split_gain=1523.55 909.829 839.271 592.308 469.844 689.138 383.318 334.027 310.384 294.637 296.915 269.163 518.182 350.776
threshold=60.000000000000007 5.5000000000000009 96.490209677419372 99.500000000000014 5.5000000000000009 99.500000000000014 0.96154400035448429 13.606451612903227 4.5000000000000009 187.50000000000003 1.0000000180025095e-35 273.50000000000006 1.5000000000000002 25.500000000000004
decision_type=2 2 2 2 2 2 8 2 2 2 2 2 2 2
left_child=2 3 -1 8 11 -6 9 -7 -2 10 -5 -3 13 -13
right_child=1 4 -4 6 5 7 -8 -9 -10 -11 -12 12 -14 -15
leaf_value=0.02320533046915994 -0.024627021715281867 -0.0087709876099811793 0.0029860834032857612 -0.00011160225248606169 -0.015009981574871689 -0.0012819009578120316 0.010504810746053977 -0.008653517674028206 -0.0053219656425946187 0.0064470368450326833 0.012045399595101987 0.015853315553564312 -0.0063467727131548144 -0.016671866517002077
leaf_weight=3684.0354028791189 910.44333660462871 1563.1847355295904 3706.2200214192271 48203.425323724747 6568.6411693780683 14854.884395740926 4287.4563823402859 8814.5208646873944 4225.3591223736294 8299.3659583739936 1877.5573642626405 3028.2702877018601 2098.9367097709328 330.22067510522902
leaf_count=59687 140603 34805 29085 554919 827077 730169 55632 480445 335176 46075 8470 14808 65963 36027
internal_value=-9.80875e-05 -0.00102427 0.0130671 0.00104524 -0.00479029 -0.00641354 0.00184798 -0.00402735 -0.00874837 0.00121205 0.0003444 0.00220101 0.00534478 0.0126513
internal_weight=112453 105062 7390.26 67803.6 37258.7 30238 62667.8 23669.4 5135.8 58380.3 50081 7020.61 5457.43 3358.49
internal_count=3418941 3330169 88772 1140875 2189294 2037691 665096 1210614 475779 609464 563389 151603 116798 50835
is_linear=0
shrinkage=0.03


Tree=108
num_leaves=15
num_cat=3
split_feature=14 27 6 16 16 27 29 25 5 21 25 8 6 16
split_gain=1539.95 1124.89 561.969 1316.1 568.844 551.385 500.441 484.799 349.594 343.997 276.772 270.764 332.846 272.797
threshold=1.0000000180025095e-35 0 5.5000000000000009 25.500000000000004 13.500000000000002 1 2 17.573655913978499 1.0000000180025095e-35 0.99456521739130443 0.098387096774193564 1.5000000000000002 10.500000000000002 5.5000000000000009
decision_type=2 9 2 2 2 9 9 2 2 2 2 2 2 2
left_child=5 2 3 -2 10 6 -1 8 9 11 -4 12 -3 -14
right_child=1 7 4 -5 -6 -7 -8 -9 -10 -11 -12 -13 13 -15
leaf_value=0.025344290568935317 0.0066415296127626923 0.011019348881313817 0.001358504908463328 -0.021093440762380351 -0.015146553135050839 -0.0084634985083293368 0.00651893362250124 -0.0027617480556196158 0.014780238435517908 0.03238840018217367 -0.0082193847935145663 0.00032661687408400055 -0.0087932620434405841 0.0039924313031313779
leaf_weight=3255.1269623339176 6715.9581841342151 5464.5466939685866 4302.8829480814748 1996.8401098665781 7812.6008156053722 817.15511834621429 2121.0266018919647 22552.434100516606 1995.9388513490558 332.06289725936949 7357.5473440359347 35945.270492604934 1771.5546118356287 9835.2150123836473
leaf_count=50346 29977 33650 345721 308838 817350 3426 22455 415768 9372 2705 735816 581077 9809 52761
internal_value=-6.39607e-05 -0.000912942 -0.00604733 0.000283407 -0.00888286 0.0144757 0.0179457 0.000945564 0.00245645 0.00199511 -0.00468518 0.00180414 0.00491501 0.00204035
internal_weight=112276 106083 28185.8 8712.8 19473 6193.31 5376.15 77897 55344.6 53348.6 11660.4 53016.6 17071.3 11606.8
internal_count=3419071 3342844 2237702 338815 1898887 76227 72801 1105142 689374 680002 1081537 677297 96220 62570
cat_boundaries=0 1 2 3
cat_threshold=2166358800 2449473536 36
is_linear=0
shrinkage=0.03


Tree=109
num_leaves=15
num_cat=4
split_feature=14 27 6 6 6 27 28 20 15 11 14 27 20 7
split_gain=1477.99 1046.9 531.014 978.876 571.351 515.883 508.499 419.334 435.427 541.051 382.342 387.295 328.137 300.033
threshold=1.0000000180025095e-35 0 5.5000000000000009 4.5000000000000009 13.500000000000002 1 2 5.7754784946236564 1.0000000180025095e-35 435.50000000000006 422.50000000000006 3 5.7754784946236564 23.500000000000004
decision_type=2 9 2 2 2 9 9 2 2 2 2 9 2 2
left_child=5 2 3 -2 -4 6 -1 -3 9 10 11 -9 -6 -5
right_child=1 7 4 13 12 -7 -8 8 -10 -11 -12 -13 -14 -15
leaf_value=0.023214100561546845 -0.02004511786788191 0.0098297919981672685 -0.017051050559140284 0.0036244626599416787 0.00059609707191606574 -0.0079051254912333654 0.0020047168953967534 -0.018568440408155022 0.0034173753185497051 -0.0062679959439301018 0.0074011195354737724 -0.00010928241012365939 -0.0089539821701899221 0.028939134508239355
leaf_weight=3899.7869712263346 1713.0916642192751 4424.1345938788727 5310.6208245470189 6510.1892954078503 5075.47612064844 818.41521872580051 1390.794614546001 1054.7550899470225 26240.283115080558 14326.124678629451 6241.224724246189 25495.06705871271 8942.7930348883383 449.57921535149217
leaf_count=58977 264078 67346 557501 71175 420490 3440 13793 17489 280292 397196 35374 306974 921587 3381
internal_value=-0.000101093 -0.000929728 -0.00590251 0.000262832 -0.00867181 0.0142453 0.0176543 0.000861198 0.000320299 -0.00140455 0.000720378 -0.000850323 -0.00549647 0.00526363
internal_weight=111892 105783 28001.8 8672.86 19328.9 6109 5290.58 77781.6 73357.5 47117.2 32791 26549.8 14018.3 6959.77
internal_count=3419093 3342883 2238212 338634 1899578 76210 72770 1104671 1037325 757033 359837 324463 1342077 74556
cat_boundaries=0 1 2 3 4
cat_threshold=2166391571 2449473536 2097153 5242880
is_linear=0
shrinkage=0.03


Tree=110
num_leaves=15
num_cat=0
split_feature=8 25 1 10 15 15 19 1 6 16 11 11 11 7
split_gain=1331.26 1058.95 510.036 491.461 414.468 335.315 301.558 317.388 784.332 1058.36 346.736 424.736 556.458 237.821
threshold=2.5000000000000004 0.44247311827956998 60.000000000000007 1.0000000180025095e-35 1.0000000180025095e-35 1.0000000180025095e-35 0.83602150537634423 138.50000000000003 5.5000000000000009 25.500000000000004 668.50000000000011 607.50000000000011 457.50000000000006 2.5000000000000004
decision_type=2 2 2 2 2 2 2 2 2 2 2 2 2 2
left_child=1 2 -1 -4 6 13 7 8 9 10 11 12 -2 -3
right_child=4 5 3 -5 -6 -7 -8 -9 -10 -11 -12 -13 -14 -15
leaf_value=0.023299537055419092 0.0057754392941689681 0.0014936208911739864 0.0050387774116715566 0.042347716826522511 0.00068872298831619474 0.0070616291686745377 -0.008891345063977301 -0.00089601077055603774 -0.012930189961846677 -0.024095860982658771 0.046424685591578536 -0.036766376719941776 0.048138071976590563 -0.0060594782959235713
leaf_weight=3184.9269802570343 3503.1053577680141 22014.334990877658 4367.385715204291 341.74294935259968 22696.84541757172 8471.0981040876359 9939.747493899893 23243.595683860127 7614.3370635928586 1099.6116584697738 210.07485133036971 189.38678360171616 302.27075835317373 4521.5471013258211
leaf_count=56497 14571 226929 86746 3546 568494 66226 488883 805223 892851 174303 893 945 1260 31509
internal_value=-4.36177e-05 0.0041038 0.0140286 0.00775471 -0.00262985 0.00186543 -0.00426362 -0.00299141 -0.00676111 0.00209514 0.00894848 0.00696658 0.00915217 0.000206441
internal_weight=111700 42901 7894.06 4709.13 68799 35007 46102.1 36162.4 12918.8 5304.45 4204.84 3994.76 3805.38 26535.9
internal_count=3418876 471453 146789 90292 2947423 324664 2378929 1890046 1084823 191972 17669 16776 15831 258438
is_linear=0
shrinkage=0.03


Tree=111
num_leaves=15
num_cat=3
split_feature=14 27 27 28 6 6 6 19 24 7 7 11 11 13
split_gain=1309.19 976.213 502.001 529.315 485.792 919.045 573.693 413.688 340.152 272.399 836.228 644.234 498.175 296.619
threshold=1.0000000180025095e-35 0 1 2 5.5000000000000009 4.5000000000000009 16.500000000000004 0.91827956989247317 0.85400662775664793 23.500000000000004 20.500000000000004 668.50000000000011 457.50000000000006 1.5000000000000002
decision_type=2 9 9 9 2 2 2 2 8 2 2 2 2 2
left_child=2 4 3 -1 5 -2 -6 8 -3 10 12 -11 -7 -14
right_child=1 7 -4 -5 6 9 -8 -9 -10 11 -12 -13 13 -15
leaf_value=0.022836553567179403 -0.019853760286282419 0.00059746668260811245 -0.0082802045862304177 0.0010453199612850779 -0.015175796865350415 0.0044220701529664001 -0.004391983732840686 -0.0048104603952487104 0.0058247873228175259 -0.039928887373589288 -0.02601877170183832 0.046621576443852945 0.048354255077781301 0.00093525259699822822
leaf_weight=3769.6385446377099 1661.4006637409329 53549.946965607349 815.05635887384415 1378.4078070521355 7061.3976410836913 5184.8886592420749 11960.365633047186 10123.949402962346 14166.826871622819 98.475321340374649 765.62543910602108 349.86644997168332 393.88352296687663 169.82111652009189
leaf_count=58824 263872 669214 3422 13797 766736 48460 1130191 218502 220077 1472 12138 1887 2793 7853
internal_value=-0.000101639 -0.000874767 0.0135727 0.0170165 -0.00571618 0.000187928 -0.00839582 0.000845374 0.00169113 0.00497242 0.00341351 0.0275648 0.00733729 0.0340958
internal_weight=111450 105486 5963.1 5148.05 27645.7 8623.96 19021.8 77840.7 67716.8 6962.56 6514.22 448.342 5748.59 563.705
internal_count=3419238 3343195 76043 72621 2235402 338475 1896927 1107793 889291 74603 71244 3359 59106 10646
cat_boundaries=0 1 2 3
cat_threshold=2166391056 2449473536 2097153
is_linear=0
shrinkage=0.03


Tree=112
num_leaves=15
num_cat=1
split_feature=27 22 19 4 5 6 2 7 6 6 6 7 3 2
split_gain=1308.52 1160.32 555.802 444.331 375.908 358.222 306.598 284.13 233.316 226.406 376.227 324.618 283.279 214.701
threshold=0 23.083907608695654 0.31129032258064521 1.0000000180025095e-35 1.0000000180025095e-35 26.500000000000004 99.500000000000014 17.500000000000004 20.500000000000004 5.5000000000000009 4.5000000000000009 15.500000000000002 85.000000000000014 124.50000000000001
decision_type=9 2 2 2 2 2 2 2 2 2 2 2 2 2
left_child=2 5 4 -4 6 -2 9 8 -3 10 -1 -12 -11 -8
right_child=1 7 3 -5 -6 -7 13 -9 -10 12 11 -13 -14 -15
leaf_value=-0.016731999349030392 0.022986760797206695 0.0047751617030462653 -0.0012851181323797929 -0.0080058280470017423 0.026817093680030976 -0.0054606682056472823 0.048443701442025124 -0.006383542751652229 -0.00029859223449775821 -0.010072832870929829 0.0028822011610125735 0.033850050407388817 0.0053910029567964439 0.0020659252059931684
leaf_weight=812.02399742882699 3413.5234232973307 25916.111613917165 15281.799328187481 21048.075031863526 473.66736608743668 450.6245888620615 89.282442449592054 3019.3341455264017 11903.154042283073 5812.346225486137 3007.690089520067 338.01315668551251 1304.9351116642356 18317.194739398081
leaf_count=109289 57819 189957 125175 1476464 2212 10673 3061 60985 112285 710736 27379 2707 7007 522554
internal_value=-1.11101e-05 0.00395731 -0.00267958 -0.00517894 0.000330746 0.0196688 -9.28219e-05 0.00247122 0.00317829 -0.00398836 0.0015735 0.00602003 -0.00723722 0.0022935
internal_weight=111188 44702.7 66485 36329.9 30155.2 3864.15 29681.5 40838.6 37819.3 11275 4157.73 3345.7 7117.28 18406.5
internal_count=3418303 431719 2986584 1601639 1384945 68492 1382733 363227 302242 857118 139375 30086 717743 525615
cat_boundaries=0 1
cat_threshold=3446965147
is_linear=0
shrinkage=0.03


Tree=113
num_leaves=15
num_cat=3
split_feature=7 25 27 5 27 27 10 7 16 6 11 13 11 9
split_gain=1211.31 847.211 801.273 501.241 469.337 448.459 411.665 323.902 311.641 739.344 616.27 374.012 507.27 680.409
threshold=6.5000000000000009 0.4919354838709678 0 1.0000000180025095e-35 1 2 1.0000000180025095e-35 2.5000000000000004 25.500000000000004 5.5000000000000009 258.50000000000006 1.5000000000000002 639.50000000000011 1.0000000180025095e-35
decision_type=2 2 9 2 9 9 2 2 2 2 2 2 2 2
left_child=1 2 -1 5 -3 8 -4 -8 9 10 -2 -12 -13 -14
right_child=3 4 6 -5 -6 -7 7 -9 -10 -11 11 12 13 -15
leaf_value=0.022989346807446142 -0.023987769613364844 -0.0029016729315401355 0.0032277055686083314 0.010057966093254359 0.0036523214933823051 -0.0012453223373545107 0.067948618555332518 0.010692510669268412 -0.018293385835373904 -0.0087706129702251039 0.013240807473096026 -0.025448185175074581 -0.025234700219304535 0.041415577537722091
leaf_weight=3375.1437749136239 610.80633883737028 14831.603883092292 6255.1038107662462 2512.8598899766803 29137.240749219898 30670.045845352113 159.47477397974581 200.44655867526308 1929.5852835206315 16717.72981839953 3326.829647179693 608.36598943918943 233.63503074273467 333.44917779415846
leaf_count=60990 2775 364358 220802 11632 252871 610201 1124 5605 273415 1589351 14482 5501 2304 1790
internal_value=1.28312e-05 0.00323363 0.0111194 -0.00303917 0.00144168 -0.00364399 0.00501822 0.0361797 -0.00673666 -0.00571748 0.00426479 0.00810217 -0.00644039 0.01396
internal_weight=110902 53959 9990.17 56943.3 43968.8 54430.4 6615.03 359.921 23760.4 21830.8 5113.09 4502.28 1175.45 567.084
internal_count=3417201 905750 288521 2511451 617229 2499819 227531 6729 1889618 1616203 26852 24077 9595 4094
cat_boundaries=0 1 3 4
cat_threshold=1252198400 2689876356 2 2838530841
is_linear=0
shrinkage=0.03


Tree=114
num_leaves=15
num_cat=4
split_feature=14 27 20 27 28 6 16 20 7 16 16 28 16 11
split_gain=1199.05 809.056 466.454 454.218 502.657 417.929 937.787 389.365 392.43 362.877 327.391 420.018 332.318 297.505
threshold=1.0000000180025095e-35 0 1.0000000180025095e-35 1 2 5.5000000000000009 25.500000000000004 23.422691397849466 10.500000000000002 12.500000000000002 11.500000000000002 3 12.500000000000002 661.50000000000011
decision_type=2 9 2 9 9 2 2 2 2 2 2 9 2 2
left_child=3 2 -2 4 -1 6 13 -3 10 -7 -9 12 -12 -4
right_child=1 7 5 -5 -6 9 -8 8 -10 -11 11 -13 -14 -15
leaf_value=0.022393327116116267 -0.00014761553335513873 0.01020581157164223 0.0022107472314033356 -0.0074595160868832786 0.00089358324732390353 -0.0066197031802270141 -0.024112528632897229 -0.0020362884735772133 -0.0029811225315346354 -0.016918614962501351 0.042185988445112142 0.0027790267718065947 0.0073545541611664579 0.025944610668852997
leaf_weight=3619.1586590185761 10737.57613393059 3745.1392230931669 3981.7009231336415 823.6088730096817 1352.4058061242104 7076.8057080130093 1271.0919467969798 14318.856041488238 22677.167085714638 5452.6338750929572 438.01842401362956 34061.173348469194 563.42115522548556 538.81267949193716
leaf_count=58801 708752 62710 18927 3467 13833 710040 212701 133403 578105 617051 2254 291229 4560 2672
internal_value=-0.000121635 -0.000855817 -0.00511082 0.0131611 0.0165597 -0.00802226 -0.00135749 0.000775912 0.00028578 -0.0111026 0.00178605 0.00334703 0.0223929 0.00504477
internal_weight=110658 104862 29058.6 5795.17 4971.56 18321 5791.61 75803.8 72058.6 12529.4 49381.5 35062.6 1001.44 4520.51
internal_count=3418505 3342404 2270143 76101 72634 1561391 234300 1072261 1009551 1327091 431446 298043 6814 21599
cat_boundaries=0 1 2 3 4
cat_threshold=2167407379 2449473536 2097153 1048576
is_linear=0
shrinkage=0.03


Tree=115
num_leaves=15
num_cat=1
split_feature=27 25 25 1 6 6 16 11 11 11 24 5 2 16
split_gain=1136.85 978.916 443.253 568.571 383.574 325.955 619.573 322.94 327.267 480.227 318.543 276.429 269.162 248.314
threshold=0 0.19677419354838713 7.6887096774193564 99.500000000000014 27.500000000000004 5.5000000000000009 25.500000000000004 285.50000000000006 183.50000000000003 92.500000000000014 0.76486188065485239 1.0000000180025095e-35 149.50000000000003 24.500000000000004
decision_type=9 2 2 2 2 2 2 2 2 2 10 2 2 2
left_child=1 4 3 5 -1 6 7 8 9 13 -3 -5 -4 -2
right_child=2 10 12 11 -6 -7 -8 -9 -10 -11 -12 -13 -14 -15
leaf_value=0.021133351209614768 0.048373189373516992 0.00032200942282116838 -0.0082539747081160821 0.0015155826649220008 -0.005117502704196566 -0.010444233561870868 -0.023032650065153121 0.013740315946641221 -0.02087486589476497 0.030401829538494938 0.0059959745587647318 0.021641234704905532 -0.0024627863512894943 -0.017092423868214898
leaf_weight=3586.1655050162226 56.61795337498188 26950.906606581993 14475.670730711892 25470.829042796046 581.87769374623895 6477.6767216455191 846.45497053582221 1955.5716679990292 648.47166149318218 432.20619395375252 13298.529552266002 628.41153537854552 14418.119219935499 551.1254268437624
leaf_count=58509 293 233684 1103516 723126 13696 819082 144303 7992 2656 1768 125052 2878 176469 2564
internal_value=-8.03085e-05 0.00362939 -0.00257855 -0.000407666 0.0174683 -0.00613881 7.2896e-05 0.00544488 -0.00416555 0.00626376 0.00219681 0.00200097 -0.00536433 -0.0109241
internal_weight=110379 44417.5 65961.2 37067.4 4168.04 10968.1 4490.45 3643.99 1688.42 1039.95 40249.4 26099.2 28893.8 607.743
internal_count=3415588 430941 2984647 1704662 72205 978658 159576 15273 7281 4625 358736 726004 1279985 2857
cat_boundaries=0 2
cat_threshold=847476832 11
is_linear=0
shrinkage=0.03


Tree=116
num_leaves=15
num_cat=1
split_feature=14 4 28 19 1 1 24 10 6 16 7 14 7 18
split_gain=1021.51 682.36 456.971 422.599 419.277 413.174 378.672 278.783 276.58 522.236 267.845 267.018 264.12 260.394
threshold=1.0000000180025095e-35 1.0000000180025095e-35 0 0.34408602150537643 119.50000000000001 99.500000000000014 0.81494753641266471 1.0000000180025095e-35 5.5000000000000009 25.500000000000004 15.500000000000002 107.51923076923079 2.5000000000000004 504.50000000000006
decision_type=2 2 9 2 2 2 8 2 2 2 2 2 2 10
left_child=2 6 4 5 13 8 -2 -7 9 10 -3 -12 -9 -1
right_child=1 3 -4 -5 -6 7 -8 12 -10 -11 11 -13 -14 -15
leaf_value=0.027647130110617354 -2.8119512489494875e-05 0.0028412110588054277 -0.0024485086374960315 -0.0065599749661932744 0.0036238637296852664 0.00060037752242929137 0.005457951245079134 0.062599294856216819 -0.0096491680784478295 -0.022146420191971005 0.05390811496677838 -0.00012669443915019023 0.0098125548264594263 0.0029664926361885066
leaf_weight=2430.549945037812 44202.501468395814 2931.2238076142967 1421.1108145564795 21493.642351293471 1377.4265956580639 11336.887156093959 15222.425251543522 87.510751588270068 5792.6943894918077 739.51150887226686 193.75491452217102 142.54383701086044 2395.3646869668737 457.35739721357822
leaf_count=48068 326071 12238 13856 1468558 7318 498879 113238 493 732578 128659 783 634 60112 6984
internal_value=-6.09194e-05 -0.000734545 0.0123208 -0.00351629 0.0172064 -0.000746389 0.00137727 0.0025948 -0.00545799 0.000601809 0.00575543 0.0310724 0.0116975 0.0237408
internal_weight=110225 104538 5686.44 45113.1 4265.33 23619.5 59424.9 13819.8 9799.73 4007.03 3267.52 336.299 2482.88 2887.91
internal_count=3418469 3342243 76226 2902934 62370 1434376 439309 559484 874892 142314 13655 1417 60605 55052
cat_boundaries=0 1
cat_threshold=2113921
is_linear=0
shrinkage=0.03


Tree=117
num_leaves=15
num_cat=4
split_feature=7 21 27 27 9 15 27 1 7 16 23 15 7 28
split_gain=984.862 675.415 594.853 501.495 424.294 345.745 317.193 308.537 294.86 258.859 245.691 222.911 204.939 202.506
threshold=7.5000000000000009 0.016364070711896803 0 1 1.0000000180025095e-35 1.5000000000000002 2 146.00000000000003 2.5000000000000004 27.500000000000004 0.57719989237443914 1.0000000180025095e-35 2.5000000000000004 3
decision_type=2 2 9 9 2 2 9 2 2 2 2 2 2 9
left_child=1 2 13 7 -4 6 -2 -3 -6 11 -8 -5 -11 -1
right_child=5 3 4 9 8 -7 10 -9 -10 12 -12 -13 -14 -15
leaf_value=0.026506312085510606 0.011197185665192877 -0.010411311001933588 0.0021963903065567655 -4.1136187486661227e-05 0.065897914479124409 0.0036222323700428691 0.0035479137651793411 -0.00071845496139974756 0.011511610998101555 0.012166817709325256 -0.0049736089117247634 0.0060193596393696312 0.0024258709073380447 0.0096642572349469567
leaf_weight=2045.4989347718656 1202.829829543829 3903.7157753636129 5036.1784940729849 17130.223111559637 160.96559459157288 6152.2811965094879 3283.4499780819751 12160.304793999996 202.30551102431491 4644.3626229865476 41827.890025570989 8017.9477843921632 3343.5946782995015 994.5199126964435
leaf_count=43905 6077 350836 201231 190107 1171 80828 142305 119255 6441 26902 2157806 51976 28098 12901
internal_value=-8.53354e-05 0.00262161 0.0104621 0.00127652 0.00445013 -0.00305918 -0.00394679 -0.0030725 0.035725 0.00338482 -0.00435234 0.00189128 0.00809027 0.0210513
internal_weight=110106 57639.6 8439.47 49200.1 5399.45 52466.5 46314.2 16064 363.271 33136.1 45111.3 25148.2 7987.96 3040.02
internal_count=3419839 1032823 265649 767174 208843 2387016 2306188 470091 7612 297083 2300111 242083 55000 56806
cat_boundaries=0 1 2 3 4
cat_threshold=1122109440 2153005440 536875012 3145729
is_linear=0
shrinkage=0.03


Tree=118
num_leaves=15
num_cat=1
split_feature=27 22 25 1 6 16 6 24 11 11 11 16 4 16
split_gain=981.279 954.251 429.553 421.985 371.579 628.502 329.584 304.631 302.555 326.948 484.575 292.235 282.177 249.751
threshold=0 18.132867295747733 9.5575268817204329 99.500000000000014 5.5000000000000009 25.500000000000004 27.500000000000004 0.68625537664598812 270.50000000000006 194.50000000000003 92.500000000000014 24.500000000000004 1.0000000180025095e-35 9.5000000000000018
decision_type=9 2 2 2 2 2 2 10 2 2 2 2 2 2
left_child=2 6 3 4 5 8 -2 -3 9 10 11 -1 -4 -6
right_child=1 7 12 -5 13 -7 -8 -9 -10 -11 -12 -13 -14 -15
leaf_value=0.052285288743902057 0.022006253200328518 -0.00046289463931234042 -0.0017935939516100184 0.0013876723140279165 -0.0029864420151851367 -0.02231998258332241 -0.0066707400884694042 0.004703600254147418 0.013890426002530241 -0.019203756042950406 0.030384258484052292 -0.016423935015427649 -0.0082641883854141542 -0.014830018984300829
leaf_weight=60.676791980862617 3007.201697550714 20943.82978405524 10477.089730124921 29047.72264780663 2704.0722414371558 851.6467221127823 409.37847393006086 20155.11011971347 2085.6149943619967 684.20100530982018 466.29703778028488 577.19942060858011 14406.871083911043 3934.5738727468997
leaf_count=310 56006 177523 94812 818203 331434 152549 10293 188445 8534 2811 1903 2712 1040077 531736
internal_value=-9.74541e-05 0.00333673 -0.00243886 -0.00052982 -0.00543073 0.000998899 0.0185692 0.00207083 0.00612969 -0.00292364 0.00717259 -0.00981649 -0.00554 -0.010007
internal_weight=109811 44515.5 65296 40412 11364.3 4725.64 3416.58 41098.9 3873.99 1788.37 1104.17 637.876 24884 6638.65
internal_count=3417348 432267 2985081 1850192 1031989 168819 66299 365968 16270 7736 4925 3022 1134889 863170
cat_boundaries=0 1
cat_threshold=3446965143
is_linear=0
shrinkage=0.03


Tree=119
num_leaves=15
num_cat=2
split_feature=14 7 5 29 15 10 15 0 7 23 28 14 19 1
split_gain=925.911 613.31 450.252 448.884 398.367 432.383 341.86 301.563 293.434 260.638 239.375 221.624 217.101 199.52
threshold=49.583333333333336 7.5000000000000009 1.0000000180025095e-35 0 1.0000000180025095e-35 1.0000000180025095e-35 1.5000000000000002 187.50000000000003 2.5000000000000004 1.8037430882853649 1 149.51190476190479 0.73763440860215057 99.500000000000014
decision_type=2 2 2 9 2 2 2 2 2 2 9 2 2 2
left_child=3 4 6 10 5 7 12 13 -7 -5 -1 -4 -3 -2
right_child=1 2 11 9 -6 8 -8 -9 -10 -11 -12 -13 -14 -15
leaf_value=0.027325303334031176 -0.006915245938034973 -0.0031468986630927764 0.012564775478258433 0.011193797221461781 0.0063233804269808474 0.048173452820746851 0.0031473458713282246 0.0051192280591050915 0.010565738196565559 -0.0055737545176345943 -0.0037484737066528192 -0.019660624511032843 -0.0077586376898576932 -0.00058005056534617518
leaf_weight=1715.6501201055944 5413.6220957660116 30652.806411002297 2176.323800496757 2471.4989908766001 12293.136905322317 234.62454714486375 5927.25936431624 7230.9150089565665 904.25301461899653 1258.5178787475452 260.81481885351241 209.76371257007122 13119.721688726451 25760.09320794465
leaf_count=34848 442287 1611524 10172 32613 141027 1581 79867 40017 20195 10042 2678 931 682580 308576
internal_value=-5.7291e-05 -0.000703398 -0.00300251 0.0117072 0.00160678 0.000140377 -0.00361373 -0.000400055 0.0183489 0.0055216 0.0232267 0.00972475 -0.0045293 -0.00168041
internal_weight=109629 103923 52085.9 5706.48 51836.6 39543.5 49699.8 38404.6 1138.88 3730.02 1976.46 2386.09 43772.5 31173.7
internal_count=3418938 3338757 2385074 80181 953683 812656 2373971 790880 21776 42655 37526 11103 2294104 750863
cat_boundaries=0 1 2
cat_threshold=4 1
is_linear=0
shrinkage=0.03


Tree=120
num_leaves=15
num_cat=2
split_feature=27 25 19 1 7 7 6 6 7 11 11 27 6 6
split_gain=883.779 834.733 495.579 447.694 307.417 254.995 243.09 362.876 246.802 239.202 255.466 232.616 370.875 591.055
threshold=0 0.13118279569892474 0.31129032258064521 99.500000000000014 2.5000000000000004 17.500000000000004 5.5000000000000009 4.5000000000000009 15.500000000000002 528.50000000000011 668.50000000000011 1 5.5000000000000009 4.5000000000000009
decision_type=9 2 2 2 2 2 2 2 2 2 2 9 2 2
left_child=2 4 3 6 -2 -3 7 -1 -9 -10 -11 12 13 -4
right_child=1 5 11 -5 -6 -7 -8 8 9 10 -12 -13 -14 -15
leaf_value=-0.020670874909410782 0.023457856177701911 0.0026488902366316289 -0.023814193347691491 0.0031044681017902498 0.0056007926850800589 -0.0065730375966102528 -0.0088650988129152352 0.0021061561766955472 0.050857768066495501 -0.038570884852334682 0.042975485361899657 -0.0029363099570703078 -0.011817392104441538 0.0055393534729253797
leaf_weight=589.7370089571923 2339.5374790839851 37821.69223618228 773.85502114379779 20302.990669977851 1380.037805031985 2904.9358801133931 5511.4328183056787 2925.820077966433 193.10116013837978 73.829090826679021 63.273518239147961 23588.458569196984 7917.1050023352727 3036.7112085763365
leaf_count=108425 46731 304075 123241 535489 22229 59548 711679 26983 1161 1208 350 543381 898965 35267
internal_value=-2.65062e-05 0.00323291 -0.00225623 0.000602324 0.0168358 0.00199097 -0.00482651 0.000962057 0.0048854 0.0294306 -0.000898163 -0.00465758 -0.00810969 -0.000426489
internal_weight=109423 44446.2 64976.3 29660.2 3719.58 40726.6 9357.19 3845.76 3256.02 330.204 137.103 35316.1 11727.7 3810.57
internal_count=3418732 432583 2986149 1385295 68960 363623 849806 138127 29702 2719 1558 1600854 1057473 158508
cat_boundaries=0 1 2
cat_threshold=3446932375 2167407376
is_linear=0
shrinkage=0.03


Tree=121
num_leaves=15
num_cat=3
split_feature=27 25 7 4 25 9 7 27 16 28 25 19 12 16
split_gain=843.376 1026.56 325.463 321.311 445.354 283.138 463.75 277.083 258.168 409.368 311.671 286.598 221.225 214.827
threshold=0 0.19677419354838713 9.5000000000000018 1.0000000180025095e-35 0.13118279569892474 1.0000000180025095e-35 2.5000000000000004 1 11.500000000000002 2 3.1311827956989249 0.98387096774193561 0.81980519480519487 25.500000000000004
decision_type=9 2 2 2 2 2 2 9 2 9 2 2 2 2
left_child=3 7 8 12 5 -5 -7 -2 11 10 -10 -3 -1 -6
right_child=1 2 -4 4 13 6 -8 -9 9 -11 -12 -13 -14 -15
leaf_value=-0.00044395204339734042 0.0013531577787358764 0.00055593560896662823 -0.0019615687661648832 -0.0012762457385688054 -0.0059567689125336739 0.06143077327603759 0.0067037081831094972 0.019661257738550781 0.041773180561475394 0.0043699028892314334 0.0021750140247543438 -0.021776181367750291 0.0130713969521395 -0.016555885606709786
leaf_weight=21013.664598880336 940.49605476576835 9503.1099748071283 16979.50906577101 11485.456084417645 21274.053616167977 159.77276365086436 1048.7561145089567 3766.5524000721052 478.16903412062675 18788.536897690967 285.64922097604722 545.96234639640898 1148.61665443331 1872.0129335192032
leaf_count=148523 15041 85380 395468 713318 1510115 1101 54544 78042 2412 147971 2329 6631 8541 249441
internal_value=-0.000104059 0.00269821 0.00134938 -0.00258196 -0.00433821 0.000177559 0.0139837 0.0160489 0.00324855 0.005257 0.0266384 -0.000659406 0.000257074 -0.00681468
internal_weight=109290 51288 46580.9 58002.3 35840.1 12694 1208.53 4707.05 29601.4 19552.4 763.818 10049.1 22162.3 23146.1
internal_count=3418857 733274 640191 2685583 2528519 768963 55645 93083 244723 152712 4741 92011 157064 1759556
cat_boundaries=0 1 3 4
cat_threshold=2373223313 276832358 3 1048576
is_linear=0
shrinkage=0.03


Tree=122
num_leaves=15
num_cat=2
split_feature=14 8 29 6 1 19 24 1 28 5 11 11 11 9
split_gain=810.297 518.957 444.886 334.339 513.06 321.073 304.797 317.356 264.072 233.459 223.974 370.18 455.381 543.729
threshold=65.250000000000014 5.5000000000000009 0 5.5000000000000009 99.500000000000014 0.72150537634408607 0.82037785304987343 138.50000000000003 1 1.0000000180025095e-35 270.50000000000006 513.50000000000011 639.50000000000011 1.0000000180025095e-35
decision_type=2 2 9 2 2 2 8 2 9 2 2 2 2 2
left_child=2 6 8 10 -5 9 7 -2 -1 -6 -3 -12 -13 -14
right_child=1 3 -4 4 5 -7 -8 -9 -10 -11 11 12 13 -15
leaf_value=0.027131130553057024 -0.0083010936663495804 -0.0078433109465903695 0.0049702463115307424 -0.012661815804951222 -0.0010051291506745158 -0.0078649729441306153 0.0040803647401999503 0.00036648638852234262 -0.0048998754715109481 0.02072282260226074 0.011878120067164001 -0.01559703611892675 -0.019693448257843481 0.027737932759159992
leaf_weight=1652.8033927977085 4159.6545366509818 1515.5217541335151 3912.8172570494935 6175.0015514949337 14471.895840695594 7742.8408640003763 19292.967131525744 44083.53914397303 272.31725411117077 458.17774411290884 3136.8548307311721 1302.6349644348957 329.19551998376846 636.92829538369551
leaf_count=35003 289847 33720 46463 829859 752510 456933 418105 433010 2781 1986 47434 48696 9914 12197
internal_value=-3.93957e-05 -0.000653928 0.0108333 -0.00357561 -0.00499624 -0.00290805 0.000893505 -0.000381012 0.0225981 -0.000336993 0.0023456 0.00520309 -0.00402718 0.0115726
internal_weight=109143 103305 5837.94 35769.1 28847.9 22672.9 67536.2 48243.2 1925.12 14930.1 6921.14 5405.61 2268.76 966.124
internal_count=3418458 3334211 84247 2193249 2041288 1211429 1140962 722857 37784 754496 151961 118241 70807 22111
cat_boundaries=0 1 2
cat_threshold=4 1
is_linear=0
shrinkage=0.03


Tree=123
num_leaves=15
num_cat=4
split_feature=14 27 29 25 6 16 6 22 5 28 20 27 25 6
split_gain=785.303 553.824 418.998 376.843 370.762 904.508 536.87 289.695 292.314 282.04 267.016 330.452 264.744 252.437
threshold=1.0000000180025095e-35 0 1 27.212903225806453 5.5000000000000009 25.500000000000004 13.500000000000002 9986.7076630434804 1.0000000180025095e-35 2 77.329435483870967 3 2.3440860215053769 3.5000000000000004
decision_type=2 9 9 2 2 2 2 2 2 9 2 9 2 2
left_child=2 4 9 7 5 -2 -6 8 13 -1 11 -4 -8 -3
right_child=1 3 10 -5 6 -7 12 -9 -10 -11 -12 -13 -14 -15
leaf_value=0.027166349269229052 0.0057006363938575891 0.0069184864552288058 0.018143828180752653 -0.0042835290050764994 -0.015494860956898643 -0.018717034366438595 0.00032942274887223983 0.015150755848405457 0.011758183815050128 -0.0076243935039360389 -0.0055620808896021017 -0.008680944028938823 -0.0081910840921842927 0.00016594783621696877
leaf_weight=1600.0072211027145 6677.0168176069856 5468.4925013240427 1626.9436875879765 12265.567910266574 4818.1024925708771 1715.2570239803754 6791.0008959076367 1358.7509338469245 2256.7341738641262 241.85775231942534 1348.8578114360571 548.57228137552738 6350.5116086308844 55980.881905289833
leaf_count=34841 30005 76591 26910 243548 557899 309268 614949 20103 10708 2512 9691 2206 727703 753579
internal_value=-0.000161295 -0.000740518 0.0110281 0.000539615 -0.00449548 0.000708389 -0.00692959 0.00144897 0.0011565 0.0225798 0.00490837 0.0114224 -0.00378834 0.000766971
internal_weight=109049 103682 5366.24 77330.4 26351.9 8392.27 17959.6 65064.9 63706.1 1841.86 3524.37 2175.52 13141.5 61449.4
internal_count=3420513 3344353 76160 1104529 2239824 339273 1900551 860981 840878 37353 38807 29116 1342652 830170
cat_boundaries=0 1 2 3 4
cat_threshold=2166358805 4 645 2449473536
is_linear=0
shrinkage=0.03


Tree=124
num_leaves=15
num_cat=3
split_feature=7 25 27 5 27 27 14 10 7 18 18 6 6 1
split_gain=776.963 624.541 563.301 395.684 324.585 322.512 319.97 312.319 277.789 242.911 254.991 284.824 459.84 456.812
threshold=6.5000000000000009 0.4919354838709678 0 1.0000000180025095e-35 1 2 134.11756756756759 1.0000000180025095e-35 2.5000000000000004 964.50000000000011 269.50000000000006 5.5000000000000009 4.5000000000000009 99.500000000000014
decision_type=2 2 9 2 9 9 2 2 2 10 8 2 2 2
left_child=1 2 -1 5 -3 9 -7 -4 -9 10 -2 12 -12 -13
right_child=3 4 7 -5 -6 6 -8 8 -10 -11 11 13 -14 -15
leaf_value=0.020730735045674912 -0.013563614452061357 -0.0021525376413894688 0.0031431341282116038 0.0092032824691308853 0.0031307128961636159 0.009801660369620404 -0.0019140230929519846 0.061430102929354705 0.0085626194105931364 -0.0093766810935769114 -0.018194044308826721 -0.012756101157784649 0.0096370005256051113 0.0022949322583278469
leaf_weight=2833.2895327396691 1802.0846212771721 17232.623339590151 6202.7905767350458 2477.2001437321305 26620.057835419197 2266.3184023103677 28104.126043871976 158.41342320339754 204.68824418820441 9653.9287328310311 637.17182480823249 3485.2741825268604 3283.1770003852434 3785.0227515734732
leaf_count=60465 169663 386357 221489 11589 230823 27010 583353 1118 5559 812654 121329 495307 32284 260563
internal_value=-2.96102e-05 0.002559 0.00957615 -0.00251362 0.0010548 -0.00306125 -0.00103913 0.00472159 0.0317329 -0.00576986 -0.00309382 -0.00140676 0.00511015 -0.00492108
internal_weight=108746 53251.9 9399.18 55494.3 43852.7 53017.1 30370.4 6565.89 363.102 22646.7 12992.7 11190.6 3920.35 7270.3
internal_count=3419563 905811 288631 2513752 617180 2502163 610363 228166 6677 1891800 1079146 909483 153613 755870
cat_boundaries=0 1 3 5
cat_threshold=1252130816 2723430828 2 2838530873 8
is_linear=0
shrinkage=0.03


Tree=125
num_leaves=15
num_cat=1
split_feature=27 22 19 1 6 24 5 4 16 6 11 14 11 16
split_gain=740.476 755.406 424.46 423.858 322.53 285.555 238.515 238.216 231.965 454.676 240.601 251.922 268.109 219.233
threshold=0 23.083907608695654 0.37688172043010754 99.500000000000014 26.500000000000004 0.68625537664598812 1.0000000180025095e-35 1.0000000180025095e-35 25.500000000000004 5.5000000000000009 452.50000000000006 107.51923076923079 639.50000000000011 14.500000000000002
decision_type=9 2 2 2 2 10 2 2 2 2 2 2 2 2
left_child=1 4 3 8 -1 -3 -5 -4 9 10 -2 -12 -13 -11
right_child=2 5 7 6 -6 -7 -8 -9 -10 13 11 12 -14 -15
leaf_value=0.020643435203867543 0.002239550027776812 -0.00055391987780801491 -0.0014802529992631738 0.0021372755905051848 -0.0067115568250591326 0.0044688288465550841 0.022914740165599225 -0.0067261147385452857 -0.021443511246797994 -0.0042217313805960307 0.049055111071773717 -0.038894124413230993 0.035887818534115788 -0.016472646001536015
leaf_weight=2826.1545618381351 2995.1764138117433 20696.18849608209 13621.585802078247 22565.84751023259 449.12063731253147 20060.640812177211 507.46755773574114 18201.493205102161 704.60593965719454 3507.777166815009 213.6700700968504 81.445207357406616 89.5240248888731 2102.6728132059798
leaf_count=57924 12521 175301 116696 605758 10752 187422 2434 1362349 133361 445445 881 382 393 307311
internal_value=3.22272e-05 0.00303177 -0.00201275 0.00038356 0.0168915 0.00191834 0.00259522 -0.00448079 -0.00487981 -0.0035794 0.00511203 0.0274161 0.000244669 -0.00881522
internal_weight=108623 44032.1 64591.3 32768.2 3275.28 40756.8 23073.3 31823.1 9694.87 8990.27 3379.82 384.639 170.969 5610.45
internal_count=3418930 431399 2987531 1508486 68676 362723 608192 1479045 900294 766933 14177 1656 775 752756
cat_boundaries=0 2
cat_threshold=847476804 9
is_linear=0
shrinkage=0.03


Tree=126
num_leaves=15
num_cat=4
split_feature=7 6 5 19 18 15 27 14 27 16 27 24 28 18
split_gain=733.309 501.378 349.51 337.665 299.869 275.062 271.533 213.568 199.142 189.344 184.811 160.942 149.079 147.826
threshold=7.5000000000000009 5.5000000000000009 1.0000000180025095e-35 0.048924731182795701 146.50000000000003 1.5000000000000002 0 149.51190476190479 1 24.500000000000004 2 0.5206593212933831 3 932.50000000000011
decision_type=2 2 2 2 8 2 9 2 9 2 9 8 9 10
left_child=1 3 5 9 6 8 -3 -4 -2 12 -6 -12 -1 -10
right_child=2 4 7 -5 10 -7 -8 -9 13 -11 11 -13 -14 -15
leaf_value=0.026218677656272976 0.00046216720334910853 -0.012455671485102264 0.011401772765558406 0.0045581204936205729 -0.00033552979669986119 0.0028998278236033958 -0.00098774281131407279 -0.020607073368771316 -0.0030886040214675092 0.0067262630759582403 -0.0011238197268239433 0.0056311944266856035 0.008808896906478323 -0.0069673865124699188
leaf_weight=1485.2011828497052 7512.918606495019 2392.9253282933496 2171.292683377862 9648.7040365433786 14543.259319674224 5958.8255388136022 8214.6017973963171 204.42323181033134 18761.642964642961 1390.1441730852239 4048.0103340214118 14702.873227577657 679.99733757600188 16731.2140285559
leaf_count=37613 313369 200284 10217 128851 111659 79973 70804 917 1065502 40791 72369 361460 9725 915438
internal_value=6.64667e-06 0.00234572 -0.00259509 0.00747116 0.000804036 -0.00314038 -0.00358837 0.00864 -0.00397735 0.0153732 0.00220352 0.00417069 0.0209193 -0.00491581
internal_weight=108446 57105.7 51340.3 13204 43901.7 48964.6 10607.5 2375.72 43005.8 3555.34 33294.1 18750.9 2165.2 35492.9
internal_count=3418972 1033556 2385416 216980 816576 2374282 271088 11134 2294309 88129 545488 433829 47338 1980940
cat_boundaries=0 1 3 4 5
cat_threshold=2152775680 1120223396 2 609509796 2097153
is_linear=0
shrinkage=0.03


Tree=127
num_leaves=15
num_cat=4
split_feature=14 27 28 27 28 6 6 6 25 11 10 7 11 11
split_gain=676.625 467.34 410.074 409.207 341.346 380.752 768.129 422.256 339.538 271.022 265.718 251.754 268.671 251.662
threshold=1.0000000180025095e-35 0 1 2 3 5.5000000000000009 4.5000000000000009 14.500000000000002 29.475268817204306 32.500000000000007 1.0000000180025095e-35 10.500000000000002 10.500000000000002 668.50000000000011
decision_type=2 9 9 9 9 2 2 2 2 2 2 2 2 2
left_child=2 4 3 -1 9 6 -6 -7 10 -2 11 12 -3 -8
right_child=1 8 -4 -5 5 7 13 -9 -10 -11 -12 -13 -14 -15
leaf_value=0.02027993606628796 0.018159570777607881 -0.0073773114549678621 -0.0034853883482185558 -0.0052339556888129626 -0.021285701810982771 -0.016356275977537037 0.0027610001934259753 -0.0051401223066342896 -0.0043002378011412889 -0.00020649533763708358 0.0068993999677658307 -0.0025761616420128981 0.0025668499310132391 0.024066917352827778
leaf_weight=3102.2527475059032 830.78954929579049 2602.5971527174115 1377.0491307936609 692.20066982507706 1232.1976966930088 4305.741516306065 4995.1342650041915 10123.064758332446 10661.383663231973 5535.2042767428793 7225.254087570589 14801.164601332508 40221.257776803337 553.37472565099597
leaf_count=59091 20097 14074 14061 2895 218899 517040 57702 1068002 212428 384031 113870 400679 331891 4106
internal_value=-2.8673e-05 -0.000559931 0.0105593 0.0156239 -0.00390164 -0.00573003 0.000130784 -0.00848807 0.000660864 0.00218939 0.00147662 0.000796588 0.00196234 0.00488988
internal_weight=108259 103087 5171.5 3794.45 27575.5 21209.5 6780.71 14428.8 75511.7 6365.99 64850.3 57625 42823.9 5548.51
internal_count=3418866 3342819 76047 61986 2269877 1865749 280707 1585042 1072942 404128 860514 746644 345965 61808
cat_boundaries=0 1 2 3 4
cat_threshold=2167440147 2097409 2449473536 2097152
is_linear=0
shrinkage=0.03


Tree=128
num_leaves=15
num_cat=3
split_feature=14 7 27 20 15 10 5 14 15 7 27 11 14 27
split_gain=654.206 428.541 362.032 360.564 347.974 370.62 339.91 279.573 272.578 270.846 259.163 303.915 197.045 188.953
threshold=1.0000000180025095e-35 7.5000000000000009 0 127.48022580645163 1.0000000180025095e-35 1.0000000180025095e-35 1.0000000180025095e-35 865.16666666666686 1.5000000000000002 2.5000000000000004 1 132.50000000000003 149.51190476190479 2
decision_type=2 2 9 2 2 2 2 2 2 2 9 2 2 9
left_child=2 4 3 -1 5 7 8 10 -3 -7 11 -2 -8 -6
right_child=1 6 -4 -5 13 9 12 -9 -10 -11 -12 -13 -14 -15
leaf_value=0.020676204600355533 -0.031740860331327621 -0.0038607449579873853 -0.0078754329429049884 0.0027719749809145648 0.00072668054889710946 0.045286551463442119 0.011233489703313915 0.0053600979209803374 0.0029908224699042914 0.0093500536427658116 -0.00090252753544277126 -0.0052534035329108121 -0.019589068198762827 0.0084924259705575107
leaf_weight=2685.9319583810866 519.40625465475023 42700.536782669602 813.10313595831394 1624.8144276328385 4353.9055168959312 236.71993878344074 2174.7278388813138 6167.1513407174498 5953.7827737205662 920.4607978919521 30108.3986521794 1556.4232870014384 203.27991117537022 8048.7083004203159
leaf_count=57919 3920 2294299 3440 14847 32166 1589 10248 34633 79638 20929 742242 10005 912 111578
internal_value=-7.96342e-06 -0.000528758 0.0104534 0.0138977 0.00139039 1.41641e-05 -0.00248094 -0.000490755 -0.00302228 0.0167342 -0.00161203 -0.0118361 0.00859155 0.00577399
internal_weight=108067 102944 5123.85 4310.75 51911.2 39508.6 51032.3 38351.4 48654.3 1157.18 32184.2 2075.83 2378.01 12402.6
internal_count=3418365 3342159 76206 72766 957062 813318 2385097 790800 2373937 22518 756167 13925 11160 143744
cat_boundaries=0 1 2 4
cat_threshold=2449473536 541081600 638910720 2
is_linear=0
shrinkage=0.03


Tree=129
num_leaves=15
num_cat=3
split_feature=7 25 27 5 27 21 25 9 7 27 18 6 6 7
split_gain=609.835 457.512 540.425 361.208 355.766 253.97 370.792 249.643 251.743 236.345 220.361 217.14 368.981 559.661
threshold=7.5000000000000009 0.4919354838709678 0 1.0000000180025095e-35 1 0.8688485427615863 3.0489247311827961 1.0000000180025095e-35 2.5000000000000004 2 786.50000000000011 4.5000000000000009 5.5000000000000009 8.5000000000000018
decision_type=2 2 9 2 9 2 2 2 2 9 10 2 2 2
left_child=1 2 10 5 -3 9 -7 -4 -9 11 -1 -2 13 -13
right_child=3 4 7 -5 -6 6 -8 8 -10 -11 -12 12 -14 -15
leaf_value=0.024182252920782528 -0.019067529336040993 -0.0024303015924542824 0.0022106426660977998 0.0090582000126925369 0.0029591390258862996 0.033854435743059456 -0.0092232816698100996 0.054607068721290279 0.008465293679869184 -8.290150254186465e-06 0.0036531234063456471 -0.034411566959203124 -0.0064232711060432882 0.0066623774750901345
leaf_weight=2089.179947167635 884.68793141841888 17541.55289044464 6593.4957054122351 2384.1543098762631 29629.172633168288 183.62415489600971 6980.5390801890753 164.86847824649885 298.18941574264318 23402.468144617043 607.825523853302 321.15492078103125 12717.852926808409 4077.3236102610826
leaf_count=51021 169261 437324 258853 11194 264492 1730 388717 1194 8947 525183 10563 3600 1240863 45256
internal_value=4.41138e-05 0.0021781 0.0080924 -0.00234001 0.000955051 -0.00289972 -0.00811459 0.00370261 0.024976 -0.0019972 0.0194864 -0.00458022 -0.00383303 0.00365622
internal_weight=107876 56924.3 9753.56 50951.8 47170.7 48567.7 7164.16 7056.55 463.058 41403.5 2697.01 18001 17116.3 4398.48
internal_count=3418198 1032394 330578 2385804 701816 2374610 390447 268994 10141 1984163 61584 1458980 1289719 48856
cat_boundaries=0 1 3 5
cat_threshold=1252130816 2723430656 2 2704452377 8
is_linear=0
shrinkage=0.03


Tree=130
num_leaves=15
num_cat=3
split_feature=7 25 27 10 27 5 21 25 27 16 6 11 16 7
split_gain=550.992 503.61 503.32 309.664 282.74 280.735 226.239 426.757 257.992 269.513 381.64 430.367 344.291 276.459
threshold=6.5000000000000009 0.44247311827956998 0 1.0000000180025095e-35 1 1.0000000180025095e-35 0.8688485427615863 3.1311827956989249 2 25.500000000000004 5.5000000000000009 252.50000000000003 18.500000000000004 20.500000000000004
decision_type=2 2 9 2 9 2 2 2 9 2 2 2 2 2
left_child=1 2 -1 -4 -3 6 8 -8 9 10 11 -2 -12 -13
right_child=5 4 3 -5 -6 -7 7 -9 -10 -11 12 13 -14 -15
leaf_value=0.020278944776533633 -0.020876959489153291 -0.0021979141763863318 0.0026014763101335466 0.030020804720753452 0.0027270810885197299 0.007699877220600837 0.033582128328835455 -0.0086529662228718961 0.00013448693544952666 -0.016986085247489079 -0.0034645491787515473 0.012103876936779136 -0.015254612774207088 -0.006651680384528221
leaf_weight=2416.4325880678371 541.95632172375917 17195.403128398582 6129.9649895220064 393.58086184645072 26873.156696686987 2476.26847551018 220.82125081773847 7377.2940561198629 25738.676474932116 1432.6758435852826 10220.853595769033 2966.0173763260245 2850.2544477581978 927.99926175177097
leaf_count=57409 2343 389567 220260 6778 231513 11612 2038 404331 549913 221629 976940 12555 326980 5158
internal_value=-5.7561e-05 0.0021226 0.00861438 0.00425358 0.000805478 -0.00216827 -0.00263585 -0.00742125 -0.00182188 -0.00447812 -0.00345619 0.00414646 -0.00603643 0.0076336
internal_weight=107761 53008.5 8939.98 6523.55 44068.6 54752.8 52276.5 7598.12 44678.4 18939.8 17507.1 4435.97 13071.1 3894.02
internal_count=3419026 905527 284447 227038 621080 2513499 2501887 406369 2095518 1545605 1323976 20056 1303920 17713
cat_boundaries=0 1 2 4
cat_threshold=178388992 2723430796 2704452435 1
is_linear=0
shrinkage=0.03


Tree=131
num_leaves=15
num_cat=2
split_feature=8 20 27 10 23 15 28 11 4 15 16 18 19 1
split_gain=523.381 505.666 373.711 379.262 320.119 283.344 246.807 246.824 242.362 241.406 221.906 194.699 194.277 191.163
threshold=2.5000000000000004 35.441935483870971 0 1.0000000180025095e-35 0.73202771777756481 1.0000000180025095e-35 1 4.5000000000000009 1.0000000180025095e-35 1.5000000000000002 14.500000000000002 786.50000000000011 0.90161290322580656 1693.5000000000002
decision_type=2 2 9 2 2 2 9 2 2 2 2 10 2 2
left_child=1 2 11 -4 -2 6 8 -8 -3 12 -7 -1 -6 -9
right_child=4 5 3 -5 9 10 7 13 -10 -11 -12 -13 -14 -15
leaf_value=0.025449338111024754 0.0033502242207870698 0.0056733411655740034 0.002178747168644649 0.037034453260624038 -0.0023705225731390843 0.00011155859707227724 -0.016985334992213792 -0.0032340826448971701 -0.006487536705305723 0.0035001951071334568 0.0098458530542546094 0.0046751855542124252 -0.0072545383461993839 0.0049754569867804825
leaf_weight=1681.3555624820292 9560.888584931381 8078.0396078433841 3592.7459292397834 303.8040992775932 42080.082138010766 3547.3634203248657 996.73838499654084 12882.244602174964 1803.4882622878067 5309.2141392426565 5192.3420396153815 535.88136391714215 8875.9130772207864 3182.6287013217807
leaf_count=44175 363319 51429 78863 3257 2083917 31599 7549 97760 92841 69565 36776 9423 430744 17438
internal_value=-5.76362e-05 0.0025678 0.0105389 0.00489261 -0.00172468 0.0012018 -0.000320809 -0.00250532 0.00344992 -0.00258708 0.00589526 0.0203411 -0.00322138 -0.00160747
internal_weight=107623 41796.6 6113.79 3896.55 65826.1 35682.8 26943.1 17061.6 9881.53 56265.2 8739.71 2217.24 50956 16064.9
internal_count=3418655 471110 135718 82120 2947545 335392 267017 122747 144270 2584226 68375 53598 2514661 115198
cat_boundaries=0 1 2
cat_threshold=35784704 2115979
is_linear=0
shrinkage=0.03


Tree=132
num_leaves=15
num_cat=4
split_feature=7 25 27 28 27 5 21 25 27 16 6 11 16 7
split_gain=556.797 428.985 434.005 352.486 287.801 254.696 215.315 318.647 204.511 242.25 384.507 528.17 278.54 266.835
threshold=7.5000000000000009 1.7870967741935486 0 1 2 1.0000000180025095e-35 0.84698996655518399 3.0489247311827961 3 25.500000000000004 5.5000000000000009 246.50000000000003 16.500000000000004 20.500000000000004
decision_type=2 2 9 9 9 2 2 2 9 2 2 2 2 2
left_child=1 2 3 -1 -3 6 8 -8 9 10 11 -2 -12 -13
right_child=5 4 -4 -5 -6 -7 7 -9 -10 -11 12 13 -14 -15
leaf_value=0.02272205471914503 -0.032720380305929171 -0.0028574859675391351 0.0033702471996316656 0.0039806228122228208 0.002318692391396007 0.0073357042857778608 0.031514995876147256 -0.0081971605371323007 -1.0062192287213443e-06 -0.01695013566281239 -0.0032169444815245644 0.012040127347812301 -0.013390902968527152 -0.0066218235494337517
leaf_weight=2263.2993562351912 314.92776337265968 14834.915985146537 10531.837102295132 1525.5769509831443 27706.778276877943 2352.7050495296717 185.22375745023601 7796.7996363674756 22744.6754267551 1266.1147718641441 8767.7776870746166 2922.8981003854424 3345.6804309301078 901.65522039867938
leaf_count=54689 1366 369744 335120 21722 251254 11071 1922 438775 503856 202981 819432 12328 389546 5024
internal_value=-1.16082e-05 0.00202542 0.00651635 0.0152093 0.000513531 -0.00230081 -0.00277088 -0.0072718 -0.00187844 -0.00431327 -0.00333052 0.00456218 -0.00602782 0.00763991
internal_weight=107461 56862.4 14320.7 3788.88 42541.7 50598.5 48245.8 7982.02 40263.7 17519.1 16252.9 4139.48 12113.5 3824.55
internal_count=3418830 1032529 411531 76411 620998 2386301 2375230 440697 1934533 1430677 1227696 18718 1208978 17352
cat_boundaries=0 2 3 4 6
cat_threshold=1268975624 3 3146241 2186559876 2704452425 1
is_linear=0
shrinkage=0.03


Tree=133
num_leaves=15
num_cat=3
split_feature=14 29 15 27 11 1 11 25 16 28 23 25 1 23
split_gain=511.944 390.433 378.215 387.883 350.028 353.378 520.883 313.28 278.549 270.656 269.147 247.286 230.729 190.746
threshold=49.583333333333336 0 1.0000000180025095e-35 1 513.50000000000011 99.500000000000014 478.50000000000006 0.032795698924731186 24.500000000000004 2 0.77985245664228953 0.59032258064516141 124.50000000000001 1.8037430882853649
decision_type=2 9 2 9 2 2 2 2 2 9 2 2 2 2
left_child=1 9 4 -4 5 6 -2 12 -8 -1 -9 -6 -7 -3
right_child=2 13 3 -5 11 7 8 10 -10 -11 -12 -13 -14 -15
leaf_value=0.026316326379109248 -0.0059498573584242662 0.008785281121144909 -0.0066670017120785468 0.003449527395862339 0.0024587953616179554 0.072157510437014891 -0.010528144134110752 0.0072307577159153556 0.044038201317212942 -0.0079899941409774678 -0.00076750421872988914 -0.0067337676234439595 0.0092442921593217098 -0.0058070646359925241
leaf_weight=1396.2272391598672 12174.959058467532 2212.6638586870395 3880.1025962755084 27699.285346935969 3154.7139097920153 52.468778277747333 117.63172257086262 4298.5184129294939 292.29313628026284 242.77013873122633 31734.473629127722 15932.893221857492 2869.9492138698697 1267.1589721683413
leaf_count=34960 1094112 32535 170106 479291 162957 659 16125 61298 5931 2570 478356 813003 57784 10191
internal_value=-6.00969e-05 0.00919736 -0.000523821 0.00220534 -0.00174411 -0.000458823 -0.00482907 0.00095311 0.0283924 0.0212154 0.000186814 -0.00521441 0.0103981 0.00346147
internal_weight=107326 5118.82 102207 31579.4 70627.9 51540.3 12584.9 38955.4 409.925 1639 36033 19087.6 2922.42 3479.82
internal_count=3419878 80256 3339622 649397 2690225 1714265 1116168 598097 22056 37530 539654 975960 58443 42726
cat_boundaries=0 1 3 4
cat_threshold=4 20185874 2 517
is_linear=0
shrinkage=0.03


Tree=134
num_leaves=15
num_cat=5
split_feature=7 25 27 28 15 11 27 19 27 10 7 20 27 7
split_gain=487.945 424.659 389.95 335.53 278.595 247.934 279.427 244.296 275.762 196 255.254 183.558 175.286 164.822
threshold=6.5000000000000009 2.0983870967741942 0 1 1.5000000000000002 92.500000000000014 2 0.83602150537634423 3 1.0000000180025095e-35 2.5000000000000004 12.600693548387097 4 2.5000000000000004
decision_type=2 2 9 9 2 2 9 2 9 2 2 2 9 2
left_child=1 2 3 -1 7 6 -3 8 11 -4 -11 -2 13 -7
right_child=4 5 9 -5 -6 12 -8 -9 -10 10 -12 -13 -14 -15
leaf_value=0.022429723965984909 0.01415947791298218 -0.010552462267449962 0.0026280716753261618 0.0037078666381559458 0.0035505109422711207 0.011210752016784096 -0.00055594129210542634 -0.0070002963116710046 -0.0031326493852188559 0.051967943369788536 0.0061234869814603948 0.0012783449063477105 -0.00023873326944361228 0.0028888542227706302
leaf_weight=2153.4208940220997 1158.8258837489411 3114.6428832497913 10214.334965089336 1457.3606737013906 6933.2306273952127 2898.2351121865213 12938.927246841602 10200.210321091348 28981.557218938833 167.67293075658381 311.45660865167156 7035.7593357157893 11393.243538676528 8205.0595388095826
leaf_count=54531 30078 126300 289087 21009 87258 17486 97770 524428 1618324 1248 7645 253539 211587 78433
internal_value=-6.88295e-05 0.00198317 0.00639747 0.0149075 -0.00206584 0.000345088 -0.00250288 -0.00288782 -0.0017593 0.0035056 0.0222417 0.00309764 0.00237742 0.00505734
internal_weight=107164 52854.4 14304.2 3610.78 54309.6 38550.1 16053.6 47376.4 37176.1 10693.5 479.13 8194.59 22496.5 11103.3
internal_count=3418723 905096 373520 75540 2513627 531576 224070 2426369 1901941 297980 8893 283617 307506 95919
cat_boundaries=0 2 3 4 5 7
cat_threshold=1252196384 9 3162113 2723168640 1782935652 1503889408 9
is_linear=0
shrinkage=0.03


Tree=135
num_leaves=15
num_cat=2
split_feature=27 22 19 1 24 28 6 16 7 14 11 5 4 16
split_gain=468.67 540.073 355.64 355.235 281.697 221.638 209.656 396.827 221.56 207.575 219.562 206.565 205.429 193.685
threshold=0 13.75782327998089 0.36075268817204303 99.500000000000014 0.69231739991457319 1 5.5000000000000009 25.500000000000004 15.500000000000002 113.77591973244149 668.50000000000011 1.0000000180025095e-35 1.0000000180025095e-35 11.500000000000002
decision_type=9 2 2 2 10 9 2 2 2 2 2 2 2 2
left_child=2 5 3 6 -3 -2 7 8 -1 -10 -11 -5 -4 -8
right_child=1 4 12 11 -6 -7 13 -9 9 10 -12 -13 -14 -15
leaf_value=0.0024919961350843242 0.021927154429171709 -0.0008998997598209399 -0.0011701844594556637 0.002170162041044821 0.0040644458850049008 0.0039387600736480247 -0.0026159980650235998 -0.020630730528721525 0.047922921698894734 -0.036980391765577721 0.038762206277143302 0.021897208893318171 -0.0060607005931700439 -0.013990335972142984
leaf_weight=2962.0453842617571 1690.16426246427 21451.77393283695 13554.504411313683 21773.784410744207 19764.786790604703 993.72930809296668 2738.653322593309 643.85993778635748 196.51673069596291 70.01887021958828 65.883315771818161 487.45638427138329 17991.083120194031 2652.2821806366555
leaf_count=12379 47433 183880 116536 590488 184683 17119 348909 131216 824 333 290 2412 1385221 396091
internal_value=-5.08343e-05 0.00232948 -0.00170605 0.000543665 0.00148072 0.0153671 -0.00437024 0.000891469 0.00510268 0.0282882 -0.000246605 0.00260309 -0.00395945 -0.00821361
internal_weight=107037 43900.5 63136.1 31590.5 41216.6 2683.89 9329.26 3938.32 3294.46 332.419 135.902 22261.2 31545.6 5390.94
internal_count=3417814 433115 2984699 1482942 368563 64552 890042 145042 13826 1447 623 592900 1501757 745000
cat_boundaries=0 1 2
cat_threshold=3446965137 3162401
is_linear=0
shrinkage=0.03


Tree=136
num_leaves=15
num_cat=2
split_feature=14 29 0 27 19 5 1 6 16 11 7 7 25 25
split_gain=438.3 358.113 354.468 418.134 322.437 364.308 269.649 361.658 491.852 315.916 289.037 308.364 262.829 738.588
threshold=1.0000000180025095e-35 0 187.50000000000003 1 0.86881720430107545 1.0000000180025095e-35 130.00000000000003 5.5000000000000009 25.500000000000004 668.50000000000011 21.500000000000004 15.500000000000002 2.9838709677419359 3.1311827956989249
decision_type=2 9 2 9 2 2 2 2 2 2 2 2 2 2
left_child=1 -1 3 -2 5 6 7 8 9 10 11 -5 -6 -14
right_child=2 -3 -4 4 12 -7 -8 -9 -10 -11 -12 -13 13 -15
leaf_value=0.020520262195275269 -0.010320066074228721 0.0030583890629345854 0.00522194567365304 0.0027730924187016632 -0.033476869598548981 0.011745826208122354 0.00077364095580196603 -0.0071966874387836286 -0.016612813709745249 0.034419538232650475 -0.031409805246924168 0.03012148138039767 0.030954236287814674 -0.0056964005369170862
leaf_weight=1556.733380638063 4177.6997637921013 3283.3794621787965 8860.3565155416727 5020.3326989430934 282.31449838541448 2358.4764207266271 56095.959156990517 10015.744745894335 1113.800078450935 312.39748004823923 205.00555001758039 399.70184134691954 513.87140980688855 12739.756221605465
leaf_count=37404 176033 38757 48650 25692 2805 11294 1183147 1152451 202504 1774 1096 2092 2975 532218
internal_value=-9.36585e-05 0.00872646 -0.000511882 -0.00105683 -0.000620952 0.00014322 -0.000230956 -0.00353273 0.00167192 0.00510416 0.00347025 0.00479509 -0.00488467 -0.00427315
internal_weight=106936 4840.11 102095 93235.1 89057.4 75521.4 73162.9 17067 7051.24 5937.44 5625.04 5420.03 13535.9 13253.6
internal_count=3418892 76161 3342731 3294081 3118048 2580050 2568756 1385609 233158 30654 28880 27784 537998 535193
cat_boundaries=0 1 2
cat_threshold=4 23077136
is_linear=0
shrinkage=0.03


Tree=137
num_leaves=15
num_cat=5
split_feature=7 6 19 18 15 5 27 27 27 19 27 24 16 28
split_gain=458.385 399.381 250.846 240.057 239.388 236.762 219.674 182.791 160.954 157.65 138.108 137.241 132.286 137.228
threshold=6.5000000000000009 5.5000000000000009 0.048924731182795701 141.50000000000003 1.5000000000000002 1.0000000180025095e-35 0 1 2 0.83602150537634423 3 0.76486188065485239 24.500000000000004 4
decision_type=2 2 2 8 2 2 9 9 9 2 9 8 2 9
left_child=1 2 12 6 5 9 -3 -7 -5 10 -2 -10 13 -1
right_child=4 3 -4 8 -6 7 -8 -9 11 -11 -12 -13 -14 -15
leaf_value=0.025036741059308382 0.001811741035725482 -0.011650370416268938 0.004265471208390042 -0.00043365450322801059 0.0032944741652844237 -0.0051673389195904511 -0.0010433828138227096 0.012773742945737061 0.0016422259802661477 -0.0066038956237816256 -0.0031112100231280885 0.0072078650691752219 0.0066427996244887849 0.0072458932677572137
leaf_weight=1227.6734664160758 6219.9231106867082 2244.175878632348 8915.8976300880313 14031.033222557046 6903.5309025775641 766.43890636414289 7992.0752298412845 1506.2637735716999 9649.3678322378546 9468.9353645597585 29123.040756376926 6795.6060408200137 1249.1043506350834 612.2740014642477
leaf_count=37588 230016 192134 113704 103392 87138 3406 67962 7354 152936 521684 1662309 195747 33557 9423
internal_value=2.07127e-05 0.00201053 0.00681891 0.00059253 -0.00192226 -0.00268719 -0.00338215 0.00675719 0.00192761 -0.00316632 -0.00224517 0.00394003 0.0141851 0.019299
internal_weight=106705 52717.2 12004.9 40712.3 53988.1 47084.6 10236.3 2272.7 30476 44811.9 35343 16445 3089.05 1839.95
internal_count=3418350 906443 194272 712171 2511907 2424769 260096 10760 452075 2414009 1892325 348683 80568 47011
cat_boundaries=0 1 2 3 5 6
cat_threshold=2152775680 1141964800 609509804 1120231524 2 2097153
is_linear=0
shrinkage=0.03


Tree=138
num_leaves=15
num_cat=3
split_feature=7 6 10 15 19 5 15 14 27 11 1 29 27 14
split_gain=422.579 388.129 285.696 244.689 238.184 237.072 228.529 203.574 199.619 228.795 179.094 234.334 213.851 174.214
threshold=6.5000000000000009 5.5000000000000009 1.0000000180025095e-35 1.5000000000000002 0.048924731182795701 1.0000000180025095e-35 1.0000000180025095e-35 865.16666666666686 0 132.50000000000003 99.500000000000014 1 2 149.34057971014497
decision_type=2 2 2 2 2 2 2 2 9 2 2 9 9 2
left_child=1 4 6 5 -1 -2 7 8 9 -3 11 -10 -12 -7
right_child=3 2 -4 -5 -6 13 -8 -9 10 -11 12 -13 -14 -15
leaf_value=0.013798774366276051 -0.0032251608169926939 -0.030933300811870394 0.014318810633551041 0.0032914012121443691 0.0040813542542059451 0.0095102203695342155 0.0044284779431096703 0.0041667084351668425 -0.016571977108920787 -0.0057771569685285684 0.0086589073396169808 -0.00029496606562386829 -0.0015814106378430209 -0.01861583499046772
leaf_weight=3048.6748973163776 44727.452594737988 437.99244033917785 1286.6911426433362 6928.3301063941326 8887.2236647156533 2026.4889329299331 8165.0407028687187 5274.074609786272 1542.1371820811182 1259.9242241177708 2019.3359959474765 1644.5637920047157 19111.401643180288 218.74757795780897
leaf_count=80382 2415453 3464 22250 87199 113498 9648 100287 29516 234384 8193 62571 81772 168928 986
internal_value=-0.000103868 0.00180698 0.000413091 -0.00197132 0.00656433 -0.00274761 -4.07543e-05 -0.00120711 -0.00229666 -0.0122089 -0.00159841 -0.00822752 -0.000599093 0.0067629
internal_weight=106578 52677.1 40741.2 53901 11935.9 46972.7 39454.5 31289.4 26015.4 1697.92 24317.4 3186.7 21130.7 2245.24
internal_count=3418531 905245 711365 2513286 193880 2426087 689115 588828 559312 11657 547655 316156 231499 10634
cat_boundaries=0 1 2 3
cat_threshold=541081604 8 2292254720
is_linear=0
shrinkage=0.03


Tree=139
num_leaves=15
num_cat=5
split_feature=7 15 10 27 23 11 27 27 23 28 21 28 2 1
split_gain=388.357 376.737 370.323 315.589 430.542 340.27 479.747 314.614 256.137 194.287 191.019 190.28 171.149 163.633
threshold=2.5000000000000004 1.0000000180025095e-35 1.0000000180025095e-35 0 1.7395396596612167 92.500000000000014 1 2 0.73202771777756481 3 1.0000000180025095e-35 4 99.500000000000014 124.50000000000001
decision_type=2 2 2 9 2 2 9 9 2 9 2 9 2 2
left_child=2 8 3 4 11 6 -5 -3 -2 -6 12 -1 -10 -14
right_child=1 7 -4 5 9 -7 -8 -9 10 -11 -12 -13 13 -15
leaf_value=0.022389387764816353 0.0027076551067619888 -0.0067279294930507648 0.038548126465426047 -0.031046361006850112 0.0072871076635331374 0.0064257973315520632 -0.00029963700417327051 0.0027222233061136962 -0.0031823171378276274 -0.012898939660327922 -0.0045542101429579722 0.0068938559424987665 0.11379670267468454 0.0058939215187388556
leaf_weight=1868.2738622594625 6679.4092573407106 3600.0552380518056 260.00205822754651 459.14076544344425 887.02307049836963 7805.9573269993998 16035.622100611217 26022.56564664538 3934.967442602152 811.91901637148112 33940.030494292499 1200.591051905416 11.706570796668528 2956.598554238677
leaf_count=48108 296370 167367 1925 3175 9989 52283 239832 465484 367570 5698 1619324 12858 640 128688
internal_value=3.40035e-05 -0.00108313 0.00297244 0.00265292 0.00970065 0.0012653 -0.00117632 0.0015722 -0.0027383 -0.00239467 -0.00362896 0.0164269 0.000920057 0.00635766
internal_weight=106474 77145.3 29328.5 29068.5 4767.81 24300.7 16494.8 29622.6 47522.7 1698.94 40843.3 3068.86 6903.27 2968.31
internal_count=3419311 3045443 373868 371943 76653 295290 243007 632851 2412592 15687 2116222 60966 496898 129328
cat_boundaries=0 2 3 5 6 7
cat_threshold=61016128 9 541098112 20226322 1 22667 3145985
is_linear=0
shrinkage=0.03


Tree=140
num_leaves=15
num_cat=2
split_feature=14 0 27 15 28 1 18 19 5 1 6 16 11 11
split_gain=366.404 282.184 353.531 350.462 268.054 348.19 279.674 249.722 284.297 230.561 416.418 542.849 245.391 343.363
threshold=65.250000000000014 187.50000000000003 0 1.0000000180025095e-35 1 60.000000000000007 493.50000000000006 0.83602150537634423 1.0000000180025095e-35 99.500000000000014 5.5000000000000009 25.500000000000004 270.50000000000006 207.50000000000003
decision_type=2 2 9 2 9 2 10 2 2 2 2 2 2 2
left_child=4 2 -2 7 5 6 -1 8 9 10 11 12 13 -4
right_child=1 -3 3 -5 -6 -7 -8 -9 -10 -11 -12 -13 -14 -15
leaf_value=0.025221105777959479 -0.0095366859302029715 0.0046715396684306213 0.007277597568207045 0.0022290424112005069 -0.0028906795680393384 0.0010778169726978447 -0.0025956440753187701 -0.0059061235947403508 0.0141781114048109 -5.2383080753926898e-05 -0.0098840857849958521 -0.020436272065024481 0.012095990047186395 -0.017697387699765983
leaf_weight=1729.7747553475201 4096.2303792834282 8860.1573549937457 1347.1607561968267 28160.62839227193 1500.1882511994336 1486.9256185982376 400.37196198292077 11026.240399918053 1097.8063540738076 35934.10314617306 6632.2327241515741 863.65543983015232 2393.3885917700827 782.29608383774757
leaf_count=48344 176108 48442 6088 485577 15434 13130 7158 518788 5154 997055 908449 175516 9918 3265
internal_value=-4.61744e-05 -0.00044226 -0.000933015 -0.000532364 0.00778499 0.0121866 0.019994 -0.00182686 -0.000909767 -0.00125547 -0.0048522 0.00134408 0.00550673 -0.00190143
internal_weight=106311 101194 92333.7 88237.5 5117.26 3617.07 2130.15 60076.9 49050.6 47952.8 12018.7 5386.5 4522.85 2129.46
internal_count=3418426 3334360 3285918 3109810 84066 68632 55502 2624233 2105445 2100291 1103236 194787 19271 9353
cat_boundaries=0 1 2
cat_threshold=23077136 2113921
is_linear=0
shrinkage=0.03


Tree=141
num_leaves=15
num_cat=2
split_feature=1 29 1 6 16 19 28 8 16 16 25 25 18 5
split_gain=376.272 472.287 312.864 544.798 714.258 312.647 278.059 276.44 439.948 262.971 249.291 703.432 409.279 245.557
threshold=60.000000000000007 0 99.500000000000014 5.5000000000000009 25.500000000000004 0.93440860215053767 1 3.5000000000000004 24.500000000000004 14.500000000000002 2.9838709677419359 3.5575268817204306 1717.5000000000002 1.0000000180025095e-35
decision_type=2 9 2 2 2 2 9 2 2 2 2 2 10 2
left_child=1 6 3 4 7 13 -1 8 -2 -5 -7 12 -12 -4
right_child=2 -3 5 9 -6 10 -8 -9 -10 -11 11 -13 -14 -15
leaf_value=0.022977863433773373 0.056446027407874869 0.00010764692045053306 0.00046101758921025278 -0.0057458018015658537 -0.022310876231537789 -0.033577732366452603 -0.0021979852531405202 0.009394251292633455 -0.016166336343500697 -0.017249908034864835 -0.033961967320887826 -0.0061694441383266345 0.041311763550663211 0.00989699434948897
leaf_weight=1860.5842015743256 82.097134821116924 3343.2450810223818 74778.050590798492 4747.6658312929794 925.39570677629672 265.90871777804568 506.00537778064609 4311.1433771252632 780.7639820240438 2869.5952698918991 75.671131594106555 8718.9239529755432 433.38457236345857 2566.3297537919134
leaf_count=48507 418 35550 1646933 670701 202241 2278 4692 17848 3720 477999 613 292540 2404 12284
internal_value=-9.61219e-05 0.00739467 -0.000521542 -0.00473182 0.00194953 0.000143545 0.0176097 0.00629209 -0.00920027 -0.0100814 -0.00499405 -0.00416685 0.0300777 0.000774232
internal_weight=106265 5709.83 100555 13716.7 6099.4 86838.3 2366.59 5174 862.861 7617.26 9493.89 9227.98 509.056 77344.4
internal_count=3418728 88749 3329979 1372927 224227 1957052 53199 21986 4138 1148700 297835 295557 3017 1659217
cat_boundaries=0 1 2
cat_threshold=44 2097669
is_linear=0
shrinkage=0.03


Tree=142
num_leaves=15
num_cat=2
split_feature=6 1 29 7 11 25 21 14 16 11 7 7 27 9
split_gain=356.955 466.12 339.824 255.809 277.463 246.985 343.686 245.04 354.085 311.302 491.425 271.791 254.351 211.198
threshold=5.5000000000000009 99.500000000000014 0 6.5000000000000009 243.50000000000003 7.4591397849462373 0.98907071189679896 141.55277777777781 25.500000000000004 668.50000000000011 20.500000000000004 15.500000000000002 1 1.0000000180025095e-35
decision_type=2 2 9 2 2 2 2 2 2 2 2 2 9 2
left_child=3 2 -2 -1 -5 6 -3 8 9 10 11 -6 -10 -11
right_child=1 5 -4 4 7 -7 -8 -9 12 13 -12 -13 -14 -15
leaf_value=0.0063711176062119738 -0.011950902794729575 0.0014968742809157894 -0.00055063193823056723 -0.01546538068111385 0.0073076082054247694 -0.0017367144445825768 0.035959144247701295 -0.0030808675681519341 -0.020084240703529335 -0.022234686646136464 -0.026207585936852976 0.031413135361911607 0.0082845477975336118 0.04173590680795005
leaf_weight=11892.752517091343 5534.8231692379341 34042.81133493036 4101.4654397028498 944.45653817732818 2914.0356668047607 38648.336293433793 261.45548078650609 5301.8409291054122 688.94114432274364 52.192047622054815 355.94508365727961 491.28870722837746 473.61042613489553 383.72986650653183
leaf_count=193974 890564 709076 282358 39491 13673 966620 1885 151726 154563 328 2024 2954 8271 1962
internal_value=1.68944e-05 -0.000911346 -0.00711217 0.00327919 0.0001106 -9.21939e-05 0.00176057 0.00149172 0.00601464 0.0100724 0.00728592 0.0107935 -0.00863134 0.0340435
internal_weight=106088 82588.9 9636.29 23498.8 11606 72952.6 34304.3 10661.6 5359.74 4197.19 3761.27 3405.32 1162.55 435.922
internal_count=3419469 2850503 1172922 568966 374992 1677581 710961 335501 183775 20941 18651 16627 162834 2290
cat_boundaries=0 1 2
cat_threshold=8 2152792064
is_linear=0
shrinkage=0.03


Tree=143
num_leaves=15
num_cat=2
split_feature=27 22 19 1 24 6 28 16 6 16 11 14 11 5
split_gain=325.66 431.804 309.21 267.931 259.108 249.86 183.669 174.565 272.291 179.052 174.425 192.637 185.625 166.89
threshold=0 18.132867295747733 0.31129032258064521 99.500000000000014 0.68625537664598812 27.500000000000004 1 25.500000000000004 5.5000000000000009 14.500000000000002 452.50000000000006 99.358974358974379 668.50000000000011 1.0000000180025095e-35
decision_type=9 2 2 2 10 2 9 2 2 2 2 2 2 2
left_child=1 5 3 7 -3 6 -1 8 10 -10 -2 -12 -13 -5
right_child=2 4 -4 13 -6 -7 -8 -9 9 -11 11 12 -14 -15
leaf_value=0.02427783357689144 0.0020433105113129807 -0.0011550074219326275 -0.003379759751674621 0.0023653199641747438 0.0036146737929795675 -0.0077484635140638468 0.0061696485792144843 -0.01948740433533145 -0.0025201409690746085 -0.014422734547826853 0.044644146030739448 -0.033361590099081975 0.035308617995238996 0.021441148194156
leaf_weight=1397.1446209363639 2842.8481578528881 20792.112092550844 33616.21489784494 19611.643482605927 20216.172385174781 410.75941248051822 823.55599217861891 575.94699719105847 3150.1692639896646 1779.7784458212554 190.08711943030357 75.611292719841003 64.905751660466194 420.66504162549973
leaf_count=43675 11847 177798 1601025 532805 189097 10385 12508 126140 420014 289920 820 364 299 2172
internal_value=-3.52452e-05 0.00195203 -0.00142675 0.000859406 0.00119637 0.0137305 0.0177052 -0.0035431 -0.0024076 -0.00681919 0.00444579 0.0250361 -0.001617 0.00276695
internal_weight=105968 43639.7 62327.9 28711.7 41008.3 2631.46 2220.7 8679.35 8103.4 4929.95 3173.45 330.604 140.517 20032.3
internal_count=3418869 433463 2985406 1384381 366895 66568 56183 849404 723264 709934 13330 1483 663 534977
cat_boundaries=0 2 3
cat_threshold=847476844 11 3162145
is_linear=0
shrinkage=0.03


Tree=144
num_leaves=15
num_cat=2
split_feature=7 6 14 14 16 26 28 16 29 7 8 2 16 8
split_gain=355.758 340.142 278.889 231.481 244.06 228.393 181.524 283.219 359.372 224.359 243.886 202.853 294.206 330.385
threshold=17.500000000000004 5.5000000000000009 99.029411764705898 98.763157894736864 11.500000000000002 1.5000000000000002 0 24.500000000000004 1 15.500000000000002 5.5000000000000009 99.500000000000014 25.500000000000004 3.5000000000000004
decision_type=2 2 2 2 2 2 9 2 9 2 2 2 2 2
left_child=1 6 3 -3 -5 -4 7 8 -1 11 -11 12 13 -9
right_child=-2 2 5 4 -6 -7 -8 9 -10 10 -12 -13 -14 -15
leaf_value=0.023880760827512643 -0.0038850967545797431 0.00081400325899345428 0.0001134944987289733 -0.0025873270759850624 -0.014291124902787626 0.008620277904848225 0.00011521674605784275 -0.015188413156101473 0.0009001735318716216 -0.0046874885815196884 0.037906383669894343 0.0072596381756319227 -0.015767619124790355 0.0063617642606780128
leaf_weight=1588.3907882608473 17898.116896520369 4097.6466906829737 54170.307157597039 3278.7364938515238 3138.5925203128718 2996.6828858428635 6694.9596474498976 785.44890965521336 1005.2366380132735 185.50859399558976 345.76441991026513 5232.6782126494218 994.77359177567996 3443.9442730769515
leaf_count=41144 1098585 57925 796049 457852 522459 74361 83045 3788 13824 8025 4872 72300 170533 14022
internal_value=-2.97708e-05 0.000754759 -0.00026637 -0.00475636 -0.00831276 0.000559561 0.00416305 0.00615361 0.0150732 0.00405264 0.0230527 0.00308521 -0.00109661 0.00235699
internal_weight=105857 87958.7 67682 10515 6417.33 57167 20276.7 13581.7 2593.63 10988.1 531.273 10456.8 5224.17 4229.39
internal_count=3418784 2320199 1908646 1038236 980311 870410 411553 328508 54968 273540 12897 260643 188343 17810
cat_boundaries=0 1 2
cat_threshold=3189257 44
is_linear=0
shrinkage=0.03


Tree=145
num_leaves=15
num_cat=3
split_feature=19 27 27 6 6 16 11 9 11 28 23 15 2 16
split_gain=359.124 538.914 391.421 296.196 540.098 332.177 263.295 705.251 663.44 260.898 226.124 205.044 190.725 186.124
threshold=0.032795698924731186 0 1 4.5000000000000009 5.5000000000000009 11.500000000000002 668.50000000000011 1.0000000180025095e-35 607.50000000000011 2 0.79835973027579177 1.0000000180025095e-35 1693.5000000000002 25.500000000000004
decision_type=2 9 9 2 2 2 2 2 2 9 2 2 2 2
left_child=1 -1 3 -2 6 -6 8 -8 13 -4 -11 12 -12 -5
right_child=2 -3 9 4 5 -7 7 -9 -10 10 11 -13 -14 -15
leaf_value=0.014158079346173387 -0.021109000249885573 0.0012219268296245782 0.0028300897413422806 0.0083110444622764758 -0.0026906150072829988 -0.013322755363149089 -0.030604379837475732 0.048181756189966771 -0.030931452135002861 0.0038117989141636609 -0.0042900158366250994 0.00092166842752167653 0.0041772099867453645 -0.023095935040821275
leaf_weight=3684.0381273115054 960.96235240972601 13475.120923004346 23194.741727760062 3345.2770662549883 5698.5349125145003 4935.0023046955466 143.15683860145509 352.02744495356455 477.40736288856715 7386.115971619729 24193.251922605559 15054.413153467234 2656.3995796889067 177.95083016110584
leaf_count=93692 177038 785394 237586 15060 641466 645324 1749 1939 7462 101707 490647 180845 15039 23984
internal_value=3.67378e-05 0.00400892 -0.000732806 -0.00496386 -0.00394033 -0.00762576 0.00477623 0.0253891 0.00221914 0.000207121 -0.00102754 -0.00188085 -0.00345218 0.00671864
internal_weight=105734 17159.2 88575.2 16090.3 15129.4 10633.5 4495.82 495.184 4000.64 72484.9 49290.2 41904.1 26849.7 3523.23
internal_count=3418932 879086 2539846 1514022 1336984 1286790 50194 3688 46506 1025824 788238 686531 505686 39044
cat_boundaries=0 2 3 4
cat_threshold=1778604032 8 2167407505 3152139
is_linear=0
shrinkage=0.03


Tree=146
num_leaves=15
num_cat=2
split_feature=7 6 10 21 25 24 0 27 16 27 14 10 16 6
split_gain=343.668 328.543 246.983 206.666 350.135 199.479 186.371 320.449 247.865 168.99 221.958 202.823 189.362 256.528
threshold=6.5000000000000009 5.5000000000000009 1.0000000180025095e-35 0.90163640707118986 3.0489247311827961 0.95414018399368306 187.50000000000003 0 90.500000000000014 1 142.52557544757036 1.0000000180025095e-35 25.500000000000004 5.5000000000000009
decision_type=2 2 2 2 2 8 2 9 2 9 2 2 2 2
left_child=1 5 6 9 -5 -1 7 8 -3 12 -11 -12 13 -2
right_child=3 2 -4 4 -6 -7 -8 -9 -10 10 11 -13 -14 -15
leaf_value=0.004248761418277805 0.0036715080063737344 -0.031203511033076996 0.013277401692055454 0.03335626627633248 -0.0082172294425614852 0.014321496547549325 0.0045392815929231421 -0.00024200796584264195 -0.0062797720173392961 0.0062483497259655622 -0.002253132148384187 0.0044957881227250798 -0.013898684570016388 -0.004623592847846204
leaf_weight=9675.9109604365658 4568.9217720609158 504.33535142801702 1298.6835602754727 187.17367034195922 5893.1669482837897 2164.9902392697986 6702.5133715644479 30766.50461306842 1243.5838699266315 4838.8799392208457 18623.764985799324 5105.5014440524392 1397.558522231644 12624.592553335242
leaf_count=136288 20863 4507 22294 1704 323837 58142 36295 641010 8028 75461 432590 88074 228188 1341083
internal_value=-3.00093e-05 0.00169581 0.000411022 -0.0017272 -0.00693218 0.00609151 -1.53809e-05 -0.000954388 -0.0134082 -0.00105598 0.000393117 -0.000800931 -0.0032811 -0.00241921
internal_weight=105596 52356.5 40515.6 53239.6 6080.34 11840.9 39216.9 32514.4 1747.92 47159.2 28568.1 23729.3 18591.1 17193.5
internal_count=3418364 906564 712134 2511800 325541 194430 689840 653545 12535 2186259 596125 520664 1590134 1361946
cat_boundaries=0 1 3
cat_threshold=541090048 2167581625 9
is_linear=0
shrinkage=0.03


Tree=147
num_leaves=15
num_cat=0
split_feature=7 24 4 5 10 15 11 0 0 7 14 21 6 18
split_gain=330.613 290.728 247.228 209.057 204.574 184.69 231.225 231.214 317.601 171.062 157.923 154.401 140.683 133.877
threshold=7.5000000000000009 0.96154400035448429 1.0000000180025095e-35 1.0000000180025095e-35 1.0000000180025095e-35 1.0000000180025095e-35 457.50000000000006 94.500000000000014 85.000000000000014 2.5000000000000004 149.89444444444447 0.90163640707118986 27.500000000000004 786.50000000000011
decision_type=2 8 2 2 2 2 2 2 2 2 2 2 2 10
left_child=1 5 13 11 -4 6 7 8 12 -6 -5 -2 -1 -3
right_child=3 2 4 10 9 -7 -8 -9 -10 -11 -12 -13 -14 -15
leaf_value=0.00028031701955578931 -0.0016424462346255663 0.02035066353472811 0.0014821482674919955 0.009382640645623927 0.048016242221976223 0.0040193815032502295 -0.0082924449381838669 0.0054077655352708504 -0.025613457798597007 0.0048704730689201883 -0.018073770667183669 -0.0070916829851872133 -0.0073230261423817061 0.0051249337015517342
leaf_weight=24932.286831434583 41707.727250365773 1552.0840907245874 4244.7474692726973 2124.6370940878987 160.86287232628092 11756.621521028457 2989.4793325846549 6695.4624442532659 455.69860435277224 169.62102216016501 205.96591287851334 5270.3928194271866 2400.0641167135909 782.43973600119352
leaf_count=561107 2062838 36231 189968 10173 1091 118655 24823 36031 3223 4985 933 311750 47800 9122
internal_value=-2.64136e-05 0.00154788 0.00730995 -0.00181879 0.00325505 0.000739 -0.000290253 0.000403701 -0.000802167 0.0259532 0.00694948 -0.00225392 -0.000387579 0.015252
internal_weight=105448 56139.4 6909.76 49308.7 4575.23 49229.6 37473 34483.5 27788 330.484 2330.6 46978.1 27332.4 2334.52
internal_count=3418730 1033036 241397 2385694 196044 791639 672984 648161 612130 6076 11106 2374588 608907 45353
is_linear=0
shrinkage=0.03


Tree=148
num_leaves=15
num_cat=2
split_feature=7 6 5 27 23 27 23 23 11 19 16 16 7 7
split_gain=322.902 280.556 225.547 219.305 206.69 241.983 190.101 209.354 172.511 168.374 165.559 163.957 181.513 169.062
threshold=2.5000000000000004 3.5000000000000004 1.0000000180025095e-35 0 1.5452012551182743 1 2.3334014405268877 0.73202771777756481 56.500000000000007 0.21290322580645163 15.500000000000002 12.500000000000002 17.500000000000004 23.500000000000004
decision_type=2 2 2 9 2 9 2 2 2 2 2 2 2 2
left_child=1 -1 3 8 5 -3 7 -5 -2 -4 -6 -9 -13 -14
right_child=2 4 9 6 10 -7 -8 11 -10 -11 -12 12 13 -15
leaf_value=0.010346952147478286 0.077513514130235092 0.0092851716281119046 0.020632783341667526 0.0027695889248942297 -0.0043736736232085783 0.00094756000974626604 0.0065748406165445326 0.0001127687896678345 -0.0098253915308947667 0.0033075071208774755 0.0027062802073963984 -0.0020840863035700733 -0.0087041721101077975 0.0050684248540835359
leaf_weight=3765.2838874233421 19.503162297420204 5086.8416821779683 650.01292034983635 9686.3211227357388 6776.2933089644648 8152.0710779475048 2866.5238152355887 21081.75451740995 3018.6590380305424 2250.8889380097389 5294.1615260806866 28616.074478061637 7200.1352169814054 902.05170188006014
leaf_count=61091 341 55544 4139 345909 84936 112655 25875 1009435 184272 9662 59772 920582 482200 61085
internal_value=1.75126e-05 0.00270768 -0.00100772 -0.00133206 0.00157081 0.00415934 -0.000990316 -0.00131189 -0.00920911 0.0071954 -0.0012684 -0.00199591 -0.00320658 -0.00717037
internal_weight=105367 29074.7 76291.9 73391 25309.4 13238.9 70352.9 67486.3 3038.16 2900.9 12070.5 57800 36718.3 8102.19
internal_count=3417498 373998 3043500 3029699 312907 168199 2845086 2819211 184613 13801 144708 2473302 1463867 543285
cat_boundaries=0 1 3
cat_threshold=556794624 1520666624 9
is_linear=0
shrinkage=0.03


Tree=149
num_leaves=15
num_cat=2
split_feature=20 27 4 12 15 11 24 8 23 9 7 14 27 6
split_gain=294.929 539.66 349.218 293.542 253.551 302.538 201.123 187.977 154.658 123.377 280.893 117.821 147.59 128.578
threshold=29.743992473118283 0 1.0000000180025095e-35 0.64142857142857157 1.5000000000000002 473.50000000000006 0.72174017608800234 5.5000000000000009 0.7088818991437198 1.0000000180025095e-35 2.5000000000000004 474.62500000000006 1 24.500000000000004
decision_type=2 9 2 2 2 2 10 2 2 2 2 2 9 2
left_child=1 -1 3 4 5 6 11 -5 -4 -3 -11 12 -2 -14
right_child=2 9 8 7 -6 -7 -8 -9 -10 10 -12 -13 13 -15
leaf_value=0.01455006650305472 -0.022872827772966023 6.2955257045009351e-05 0.0025317239432095244 0.0062946570950834614 0.0054430116008007418 -0.0049468445970910864 0.0032829831095025444 0.025940075432553448 -0.0041390180465460105 0.047206848540207409 0.0045523926764385342 0.004177027425175942 -0.00050756224049641795 -0.0068586731386415939
leaf_weight=3285.4330924460664 289.81552466750145 12106.036045653978 3555.4399543139152 2058.1900614034384 7246.8623438179493 11018.394345501438 15837.694908054546 556.3671502545476 25980.716469540261 157.86244213208556 1110.8959693501238 3223.2325507290661 15443.133254241198 3522.4662399329245
leaf_count=88973 1983 730073 213358 12402 41957 106813 116499 7365 1881125 1112 56740 17215 118479 25707
internal_value=1.60452e-05 0.0036784 -0.000671627 0.000657789 0.000203582 -0.000566142 0.000693686 0.0104834 -0.00333596 0.000995338 0.00989258 -0.00113071 -0.00201936 -0.00168656
internal_weight=105393 16660.2 88732.3 59196.2 56581.6 49334.7 38316.3 2614.56 29536.2 13374.8 1268.76 22478.6 19255.4 18965.6
internal_count=3419801 876898 2542903 448420 428653 386696 279883 19767 2094483 787925 57852 163384 146169 144186
cat_boundaries=0 2 3
cat_threshold=1778612232 8 4227080
is_linear=0
shrinkage=0.03


Tree=150
num_leaves=15
num_cat=5
split_feature=7 25 11 27 28 27 16 6 28 27 16 23 10 7
split_gain=287.949 277.851 252.762 218.399 272.628 167.232 155.968 201.688 221.768 170.891 318.505 167.892 153.451 216.745
threshold=7.5000000000000009 1.934408602150538 13.500000000000002 0 1 2 12.500000000000002 18.500000000000004 3 4 11.500000000000002 1.9879421866184941 1.0000000180025095e-35 2.5000000000000004
decision_type=2 2 2 9 9 9 2 2 9 9 2 2 2 2
left_child=1 3 -3 4 -1 -4 7 8 -2 10 -9 -8 -5 -14
right_child=6 2 5 12 -6 -7 11 9 -10 -11 -12 -13 13 -15
leaf_value=0.019229482150407162 0.036046937066383095 -0.0073317403595376494 -0.0017556497416174861 0.0022026332192534082 0.0019645843276349518 0.0024061482433954872 -0.0035936880279050405 -0.010307204154545233 0.0054051341765900245 0.00047598487255411022 0.030504586014406823 0.0078101915288533762 0.046707580423743081 0.0055423483964649996
leaf_weight=1903.2835526708513 226.33586344402283 3626.1417774385773 13335.789337614086 10311.032337229932 1463.3982054498047 24901.160265240818 27399.899960040348 2603.7567126546055 2182.7083045276813 15341.875274776481 183.31828900333494 1212.4299481061753 168.76747484691441 358.59291977132671
leaf_count=55604 1526 32450 347719 331020 21566 234149 1305730 168826 46532 842526 1351 19101 1261 9545
internal_value=-2.26205e-06 0.00146712 0.000236881 0.00509242 0.0117558 0.000954812 -0.00167845 0.00031623 0.00846977 -0.000767651 -0.00758565 -0.0031102 0.0030081 0.0187796
internal_weight=105218 56068.2 41863.1 14205.1 3366.68 38236.9 49150.3 20538 2409.04 18129 2787.08 28612.3 10838.4 527.36
internal_count=3418906 1033314 614318 418996 77170 581868 2385592 1060761 48058 1012703 170177 1324831 341826 10806
cat_boundaries=0 2 3 5 6 7
cat_threshold=1252132904 9 3145761 2723430668 2 1310720 53642000
is_linear=0
shrinkage=0.03


Tree=151
num_leaves=15
num_cat=3
split_feature=25 22 27 27 20 18 20 6 19 1 27 6 6 6
split_gain=267.377 287.75 259.331 250.109 374.004 179.743 168.936 232.124 153.84 140.791 183.38 170.126 262.629 207.384
threshold=7.4591397849462373 9986.7076630434804 0 1 35.441935483870971 1692.5000000000002 10254.906659139788 18.500000000000004 0.98387096774193561 99.500000000000014 2 4.5000000000000009 5.5000000000000009 15.500000000000002
decision_type=2 2 9 9 2 10 2 2 2 2 9 2 2 2
left_child=1 3 -2 4 -1 -3 9 -8 -4 10 -5 -12 -13 -14
right_child=2 5 8 6 -6 -7 7 -9 -10 -11 11 12 13 -15
leaf_value=0.014481598617974316 -0.0048555009657618364 -0.0052619585623065205 0.00040564063420784724 0.019756245407733904 0.0014665278367811485 0.03415941469080231 0.038112208708418527 -0.032820326841971142 -0.006759385362956098 0.0014361512697702191 -0.019765352067821054 0.0038219718360237901 -0.014754105005011741 -0.0023741437837427573
leaf_weight=3008.1816955544055 14924.179908926366 142.20157235534862 33779.47748180991 308.32122239843011 5851.3736844323575 384.99699719646014 48.44051197450608 261.89129196805879 2929.9727767617442 33895.647444867762 536.51098767342046 3654.5473305014893 1843.4324603439309 3586.0163130154833
leaf_count=87571 1141900 2846 353694 1964 159618 3354 427 2168 50365 644723 124449 34181 313837 498514
internal_value=1.73969e-05 0.00150322 -0.00152275 0.00128359 0.00588018 0.0235364 0.000359347 -0.0216614 -0.000166361 0.000515854 -0.00262574 -0.00336206 -0.0023949 -0.00657939
internal_weight=105155 53521.6 51633.6 52994.4 8859.56 527.199 44134.8 310.332 36709.5 43824.5 9928.83 9620.51 9084 5429.45
internal_count=3419611 1873652 1545959 1867452 247189 6200 1620263 2595 404059 1617668 972945 970981 846532 812351
cat_boundaries=0 1 3 4
cat_threshold=3409117969 1241602144 9 268435456
is_linear=0
shrinkage=0.03


Tree=152
num_leaves=15
num_cat=4
split_feature=25 27 27 1 23 15 11 29 30 10 7 11 7 16
split_gain=273.484 496.807 294.098 194.948 196.006 187.762 236.044 182.408 156.441 150.666 228.505 149.826 225.956 148.034
threshold=0.19677419354838713 0 1 18.000000000000004 0.79835973027579177 1.0000000180025095e-35 435.50000000000006 2 3 1.0000000180025095e-35 2.5000000000000004 10.500000000000002 1.5000000000000002 25.500000000000004
decision_type=2 9 9 2 2 2 2 9 1 2 2 2 2 2
left_child=1 -1 7 -4 -5 6 11 8 -2 -3 -11 -6 -13 -9
right_child=2 9 3 4 5 -7 -8 13 -10 10 -12 12 -14 -15
leaf_value=0.014387418359038395 0.015775048914786306 0.00012816145902810181 0.021939115614412207 0.0040320978963466723 -0.0073710437482775995 0.0017524299497712612 -0.0055891011585554613 -0.0038977236895396863 -0.0074524346434181321 0.044784107432011631 0.0060406505993988897 0.0043744340997491525 -0.001662231854513992 -0.013973361514034371
leaf_weight=3074.6123092258349 737.26480649132282 12571.386394393165 369.77405043691397 9902.5230051288381 2463.7851353865117 20922.531144021545 10593.636636405252 16581.077958507929 395.1582387117669 159.65969626791775 933.83444701624103 8438.3362375786528 16472.598667218816 1424.4238222569693
leaf_count=87510 13282 752621 2207 124870 13421 230829 335500 1309468 4340 1104 41865 49708 238178 214105
internal_value=-3.87255e-07 0.00351527 -0.000666892 0.000244098 0.000127203 -0.000529464 -0.00178692 -0.00395705 0.00767611 0.00105685 0.0117333 -0.000315377 0.000382723 -0.00469294
internal_weight=105041 16739.5 88301.1 69163.2 68793.4 58890.9 37968.4 19137.9 1132.42 13664.9 1093.49 27374.7 24910.9 18005.5
internal_count=3419008 883100 2535908 994713 992506 867636 636807 1541195 17622 795590 42969 301307 287886 1523573
cat_boundaries=0 2 3 4 5
cat_threshold=1241651200 8 2200961944 4 8
is_linear=0
shrinkage=0.03


Tree=153
num_leaves=15
num_cat=4
split_feature=24 27 25 28 18 18 27 25 28 11 8 18 1 16
split_gain=252.092 352.738 205.016 195.011 324.47 590.444 171.641 154.731 141.832 244.657 129.955 123.576 110.287 200.12
threshold=0.81494753641266471 0 29.081720430107531 1 1692.5000000000002 1683.5000000000002 2 2.0161290322580649 3 10.500000000000002 1.5000000000000002 1727.5000000000002 846.50000000000011 25.500000000000004
decision_type=8 9 2 9 8 10 9 2 9 2 2 10 2 2
left_child=2 -2 6 4 5 7 8 -3 10 -10 -1 -6 13 -8
right_child=1 3 -4 -5 11 -7 12 -9 9 -11 -12 -13 -14 -15
leaf_value=0.0067690757212065782 0.00014639853551442182 0.020654190053929718 -0.0056507529443662382 0.0032898393880075438 0.034012350130028797 -0.034933587078484318 -0.0025947250454321281 0.0064222891596602905 -0.011899356500621823 -5.3100706172778541e-05 0.00089758883209243862 0.0078941046702081432 0.0027910591108253513 -0.012571302563875028
leaf_weight=5063.7705294778571 25890.731156357797 1018.6927465815097 7710.8150019540917 6408.6863306239247 674.96302460692823 272.20226247981191 11443.128326430917 2115.3635521251708 1662.5146362418309 27631.534042346757 10277.215213497635 215.81592767778784 2408.9559692945331 2148.6591133999173
leaf_count=43767 1343323 25995 246670 56775 13152 2075 931701 16967 11826 440757 107929 2099 12439 163870
internal_value=3.24079e-05 0.00204176 -0.00104352 0.00661875 0.0115625 0.00736924 -0.000457555 0.0110533 0.000498306 -0.000725543 0.00283412 0.0277004 -0.00312221 -0.00417268
internal_weight=104943 36596.5 68346.6 10705.7 4297.04 3406.26 60635.8 3134.06 44635 29294 15341 890.779 16000.7 13591.8
internal_count=3419345 1460386 1958959 117063 60288 45037 1712289 42962 604279 452583 151696 15251 1108010 1095571
cat_boundaries=0 1 2 4 5
cat_threshold=3455361795 3277057 2122676802 8 2116489
is_linear=0
shrinkage=0.03


Tree=154
num_leaves=15
num_cat=4
split_feature=7 24 27 27 21 25 5 16 25 9 27 1 28 11
split_gain=251.984 253.664 240.99 195.429 165.361 265.567 170.69 161.818 159.043 157.467 149.879 147.513 197.244 185.367
threshold=7.5000000000000009 0.96154400035448429 0 1 0.90163640707118986 3.0489247311827961 1.0000000180025095e-35 11.500000000000002 25.262365591397852 1.0000000180025095e-35 2 146.00000000000003 3 112.50000000000001
decision_type=2 8 9 9 2 2 2 2 2 2 9 2 9 2
left_child=1 3 -3 11 6 -6 -2 -5 -9 -4 -8 13 -13 -1
right_child=4 2 9 7 5 -7 10 8 -10 -11 -12 12 -14 -15
leaf_value=-0.014100266168124549 -0.0014487050632792456 0.017406748467665822 0.0022714824836635788 -0.00098988132022177463 0.032116602069980897 -0.0076463203290458503 0.0039559269922937318 0.004683913135536245 -0.0019102269698078077 0.022091264468377204 0.026766557213156825 0.0056596293705255757 -0.0028479331350975811 -0.00051806647457047653
leaf_weight=1859.1123811490834 41418.650647417177 1472.6475736815482 4945.7087969349232 11578.254859615117 154.54157330049202 5409.5142830305267 1622.4681275002658 17157.634468693752 4072.7303714011796 388.19494054769166 300.49233478307724 3305.9413337525912 9403.3694262653589 1760.1856080440339
leaf_count=178192 2063347 39706 193455 121800 1533 312588 7945 137014 45832 7520 1405 57707 65503 185124
internal_value=-9.513e-05 0.00127994 0.00670721 0.000528029 -0.00166808 -0.00653633 -0.00104298 0.00186247 0.00341889 0.00371086 0.00769218 -0.00215301 -0.000632466 -0.00749676
internal_weight=104849 55943.8 6806.55 49137.2 48905.7 5564.06 43341.6 32808.6 21230.4 5333.9 1922.96 16328.6 12709.3 3619.3
internal_count=3418671 1031853 240681 791172 2386818 314121 2072697 304646 182846 200975 9350 486526 123210 363316
cat_boundaries=0 1 2 3 4
cat_threshold=301989888 2689909164 1678835712 22785
is_linear=0
shrinkage=0.03


Tree=155
num_leaves=15
num_cat=6
split_feature=7 10 11 27 29 0 28 21 25 5 27 11 27 27
split_gain=245.528 256.864 232.954 450.297 232.5 462.595 274.277 219.747 371.033 218.78 168.468 154.262 126.184 120.037
threshold=2.5000000000000004 1.0000000180025095e-35 92.500000000000014 0 1 22.000000000000004 2 0.85791925465838526 3.0489247311827961 1.0000000180025095e-35 3 4.5000000000000009 4 5
decision_type=2 2 2 9 9 2 9 2 2 2 9 2 9 9
left_child=1 2 3 -1 5 6 -5 9 -9 10 -2 -6 -4 -13
right_child=7 -3 12 4 11 -7 -8 8 -10 -11 -12 13 -14 -15
leaf_value=-0.029894798144230874 -0.0052399176490227316 0.032262575727022895 0.011005743120887489 0.0247003346903782 -0.010692799989470555 0.0013416569583971744 -0.0098426729359068418 0.03104450547227592 -0.005795937873316611 0.008858368474361996 -8.2907093967075383e-05 -0.0073031942613841034 0.0034835472113861708 0.001267845933167887
leaf_weight=425.54646060615778 6328.3584263590164 254.65021943673491 3058.8263412071392 1303.9217288997024 1611.4793879846111 7489.6475111613981 243.71453370898962 251.03295212937519 10377.935256804107 2278.6714984960854 56648.294013793347 1865.2939575051423 5901.5173844667152 6792.2007902776822
leaf_count=3129 172908 1876 18506 44372 27165 75678 2603 2510 494116 11127 2364477 111005 42516 47142
internal_value=-2.64265e-05 0.00232426 0.00205743 0.000235744 0.000916402 0.00442314 0.0193538 -0.000923136 -0.00492301 -0.00027156 -0.000602042 -0.00217116 0.00606854 -0.000586422
internal_weight=104831 28946.8 28692.1 19731.8 19306.3 9037.28 1547.64 75884.3 10629 65255.3 62976.7 10269 8960.34 8657.49
internal_count=3419130 373992 372116 311094 307965 122653 46975 3045138 496626 2548512 2537385 185312 61022 158147
cat_boundaries=0 1 2 3 5 7 8
cat_threshold=541097984 36 2097159 561163083 2 1352826880 9 2156937472
is_linear=0
shrinkage=0.03


Tree=156
num_leaves=15
num_cat=3
split_feature=6 1 27 16 19 27 16 16 18 16 28 7 11 7
split_gain=244.481 373.671 265.469 225.715 191.094 200.272 268.911 186.95 178.953 249.703 278.581 200.535 377.376 340.732
threshold=5.5000000000000009 99.500000000000014 0 7.5000000000000009 0.45913978494623658 1 7.5000000000000009 9.5000000000000018 713.50000000000011 24.500000000000004 2 23.500000000000004 668.50000000000011 20.500000000000004
decision_type=2 2 9 2 2 9 2 2 10 2 9 2 2 2
left_child=8 2 -2 -4 5 7 -7 -3 9 10 -1 13 -13 -10
right_child=1 4 3 -5 -6 6 -8 -9 11 -11 -12 12 -14 -15
leaf_value=0.021300370241406703 0.022639280034403551 0.010537514192112149 -0.0010026606877289353 -0.010893602263538126 -0.0015586739530595336 -0.0041734277853381317 0.0023074540127195234 0.0020786252382334427 0.00081047716359439019 0.0031151105311419988 -0.00080399418023605843 -0.026193787140970509 0.031043695862103444 -0.016349747789065474
leaf_weight=1530.5286310948431 264.64282631501555 3630.3806105745025 3255.7337488704361 5732.8856585142203 36401.5142285279 8726.2708031935617 16958.570880652871 6673.5733316810802 7753.1327594097238 11227.660135658691 776.96184678934515 136.51675797253847 421.67691418202594 1201.9456739458255
leaf_count=43851 1668 149944 363741 807086 971648 149619 106874 299078 150426 280846 8635 6420 9688 69397
internal_value=1.85235e-05 -0.000751757 -0.00642814 -0.00730343 -2.6097e-05 0.00152406 0.000105495 0.00505476 0.00274698 0.00496302 0.0139492 -0.000406121 0.0170234 -0.00149433
internal_weight=104692 81643.6 9253.26 8988.62 72390.3 35988.8 25684.8 10304 23048.4 13535.2 2307.49 9513.27 558.194 8955.08
internal_count=3418921 2849658 1172495 1170827 1677163 705515 256493 449022 569263 333332 52486 235931 16108 219823
cat_boundaries=0 1 3 4
cat_threshold=268435456 3892533344 11 2097163
is_linear=0
shrinkage=0.03


Tree=157
num_leaves=15
num_cat=3
split_feature=6 1 29 16 24 7 18 18 8 28 16 29 18 7
split_gain=235.935 372.007 241.555 188.196 169.219 163.979 247.635 226.007 277.493 178.272 168.872 274.804 192.617 158.641
threshold=5.5000000000000009 99.500000000000014 0 8.5000000000000018 0.81494753641266471 6.5000000000000009 269.50000000000006 298.50000000000006 5.5000000000000009 1 24.500000000000004 2 29.500000000000004 23.500000000000004
decision_type=2 2 9 2 8 2 8 8 2 9 2 9 8 2
left_child=5 2 3 -2 -3 9 -7 8 -8 10 11 -1 -12 -9
right_child=1 4 -4 -5 -6 6 7 13 -10 -11 12 -13 -14 -15
leaf_value=0.023951710615582544 -0.0035464174225682526 -0.0010544179920386136 -0.00088615804127973761 -0.015248063508153784 0.0020491054227511352 -0.015928284409273734 -0.0081492973261801504 -0.00030814662261071101 0.052371949716878516 0.00089922314922015153 -0.015414138881054704 -0.00047307950125642168 0.0071484613573970478 0.015802340675382828
leaf_weight=1262.2551170662045 2019.2344335424714 49012.520094207954 3994.532934486866 3195.053758104099 23340.999965648632 804.50682100537233 114.42565454822034 9742.7666622041725 166.85179723892361 5020.9870629217476 368.555043106433 623.54650453478098 4344.5202426153701 582.01323322509415
leaf_count=39765 304286 1051502 282171 585725 625281 27577 8370 319243 3119 49379 7644 10367 86881 16699
internal_value=-1.8924e-05 -0.000776063 -0.00645482 -0.0106976 -5.32174e-05 0.0026624 0.000107804 0.00132558 0.0278098 0.00517076 0.00840619 0.016004 0.00538121 0.000601452
internal_weight=104593 81562.3 9208.82 5214.29 72353.5 23030.4 11410.6 10606.1 281.277 11619.9 6598.88 1885.8 4713.08 10324.8
internal_count=3418009 2848965 1172182 890011 1676783 569044 375008 347431 11489 194036 144657 50132 94525 335942
cat_boundaries=0 1 2 3
cat_threshold=8 3168809 44
is_linear=0
shrinkage=0.03


Tree=158
num_leaves=15
num_cat=4
split_feature=19 27 27 18 2 6 16 28 5 6 28 16 23 9
split_gain=219.701 386.896 243.788 220.022 210.487 276.45 282.104 182.165 181.771 180.742 163.193 146.531 133.491 122.738
threshold=0.032795698924731186 0 1 955.50000000000011 146.00000000000003 5.5000000000000009 25.500000000000004 2 1.0000000180025095e-35 22.500000000000004 3 1.0000000180025095e-35 1.8597850981703856 1.5000000000000002
decision_type=2 9 9 10 2 2 2 9 2 2 9 2 2 2
left_child=1 10 3 4 5 6 12 -4 -5 -6 -1 -12 -2 -3
right_child=2 13 7 8 9 -7 -8 -9 -10 -11 11 -13 -14 -15
leaf_value=0.019793009775885918 0.0086424831649160733 0.0005055939226364355 -0.0015426653950753753 -0.0077173058679521371 0.0016768132707598565 -0.0084367810066513262 -0.018321919198262596 0.0015991935042017889 0.021299443485406851 0.018387208877730373 -0.019929031076129242 0.0089441192145664952 -0.00468475292603462 0.034098985659516343
leaf_weight=1425.1677778791636 2711.0009644962847 13332.769448234932 30029.852800602093 8753.1891022101045 2306.1878590560518 4437.7932136433665 518.62978491210379 37134.272919251584 197.7715063393116 778.53602898633108 172.10324956849217 1842.2120885886252 900.4696547575295 97.60872428258881
leaf_count=50029 18518 783272 435778 772634 170044 548471 96800 425490 884 63550 2186 40281 7659 3729
internal_value=-7.88587e-05 0.00305652 -0.000681539 -0.00353523 -0.000819682 -0.00323898 0.00234675 0.00019441 -0.00707387 0.00589885 0.0120163 0.00643659 0.00531915 0.000751703
internal_weight=104638 16869.9 87767.7 20603.6 11652.6 8567.89 4130.1 67164.1 8950.96 3084.72 3439.48 2014.32 3611.47 13430.4
internal_count=3419325 879497 2539828 1678560 905042 671448 122977 861268 773518 233594 92496 42467 26177 787001
cat_boundaries=0 2 3 4 5
cat_threshold=1778530308 8 2335212437 606324 3672321
is_linear=0
shrinkage=0.03


Tree=159
num_leaves=15
num_cat=3
split_feature=7 24 27 24 16 19 16 1 28 19 5 15 23 27
split_gain=236.842 204.407 284.225 154.267 177.571 347.718 314.173 168.288 155.315 149.599 148.112 147.955 119.69 105.927
threshold=13.500000000000002 0.76486188065485239 0 0.9869273804506663 11.500000000000002 0.98387096774193561 12.500000000000002 149.50000000000003 1 0.65591397849462374 1.0000000180025095e-35 1.5000000000000002 0.73202771777756481 2
decision_type=2 8 9 8 2 2 2 2 9 2 2 2 2 9
left_child=1 11 3 4 5 -3 7 -6 -5 10 13 12 -1 -2
right_child=9 2 -4 8 6 -7 -8 -9 -10 -11 -12 -13 -14 -15
leaf_value=0.0035927052909146837 0.0035602185131691365 0.0029523143715134773 0.00050841425552372252 0.021583298451665199 0.007523165221440223 -0.026763561289431342 0.0057282788569985666 0.039293200048671532 0.00066643017789023279 -0.005252368052246637 0.010648921084690935 0.0048167350208524239 -0.0016377039861860262 -0.0024680483838497827
leaf_weight=4436.6037836091127 3203.6937648048624 2883.6800764556974 20057.217581320321 1052.5635671783239 237.48806062154472 403.03807421587408 6393.4865400795825 409.24840779975057 468.63750885426998 10219.522114980267 974.41742702946067 4291.8006767174229 34948.296691323398 14283.349969398463
leaf_count=125459 122331 28763 826337 35329 2184 4468 51148 2458 7852 619945 5007 32872 745431 806108
internal_value=-1.93824e-05 0.000861411 0.00268675 0.0063682 0.00505876 -0.000698666 0.00774632 0.0276566 0.0152903 -0.00234046 -0.000728342 -0.00047201 -0.00104844 -0.00136288
internal_weight=104263 75582.1 31905.4 11848.1 10326.9 3286.72 7040.22 646.736 1521.2 28681 18461.5 43676.7 39384.9 17487
internal_count=3415692 1862301 958539 132202 89021 33231 55790 4642 43181 1553391 933446 903762 870890 928439
cat_boundaries=0 2 3 4
cat_threshold=463702056 11 3735585 1107623988
is_linear=0
shrinkage=0.03


Tree=160
num_leaves=15
num_cat=1
split_feature=7 24 1 14 21 18 15 29 23 2 5 18 11 25
split_gain=221.783 231.811 168.213 229.232 160.026 151.869 127.514 121.831 119.356 117.038 105.649 115.467 99.7869 98.5618
threshold=13.500000000000002 0.81494753641266471 60.000000000000007 99.029411764705898 0.94535355948399435 inf 1.5000000000000002 0 0.73202771777756481 124.50000000000001 1.0000000180025095e-35 1021.5000000000001 306.50000000000006 0.4919354838709678
decision_type=2 8 2 2 2 8 2 9 2 2 2 10 2 2
left_child=1 6 7 -4 10 -5 8 -3 -1 -7 11 -2 -11 -12
right_child=4 2 3 5 -6 9 -8 -9 -10 12 13 -13 -14 -15
leaf_value=0.0034717800463469001 0.00046917796080343913 0.021634485154499887 -0.0020320047774296359 0.003532798090857864 -0.0099809959569488217 0.051774168578740114 0.0042343846061909029 0.0054371609746340574 -0.0013650129885016944 0.0091808634081662326 0.024652602309029485 -0.0037155120194604504 0.036586847897960122 0.0029311800776018471
leaf_weight=5179.9179818737321 9784.7413378218189 711.46407510899007 6964.0812423520256 14983.866354080383 2217.433775056852 67.484642840456218 4993.7901731487364 1048.8330998457968 40373.581428649602 1346.8567260135897 217.45921076834202 15078.724141609157 130.42729145335034 1351.6216477677226
leaf_count=143505 528604 28400 546907 198402 150749 1395 38749 16423 864239 22272 1644 868335 4947 5949
internal_value=6.7244e-06 0.000856606 0.00320372 0.00253319 -0.00224179 0.00445668 -0.000316034 0.0121459 -0.000814954 0.01341 -0.00159219 -0.00206872 0.0116236 0.00595534
internal_weight=104450 75800.3 25253 23492.7 28650 16528.6 50547.3 1760.3 45553.5 1544.77 26432.5 24863.5 1477.28 1569.08
internal_count=3420520 1865239 818746 773923 1555281 227016 1046493 44823 1007744 28614 1404532 1396939 27219 7593
cat_boundaries=0 1
cat_threshold=36
is_linear=0
shrinkage=0.03


Tree=161
num_leaves=15
num_cat=3
split_feature=8 28 11 27 20 1 19 25 25 16 5 27 15 16
split_gain=203.667 347.762 249.221 230.653 237.279 200.234 169.334 229.843 553.222 340.258 189.279 200.788 167.776 130.858
threshold=1.5000000000000002 0 3.5000000000000004 1 35.441935483870971 99.500000000000014 0.93440860215053767 2.9838709677419359 3.5575268817204306 11.500000000000002 1.0000000180025095e-35 2 1.0000000180025095e-35 24.500000000000004
decision_type=2 9 2 9 2 2 2 2 2 2 2 9 2 2
left_child=1 3 -3 4 -1 13 10 -8 9 -9 11 -2 -13 -5
right_child=6 2 -4 5 -6 -7 7 8 -10 -11 -12 12 -14 -15
leaf_value=0.023373980963389954 -0.0079649364577320751 -0.014603877570384465 0.00059293394601874795 -0.0015808481052574498 0.0076867847435838953 0.0044732162482784442 -0.033417834862303812 -0.033814603898678505 -0.0059926513914756981 0.038747808487186224 0.0081812075846903753 -0.0012948433319732611 0.0019924965746961113 -0.025592959955152726
leaf_weight=1050.0449901856482 3121.7529368090909 1028.3117234571837 17211.326437640702 475.80142927961424 4990.4619426429272 3479.2173887062818 245.21724292892031 67.528781975619495 7246.6926920718979 389.98527363664471 2310.4307279530913 41256.254668046022 21127.484740859596 357.0966935090255
leaf_count=41492 164545 10309 112820 52339 34878 30539 2363 594 357887 2526 11237 2189944 396025 10862
internal_value=7.24901e-05 0.00222984 -0.000264438 0.00661783 0.0104 0.00130676 -0.000741669 -0.00488381 -0.00397139 0.0279873 -0.000256059 -0.000553768 -0.000181478 -0.0118941
internal_weight=104358 28592.3 18239.6 10352.6 6040.51 4312.12 75765.3 7949.42 7704.21 457.514 67815.9 65505.5 62383.7 832.898
internal_count=3418360 293239 123129 170110 76370 93740 3125121 363370 361007 3120 2761751 2750514 2585969 63201
cat_boundaries=0 1 3 4
cat_threshold=3162497 310773760 8 561021696
is_linear=0
shrinkage=0.03


Tree=162
num_leaves=15
num_cat=2
split_feature=25 27 25 7 24 1 16 16 11 11 11 18 27 16
split_gain=208.253 179.41 252.723 157.731 137.922 135.135 264.624 290.925 323.716 286.704 446.669 180.328 262.036 238.212
threshold=28.295161290322586 0 0.098387096774193564 2.5000000000000004 0.58905459956514628 99.500000000000014 25.500000000000004 23.500000000000004 668.50000000000011 549.50000000000011 478.50000000000006 955.50000000000011 1 8.5000000000000018
decision_type=2 9 2 2 10 2 2 2 2 2 2 10 9 2
left_child=1 2 3 -1 -4 6 7 -3 9 10 -9 12 13 -7
right_child=-2 5 4 -5 -6 11 -8 8 -10 -11 -12 -13 -14 -15
leaf_value=0.017491016961392093 -0.0035484268539642217 -0.0066982841848132945 -0.0012773908348410192 0.0046072305445666014 0.0024796804085908384 0.018525827194098277 -0.020099879600060523 0.00070382329390867508 0.039743988439268081 -0.032232933062088381 0.040640084383738478 -0.0021622782116989042 -5.0928304527531201e-05 0.0040836184296945133
leaf_weight=1375.3585992092267 12995.740400619805 6204.8976333797909 13232.906838551629 2261.3831971203908 26210.328289368656 1367.0891013885848 803.38138914480805 4570.4446077700704 205.12239995133132 217.40942297922447 265.76850569434464 16192.510694751982 14139.029144991189 4136.8370037027635
leaf_count=45655 439084 1003838 164891 52220 440442 80777 191064 75292 2148 6696 3084 539675 150549 223398
internal_value=4.33111e-06 0.00051072 0.0019166 0.00948314 0.00121921 -0.000748623 -0.00346639 -0.00229905 0.00289199 0.00138863 0.00290642 0.00018157 0.00211371 0.00765964
internal_weight=104178 91182.5 43080 3636.74 39443.2 48102.5 12267 11463.6 5258.74 5053.62 4836.21 35835.5 19643 5503.93
internal_count=3418813 2979729 703208 97875 605333 2276521 1282122 1091058 87220 85072 78376 994399 454724 304175
cat_boundaries=0 2 3
cat_threshold=2055428706 9 2147491852
is_linear=0
shrinkage=0.03


Tree=163
num_leaves=15
num_cat=4
split_feature=6 1 27 16 10 7 27 16 29 18 16 30 7 7
split_gain=216.703 314.055 259.318 194.495 187.968 191.769 359.369 180.479 153.817 152.25 224.281 182.687 163.497 299.743
threshold=5.5000000000000009 99.500000000000014 0 6.5000000000000009 1.0000000180025095e-35 14.500000000000002 1 2.5000000000000004 2 699.50000000000011 24.500000000000004 3 23.500000000000004 20.500000000000004
decision_type=2 2 9 2 2 2 9 2 9 10 2 1 2 2
left_child=9 2 -2 -4 5 6 -3 -8 -5 10 11 -1 13 -11
right_child=1 4 3 8 -6 -7 7 -9 -10 12 -12 -13 -14 -15
leaf_value=0.020312340930258681 0.022426267516746638 0.011737395103193431 -0.00047124574189323502 -0.01407220085867056 0.0042902677648579855 -0.0035809206572841694 -0.0067252964610356961 0.00022469948939975626 -0.0042238419164441808 0.00078018788243385646 0.0028710080816041271 0.0023647270957809995 0.015555347151322287 -0.015470133028726725
leaf_weight=1322.4021360985935 268.90608742460608 2325.8562264097854 2819.716833206825 3493.8653926933184 7729.1926253568381 15399.243519915268 3646.4682861175388 43085.032495402265 2459.3963800985366 7817.3295404508244 11126.138282995671 846.95371734537184 545.60793735366315 1174.1242004802916
leaf_count=41307 1706 132622 320993 651189 200782 902833 30489 410774 199080 151395 279197 10884 16024 69900
internal_value=-6.46534e-05 -0.00079049 -0.00606087 -0.00695414 -0.000130256 -0.000660393 0.000256423 -0.000317674 -0.0100358 0.00251746 0.00459215 0.0134141 -0.000375012 -0.0013433
internal_weight=104060 81227.7 9041.88 8772.98 72185.8 64456.6 49057.4 46731.5 5953.26 22832.6 13295.5 2169.36 9537.06 8991.45
internal_count=3419175 2850468 1172968 1171262 1677500 1476718 573885 441263 850269 568707 331388 52191 237319 221295
cat_boundaries=0 1 3 4 5
cat_threshold=268435456 2174812160 1 8 12
is_linear=0
shrinkage=0.03


Tree=164
num_leaves=15
num_cat=5
split_feature=19 27 24 27 21 28 24 16 28 29 18 1 16 7
split_gain=191.659 167.245 244.391 134.467 480.552 336.32 134.08 133.675 132.317 108.881 97.9042 144.878 97.9686 97.3083
threshold=0.967204301075269 0 0.9869273804506663 1 0.76505016722408048 2 0.68625537664598812 1.0000000180025095e-35 3 4 112.50000000000001 146.00000000000003 58.500000000000007 13.500000000000002
decision_type=2 9 8 9 2 9 10 2 9 9 10 2 2 2
left_child=1 2 6 4 -2 -6 -1 -4 -9 -3 11 -11 -13 -8
right_child=3 9 7 -5 5 -7 13 8 -10 10 -12 12 -14 -15
leaf_value=-0.00054405259743808474 -0.027727151076694458 0.00081683787839376988 -0.0045516649283454981 -0.0072849412017370269 0.036266385341441776 0.0017570023172439387 0.0040625637611056593 0.022121894512837439 0.0067891351452433824 -0.013664225883350969 -0.0015053486763802603 0.0035546587129459701 -0.025971484874962546 -0.00030775927411938383
leaf_weight=22502.381201751065 365.28523859381676 20124.998715518275 429.90494495164603 5141.7087222847622 339.94742080569267 940.16136289481074 15320.457031709608 938.20473380759358 1155.7427353477105 1500.2660740579013 27564.066232730867 1007.8858493957669 111.40744785964489 6543.3935272502713
leaf_count=308495 3117 542899 13124 242054 2278 12142 155889 34058 25914 147462 1673318 24417 796 231907
internal_value=-3.11875e-05 0.000309171 0.00159794 -0.00490482 0.00256143 0.0112393 0.00108159 0.0106771 0.0138043 -0.000892176 -0.00203155 -0.00757349 0.000595252 0.00275466
internal_weight=103986 97198.7 46890.1 6787.1 1645.39 1280.11 44366.2 2523.85 2093.95 50308.6 30183.6 2619.56 1119.29 21863.9
internal_count=3417870 3158279 769387 259591 17537 14420 696291 73096 59972 2388892 1845993 172675 25213 387796
cat_boundaries=0 2 4 5 6 7
cat_threshold=2055419970 11 549636136 9 1048576 3145985 38
is_linear=0
shrinkage=0.03


Tree=165
num_leaves=15
num_cat=1
split_feature=0 19 25 25 18 6 1 29 14 16 7 7 11 6
split_gain=207.139 221.976 214.164 496.249 316.228 173.868 248.447 186.955 180.097 168.684 132.534 225.125 299.76 165.785
threshold=187.50000000000003 0.93440860215053767 2.9838709677419359 3.376881720430108 1717.5000000000002 5.5000000000000009 99.500000000000014 0 186.28125000000003 8.5000000000000018 17.500000000000004 23.500000000000004 668.50000000000011 4.5000000000000009
decision_type=2 2 2 2 10 2 2 9 2 2 2 2 2 2
left_child=1 5 -3 4 -4 10 7 9 -8 -7 -1 -12 -13 -14
right_child=-2 2 3 -5 -6 6 8 -9 -10 -11 11 12 13 -15
leaf_value=0.0034381191939441948 0.0043280432128006002 -0.033044185810238505 -0.033203214676414863 -0.0059808743074251927 0.038335467434924539 -0.0024955183223647538 0.00052538928718907929 -0.00054775471484186193 -0.0050900517742716667 -0.014154478232511454 -0.0082095375702225977 -0.025834284452886269 -0.013776616108628984 0.037326063145283569
leaf_weight=17151.341411481146 8962.8083661422133 238.49413072434254 64.980098649160936 7807.0380220804363 358.83224722184241 1846.8038548929617 52610.484073659405 3776.3319771937095 5695.7958799819462 2826.6596073957626 2074.4578596109059 124.84026320464909 69.836360051529482 302.39828901505098
leaf_count=371556 48757 2391 593 365921 2357 282636 1339193 280046 51601 540661 119687 5629 6554 1915
internal_value=-3.12543e-05 -0.000442799 -0.00507762 -0.00426336 0.0273146 1.11673e-05 -0.000720003 -0.00552727 -2.32471e-05 -0.00952836 0.00248587 -0.00386419 0.0142504 0.0277273
internal_weight=103911 94948.3 8469.34 8230.85 423.812 86478.9 66756.1 8449.8 58306.3 4673.46 19722.9 2571.53 497.075 372.235
internal_count=3419497 3370740 371262 368871 2950 2999478 2494137 1103343 1390794 823297 505341 133785 14098 8469
cat_boundaries=0 1
cat_threshold=8
is_linear=0
shrinkage=0.03


Tree=166
num_leaves=15
num_cat=4
split_feature=6 1 29 16 10 27 18 11 18 30 1 14 27 18
split_gain=186.783 256.297 226.637 162.449 154.776 161.247 150.994 200.636 171.284 170.048 137.307 148.997 136.973 296.281
threshold=5.5000000000000009 99.500000000000014 0 16.500000000000004 1.0000000180025095e-35 1 699.50000000000011 22.500000000000004 24.500000000000004 2 1693.5000000000002 146.39565217391308 3 inf
decision_type=2 2 9 2 2 9 10 2 8 1 2 2 9 8
left_child=6 2 3 -2 5 -3 7 9 -9 -1 11 12 13 -7
right_child=1 4 -4 -5 -6 10 -8 8 -10 -11 -12 -13 -14 -15
leaf_value=0.022578382446322043 -0.0062412603694752726 -0.008589963828275286 -0.00010950786156055087 -0.018109929830046813 0.0038951497253289372 0.0034655761404704518 -0.00050500708351286982 0.050062764573193176 0.0028895036398214812 0.00057869718527324616 0.0056000310066452834 -0.0013571097606892616 0.00031531268250078982 0.027074744050086887
leaf_weight=923.20343766734004 3494.9397694207728 2179.8649956630543 3933.9824709892273 1476.521536915563 7754.8999147810973 2657.1628313334659 9555.5302795455791 68.687540728598833 11793.824853067985 489.71943512558937 3347.7081618010998 48152.405263232999 7476.5572981806472 582.54517463501543
leaf_count=36702 587900 164476 282353 302184 200789 220648 237382 392 286743 7105 18044 985829 70704 17467
internal_value=-2.61417e-05 -0.000701257 -0.00550263 -0.00974958 -0.000108567 -0.000590766 0.00237064 0.00444039 0.00316685 0.0151229 -0.000308936 -0.000645105 0.00255404 0.00769414
internal_weight=103888 81056.6 8905.44 4971.46 72151.1 64396.2 22831 13275.4 11862.5 1412.92 62216.4 58868.7 10716.3 3239.71
internal_count=3418718 2850394 1172437 890084 1677957 1477168 568324 330942 287135 43807 1312692 1294648 308819 238115
cat_boundaries=0 1 2 3 4
cat_threshold=8 555746101 12 3355443200
is_linear=0
shrinkage=0.03


Tree=167
num_leaves=15
num_cat=3
split_feature=7 24 27 5 27 15 18 18 18 27 16 6 14 11
split_gain=205.207 193.696 186.97 133.266 138.406 124.866 120.137 402.538 336.87 115.565 137.84 148.378 207.314 300.496
threshold=10.500000000000002 0.81494753641266471 0 1.0000000180025095e-35 1 1.0000000180025095e-35 1717.5000000000002 1683.5000000000002 1727.5000000000002 2 9.5000000000000018 5.5000000000000009 141.55277777777781 668.50000000000011
decision_type=2 8 9 2 9 2 8 10 10 9 2 2 2 2
left_child=1 5 6 9 -5 -1 7 -3 -8 -2 -11 12 13 -12
right_child=3 2 -4 4 -6 -7 8 -9 -10 10 11 -13 -14 -15
leaf_value=-0.0010767133276817949 -0.0081307745104399459 0.0069693931988156124 0.0013182289858158676 0.0022847478498784369 0.023708815419364166 0.0024797664776626126 0.033403360074303654 -0.029960413856049674 0.0042874396944421727 0.0012886255918833532 0.0024511232935903022 -0.004559225781935611 -0.0048255045335383554 0.029110808807974526
leaf_weight=32456.58685627766 2708.4646908706054 5662.0515200458467 14131.93053789204 1770.0535240769386 311.17328954488039 12232.469385992736 552.35851958021522 277.73730247979984 1012.1559622981586 9782.6089912150055 3251.3398545018863 15941.994311667746 3247.2869490692392 429.98878140957095
leaf_count=710177 174085 68124 524215 8624 1469 128773 12521 2361 10014 546671 128408 961811 130124 11518
internal_value=2.25185e-05 0.00102489 0.00335479 -0.00175303 0.00562264 -0.000103186 0.007178 0.00523785 0.0145817 -0.00218728 -0.00169104 -0.0029663 0.000698985 0.0055721
internal_weight=103768 66325.3 21636.2 37442.9 2081.23 44689.1 7504.3 5939.79 1564.51 35361.7 32653.2 22870.6 6928.62 3681.33
internal_count=3418895 1456185 617235 1962710 10093 838950 93020 70485 22535 1952617 1778532 1231861 270050 139926
cat_boundaries=0 2 3 4
cat_threshold=463667296 11 1678835712 556960584
is_linear=0
shrinkage=0.03


Tree=168
num_leaves=15
num_cat=1
split_feature=28 4 22 12 16 6 16 1 1 1 11 11 11 16
split_gain=185.619 239.899 304.827 215.338 168.433 220.714 378.452 211.538 208.277 171.081 162.239 288.027 396.947 238.976
threshold=0 1.0000000180025095e-35 18.132867295747733 0.79057017543859665 25.500000000000004 5.5000000000000009 16.500000000000004 124.50000000000001 99.500000000000014 99.500000000000014 88.500000000000014 179.50000000000003 267.50000000000006 24.500000000000004
decision_type=9 2 2 2 2 2 2 2 2 2 2 2 2 2
left_child=-1 2 -2 -4 5 10 9 -6 -8 -7 13 -12 -13 -3
right_child=1 4 3 -5 7 6 8 -9 -10 -11 11 12 -14 -15
leaf_value=-0.001869592136949869 0.015322849973147656 0.026991966996474256 0.0015407634470602626 0.016267335577645009 -0.021119851215256932 -0.0041586991677694226 -0.016114447870764111 -0.0025640108360847499 -0.0044583317037800736 0.0026690874359142835 0.023127195712313024 -0.019010807562172879 0.0067100002551441912 -0.012130142632174318
leaf_weight=32509.358463967452 1586.4488633899018 164.19759767688811 36545.463842220604 915.0488273575902 808.27129418682307 4672.274870229885 1938.0341221992858 1746.6621149301063 4787.0521510802209 11261.835998541676 785.14791670627892 612.81718334928155 4491.6756137078628 941.03521880693734
leaf_count=706629 50413 1097 277482 6845 198002 730513 372044 151159 276054 608337 4103 3220 26093 5367
internal_value=8.54312e-06 0.000865566 0.00244662 0.00190091 -0.00105089 -0.000413972 -0.00185199 -0.00844025 -0.00781929 0.000666876 0.00424394 0.00622311 0.00361898 -0.00629887
internal_weight=103765 71256 39047 37460.5 32209 29654.1 22659.2 2554.93 6725.09 15934.1 6994.87 5889.64 5104.49 1105.23
internal_count=3417358 2710729 334740 284327 2375989 2026828 1986948 349161 648098 1338850 39880 33416 29313 6464
cat_boundaries=0 1
cat_threshold=327764
is_linear=0
shrinkage=0.03


Tree=169
num_leaves=15
num_cat=3
split_feature=25 27 25 22 25 6 6 28 28 20 6 1 6 6
split_gain=169.394 197.558 237.322 163.907 136.753 158.835 125.639 128.691 111.922 110.672 130.404 102.953 245.692 415.679
threshold=29.475268817204306 0 0.098387096774193564 9986.7076630434804 3.1311827956989249 20.500000000000004 27.500000000000004 1 2 10484.196883333336 18.500000000000004 99.500000000000014 5.5000000000000009 4.5000000000000009
decision_type=2 9 2 2 2 2 2 9 9 2 2 2 2 2
left_child=1 11 6 8 5 -5 7 -3 9 -4 -11 12 13 -1
right_child=-2 2 3 4 -6 -7 -8 -9 -10 10 -12 -13 -14 -15
leaf_value=-0.02098362552213421 -0.0033555369070232531 0.019057484298660565 -0.00089916476304377024 0.035585108345141232 0.0053075902932489556 -0.026202824872279918 -0.0037136123788017394 0.0063675046330233884 0.0020566043392535615 0.015843404682281709 -0.029718413294452899 -9.5076780284434907e-05 -0.0072769155216196374 0.0043360482026655002
leaf_weight=661.46077011642046 12010.931931193918 1249.5136467479169 13036.08314946387 308.53216294944286 719.61847523180768 41.864994809031487 563.06804802641273 1763.6411497499794 26041.907852489501 73.350158374756575 238.01878944039345 35620.146291970275 6473.3264542759862 4898.7430153172463
leaf_count=164655 409931 46732 248257 2297 15896 393 14369 37042 348214 937 2425 1004056 1078382 46246
internal_value=-5.64214e-06 0.000433213 0.00188157 0.0012271 0.0128068 0.0281492 0.00928864 0.0117188 0.000912222 -0.0013211 -0.0189689 -0.000905391 -0.00330453 0.0013207
internal_weight=103700 91689.3 44035.6 40459.4 1070.02 350.397 3576.22 3013.15 39389.4 13347.5 311.369 47653.7 12033.5 5560.2
internal_count=3419832 3009901 716562 618419 18586 2690 98143 83774 599833 251619 3362 2293339 1289283 210901
cat_boundaries=0 2 3 4
cat_threshold=2239005085 2 3146019 1638420
is_linear=0
shrinkage=0.03


Tree=170
num_leaves=15
num_cat=3
split_feature=24 27 23 15 27 11 6 28 22 25 23 6 6 1
split_gain=180.232 201.161 170.516 149.627 182.746 160.538 145.746 161.486 112.712 111.56 112.711 257.524 109.236 202.991
threshold=0.85400662775664793 0 0.73202771777756481 1.0000000180025095e-35 1 513.50000000000011 20.500000000000004 2 1634.6457357859533 5.2951612903225813 2.1078861481627085 18.500000000000004 5.5000000000000009 138.50000000000003
decision_type=8 9 2 2 9 2 2 9 2 2 2 2 2 2
left_child=2 6 8 5 -5 12 7 9 -1 10 -2 -12 -4 -14
right_child=1 -3 3 4 -6 -7 -8 -9 -10 -11 11 -13 13 -15
leaf_value=0.00049436217305358539 0.024266064691283194 0.00051024417740826384 0.0017220216646639903 -0.0063509251859414388 0.0019243324472614867 -0.0055116395829072334 -0.00045672772825990733 0.004759906548346968 0.0072455993229241815 0.00594530750952354 0.035555589007723792 -0.032929531252256623 -0.0094459752806519866 -0.0012685229009774565
leaf_weight=6132.4072798418347 1135.4921012558043 21338.364243896911 8187.1968933003955 2770.2772399797104 17600.089703668375 10692.820444437675 2135.3517081206664 3442.0310339573771 3492.6134401436429 715.54589964263141 93.237363271415234 102.8977719694376 3106.5314118927345 22612.951164413709
leaf_count=220523 35808 1142229 171491 120881 258687 591878 19504 32197 79273 5400 541 815 424665 315699
internal_value=-1.81015e-06 0.00200668 -0.000781663 -0.00133374 0.000796506 -0.00230671 0.00618527 0.00877995 0.00294467 0.0154349 0.0206416 -0.000358333 -0.00129586 -0.00225657
internal_weight=103558 28962.9 74594.9 64969.9 20370.4 44599.5 7624.56 5489.2 9625.02 2047.17 1331.63 196.135 33906.7 25719.5
internal_count=3419591 1236494 2183097 1883301 379568 1503733 94265 74761 299796 42564 37164 1356 911855 740364
cat_boundaries=0 2 3 4
cat_threshold=839080040 10 1093926928 3145729
is_linear=0
shrinkage=0.03


Tree=171
num_leaves=15
num_cat=3
split_feature=24 27 28 18 18 25 25 15 23 7 16 27 25 1
split_gain=172.036 182.94 136.219 301.247 422.375 129.226 112.659 104.516 106.672 110.862 128.81 169.321 130.517 123.906
threshold=0.78997487421363854 0 1 1704.5000000000002 1670.5000000000002 29.475268817204306 2.0161290322580649 1.5000000000000002 0.57719989237443914 2.5000000000000004 13.500000000000002 2 2.1801075268817205 518.00000000000011
decision_type=8 9 9 8 10 2 2 2 2 2 2 9 2 2
left_child=5 2 3 4 6 7 -2 8 -1 10 12 13 -10 -12
right_child=1 -3 -4 -5 -6 -7 -8 -9 9 -11 11 -13 -14 -15
leaf_value=0.0039144404966557928 0.017334278093364852 0.0002172464212939234 0.0022880017026300319 0.027008893637067748 -0.033107408900107417 -0.0049199929827818088 0.0048435391780203728 0.0033784923880548186 0.003255112024407111 -0.0023880653820596552 -0.010578988331321246 0.0055257382313994609 -0.005768643675842693 0.0017078448131663713
leaf_weight=3781.3237595418468 888.23753714747727 28495.253940069582 7986.2696151398122 695.25559809524566 237.86198858730495 6656.6103282244876 2419.3013146501034 5626.8756973100826 2206.5799868456088 30532.855184239335 1183.0024473753292 6694.2684232369065 4162.4915675614029 1963.3586234971881
leaf_count=127779 26212 1477676 69103 14431 2129 218561 19095 54035 45020 1220692 49269 37736 48002 10149
internal_value=1.6623e-05 0.00153536 0.00460306 0.00894572 0.00542212 -0.000968084 0.00820214 -0.00049951 -0.000931464 -0.00132356 0.00068159 0.00283295 -0.00264232 -0.00290455
internal_weight=103530 40722.2 12226.9 4240.66 3545.4 62807.4 3307.54 56150.8 50523.9 46742.6 16209.7 9840.63 6369.07 3146.36
internal_count=3419889 1608646 130970 61867 47436 1811243 45307 1592682 1538647 1410868 190176 97154 93022 59418
cat_boundaries=0 2 3 5
cat_threshold=839112748 11 3414273 3226509356 1
is_linear=0
shrinkage=0.03


Tree=172
num_leaves=15
num_cat=2
split_feature=15 27 11 6 11 14 14 28 16 23 11 6 11 9
split_gain=153.942 228.671 224.525 163.854 221.309 249.507 185.404 175.087 163.55 148.515 142.59 129.551 109.577 312.076
threshold=1.0000000180025095e-35 0 513.50000000000011 5.5000000000000009 478.50000000000006 114.66983695652176 99.029411764705898 1 14.500000000000002 0.78554355343068527 40.500000000000007 13.500000000000002 668.50000000000011 1.0000000180025095e-35
decision_type=2 9 2 2 2 2 2 9 2 2 2 2 2 2
left_child=2 -2 3 4 -1 -6 10 -8 -4 -9 -5 -12 -10 -14
right_child=1 -3 8 6 5 -7 7 9 12 -11 11 -13 13 -15
leaf_value=0.0022654940807725114 -0.0053566771414943056 0.0026349768137207941 -0.00013017110722611473 -0.00022404654609603294 0.04284697239801788 -0.0024887681597929989 0.010053427269227925 0.0048275493465682372 -0.0073270922183886677 -0.0011464074559032233 -0.015113074555184363 -0.0046811611946002201 -0.010903515910514415 0.013910627487482742
leaf_weight=13553.136619369732 3635.9584803951439 27740.729740149109 7018.63209635159 3564.6368887834251 257.6947182554286 188.95217417110689 1542.9799414998852 4384.9600519281812 9176.9163884369191 25639.8074763529 1599.8836239522789 3243.9999120230787 973.49337645084597 856.56146220723167
leaf_count=337619 170274 486493 423227 99798 5105 4408 27625 64822 457770 416278 299142 530811 58117 37044
internal_value=-4.57683e-05 0.00170789 -0.000809985 0.000158147 0.00295115 0.0237052 -0.000820018 0.000234455 -0.00370882 -0.000273719 -0.00477834 -0.00812912 -0.00599053 0.000712056
internal_weight=103378 31376.7 72001.7 53976.1 13999.8 446.647 39976.3 31567.7 18025.6 30024.8 8408.52 4843.88 11007 1830.05
internal_count=3418533 656767 2761766 1785608 347132 9513 1438476 508725 976158 481100 929751 829953 552931 95161
cat_boundaries=0 1 2
cat_threshold=20185872 2097408
is_linear=0
shrinkage=0.03


Tree=173
num_leaves=15
num_cat=4
split_feature=7 10 11 27 15 29 27 17 1 14 5 2 27 19
split_gain=166.537 255.561 196.32 424.431 191.828 168.619 338.549 191.459 186.643 163.85 171.129 168.496 139.202 134.141
threshold=2.5000000000000004 1.0000000180025095e-35 92.500000000000014 0 1.5000000000000002 1 2 39.500000000000007 138.50000000000003 198.70000000000002 1.0000000180025095e-35 1100.0000000000002 3 0.967204301075269
decision_type=2 2 2 9 2 9 9 8 2 2 2 2 9 2
left_child=1 2 3 -1 9 6 7 -5 -7 10 13 -11 -6 -2
right_child=4 -3 -4 5 12 8 -8 -9 -10 11 -12 -13 -14 -15
leaf_value=-0.029265919029347897 -0.00068187889768478915 0.032166252113610024 0.0054109011474492204 -0.0044887620456026747 -0.0044461674006476782 -0.0089125343345731415 0.001174637016652804 0.022991726768442276 0.00043584829246680128 -0.0068756248702490008 0.0068375685988080323 0.0089513486053016088 0.0050631688267458825 -0.0064684460896124304
leaf_weight=424.05884688999504 51608.826556128915 249.40345826931298 8909.9863177314401 286.77168913558125 1686.9145323941484 2572.7913331841119 7413.3000245783478 1110.1325244437903 7591.1998094883747 6780.289550261572 2565.537118203938 663.88057847321033 7593.8361795281526 3875.3240358787589
leaf_count=3327 2637376 1884 60885 3275 31843 124146 75269 44078 61193 64186 12480 3818 70940 224700
internal_value=4.30586e-05 0.00199185 0.00172488 3.16312e-05 -0.000701235 0.00070297 0.00373826 0.0172278 -0.00192924 -0.00127324 -0.00073585 -0.00546314 0.00333508 -0.00108615
internal_weight=103332 28557.6 28308.2 19398.3 74774.6 18974.2 8810.2 1396.9 10164 65493.9 58049.7 7444.17 9280.75 55484.2
internal_count=3419400 374057 372173 311288 3045343 307961 122622 47353 185339 2942560 2874556 68004 102783 2862076
cat_boundaries=0 1 2 3 4
cat_threshold=541114496 36 33556480 1645478148
is_linear=0
shrinkage=0.03


Tree=174
num_leaves=15
num_cat=6
split_feature=25 27 15 23 29 27 7 2 28 12 20 16 28 28
split_gain=179.605 220.814 182.139 180.044 179.583 154.724 143.185 123.219 121.272 121.234 119.794 99.3091 144.763 122.395
threshold=2.0983870967741942 0 1.5000000000000002 0.7088818991437198 1 2 17.500000000000004 844.50000000000011 3 0.44097222222222227 5125.9073833333341 11.500000000000002 4 5
decision_type=2 9 2 2 9 9 2 2 9 2 2 2 9 9
left_child=1 4 3 -2 8 -4 -5 10 -1 -6 -3 12 -7 -13
right_child=2 7 5 6 9 11 -8 -9 -10 -11 -12 13 -14 -15
leaf_value=0.0217519282949485 0.0046784863254485535 0.00022616792496251385 -0.0073824962596868307 -0.00097095345861074453 -0.0027550276936676873 -0.02585202516331617 -0.0047671332705334635 0.01068523567973728 -0.0017630366575218665 0.0085251899294170354 0.038555649513289221 0.027795121437323933 0.0024370728086075466 0.0066807071894258606
leaf_weight=1061.8846227824688 4371.4804456045385 21678.525772138033 978.38166320556775 52676.360865892144 1351.8193739755079 165.61283709201962 10769.838060457027 1090.5565483421087 248.20644743181765 2342.1238258820958 72.634807175258175 255.36316449008882 2071.2773281871341 4083.2992541471031
leaf_count=47130 118079 1091809 24815 1205683 22286 1499 770935 5064 4649 70586 882 1663 22685 31021
internal_value=4.32006e-05 0.00210203 -0.000717443 -0.00120965 0.00780231 0.00370105 -0.00161541 0.000849168 0.0173193 0.00438563 0.00035593 0.00535413 0.000227385 0.00800901
internal_weight=103217 27845.8 75371.6 67817.7 5004.03 7553.93 63446.2 22841.7 1310.09 3693.94 21751.2 6575.55 2236.89 4338.66
internal_count=3418786 1242406 2176380 2094697 144651 81683 1976618 1097755 51779 92872 1092691 56868 24184 32684
cat_boundaries=0 2 3 4 5 6 7
cat_threshold=1241584168 11 36 1614045504 2130435 1048576 1048576
is_linear=0
shrinkage=0.03


Tree=175
num_leaves=15
num_cat=3
split_feature=24 27 25 6 19 28 25 21 19 27 6 2 8 16
split_gain=161.818 161.677 155.195 120.334 145.826 142.784 118.659 111.115 230.149 109.634 136.67 134.533 116.71 153.835
threshold=0.85600122812404067 0 29.475268817204306 20.500000000000004 0.98387096774193561 1 5.2951612903225813 0.77048494983277604 0.86881720430107545 2 27.500000000000004 99.500000000000014 1.5000000000000002 14.500000000000002
decision_type=8 9 2 2 2 9 2 2 2 9 2 2 2 2
left_child=2 3 9 5 -5 6 7 8 -2 10 11 -1 13 -13
right_child=1 -3 -4 4 -6 -7 -8 -9 -10 -11 -12 12 -14 -15
leaf_value=0.016555296720885303 0.019824156119629417 0.00057195533945338681 -0.0045971395255310988 0.0027282046147620227 -0.020606937664031495 0.0042630796262796387 0.004853076330328822 0.036239280902941359 -0.030098339819871044 -0.0020865904417266819 -0.0041980247717928248 -0.0018162535496752815 -1.2078027811386403e-05 0.006125808954050461
leaf_weight=500.89979337900877 886.94849049579352 21118.010828952538 8353.4471642230637 1818.4861051850021 276.82518143486232 3321.9953534961678 728.74256286863238 292.85826011747122 90.805476762354374 20421.867552252952 4866.6984780952334 3168.8494812697172 30248.116338705178 7138.4502418623306
leaf_count=3692 34324 1131856 277961 15975 3196 31187 5503 2072 767 1278598 71013 17763 504344 39936
internal_value=-9.60993e-06 0.00191209 -0.000743713 0.00571889 -0.000363112 0.00812407 0.0144404 0.0200445 0.0151618 -0.000258469 0.000554854 0.00111847 0.000927407 0.00368418
internal_weight=103233 28534.7 74698.3 7416.66 2095.31 5321.35 1999.35 1270.61 977.754 66344.9 45923 41056.3 40555.4 10307.3
internal_count=3418187 1224880 2193307 93024 19171 73853 42666 37163 35091 1915346 636748 565735 562043 57699
cat_boundaries=0 2 3 5
cat_threshold=839080040 8 3162113 2089121856 11
is_linear=0
shrinkage=0.03


Tree=176
num_leaves=15
num_cat=1
split_feature=7 10 28 7 11 12 22 16 18 18 14 18 16 2
split_gain=160.07 193.583 182.132 158.07 149.977 139.211 194.667 152.273 146.129 167.213 116.188 114.135 163.916 132.205
threshold=7.5000000000000009 1.0000000180025095e-35 0 2.5000000000000004 13.500000000000002 0.15894736842105264 13.75782327998089 11.500000000000002 786.50000000000011 800.50000000000011 156.75595238095241 269.50000000000006 23.500000000000004 99.500000000000014
decision_type=2 2 9 2 2 2 2 2 10 10 2 8 2 2
left_child=1 2 4 -3 -1 6 8 -8 -4 -10 11 12 -2 -14
right_child=10 3 5 -5 -6 -7 7 -9 9 -11 -12 -13 13 -15
leaf_value=-0.0093389569924366232 -0.0010494157086712577 0.032508381829734631 0.020686684784296673 0.0070735411052231072 -0.00060045544837986629 -0.00081754417378918749 -0.00077011100856714046 0.0045859922646971649 -0.10202516819047114 0.00068824120508300432 -0.0051776560516082551 -0.00038938652550328073 -0.030120902107101305 0.0021956757516850209
leaf_weight=1950.6357216001488 940.54806176759303 250.50228565582074 930.45289834216237 1759.6624968678225 18750.990675211651 9782.1833869875409 7126.0361010646448 14490.050886182114 14.311475563794373 208.43136424850672 5933.269078558078 40414.203673948999 419.41033720038831 156.10540871298872
leaf_count=16679 100147 1886 39591 34320 186295 605659 56169 86781 221 4530 91509 2170193 18753 5788
internal_value=2.12822e-05 0.00112123 0.000776161 0.0102578 -0.00142357 0.00217489 0.00346144 0.00282033 0.0154659 -0.00633771 -0.00124871 -0.000692643 -0.00877106 -0.0213666
internal_weight=103127 55263.3 53253.1 2010.16 20701.6 32551.5 22769.3 21616.1 1153.2 222.743 47863.5 41930.3 1516.06 575.516
internal_count=3418521 1032131 995925 36206 202974 792951 187292 142950 44342 4751 2386390 2294881 124688 24541
cat_boundaries=0 1
cat_threshold=983668
is_linear=0
shrinkage=0.03


Tree=177
num_leaves=15
num_cat=3
split_feature=19 25 25 21 24 27 28 24 15 23 27 0 11 7
split_gain=163.809 180.289 426.249 217.523 138.073 170.515 158.785 158.526 111.301 105.932 98.2367 81.4965 77.8704 100.28
threshold=0.967204301075269 2.9838709677419359 3.1311827956989249 0.77048494983277604 0.76486188065485239 0 1 0.9869273804506663 1.5000000000000002 0.57719989237443914 2 99.500000000000014 1.5000000000000002 1.5000000000000002
decision_type=2 2 2 2 8 9 9 8 2 2 9 2 2 2
left_child=4 -2 3 -3 8 6 7 -6 9 -1 -10 -4 -11 -14
right_child=1 2 11 -5 5 -7 -8 -9 10 12 -12 -13 13 -15
leaf_value=0.0038906466440821658 -0.032066721177883277 -0.02714384761115254 -0.0073803769960033658 0.036460575926584964 0.0065528322039243268 0.00038027147254062756 0.0021731237205886741 0.021585254290679617 -0.0048554202730055366 -0.012036219248093205 0.005321366909263014 0.0013765733550902654 0.0014273173683515639 -0.002095571553459896
leaf_weight=3504.2835494615138 206.87692499975674 56.07882122322917 4793.1990864048712 324.91969349118881 3305.3687817128375 29856.10841515963 8275.3152221236378 779.99472576193511 1049.2091839252971 624.28886914905161 4432.5901522329077 1194.5104681681842 9139.8942634440027 35572.157203802839
leaf_count=118229 2181 490 245223 2379 25918 1515169 67917 33962 16124 10173 36024 9370 95891 1240255
internal_value=9.02177e-06 -0.00457218 -0.00367417 0.0270521 0.000321106 0.00160806 0.00456941 0.00940445 -0.000679067 -0.00113402 0.00337386 -0.00563348 -0.00152248 -0.00137542
internal_weight=103115 6575.58 6368.71 380.999 96539.2 42216.8 12360.7 4085.36 54322.4 48840.6 5481.8 5987.71 45336.3 44712.1
internal_count=3419305 259643 257462 2869 3159662 1642966 127797 59880 1516696 1464548 52148 254593 1346319 1336146
cat_boundaries=0 2 3 4
cat_threshold=839079978 11 3166593 1645633856
is_linear=0
shrinkage=0.03


Tree=178
num_leaves=15
num_cat=4
split_feature=7 10 7 27 6 16 7 11 6 27 6 1 27 27
split_gain=153.839 212.725 198.593 179.109 175.948 165.82 159.377 239.142 213.985 212.221 172.089 151.139 291.717 162.092
threshold=17.500000000000004 1.0000000180025095e-35 2.5000000000000004 0 5.5000000000000009 15.500000000000002 23.500000000000004 668.50000000000011 5.5000000000000009 1 4.5000000000000009 99.500000000000014 2 3
decision_type=2 2 2 9 2 2 2 2 2 9 2 2 9 9
left_child=1 4 -3 -4 -1 -2 9 -8 10 -7 -9 13 -13 -6
right_child=5 2 3 -5 11 6 7 8 -10 -11 -12 12 -14 -15
leaf_value=0.0027127501987321639 0.00014079974177573282 0.031918818473509608 -0.0061226092455534649 0.0069644239430687238 0.018777711486711778 -0.01211991196916094 -0.0164316472389478 -0.014355865052967126 -0.0083679829646871855 -0.0014764910457418761 0.037435359930048956 0.009829998233263389 -0.00058476373200519178 -0.0054572910577699654
leaf_weight=18168.076595938997 9271.5040141516365 249.00460205320269 1135.5063462078106 5328.7748748881277 246.99970642849803 3777.7957710775081 291.76283328840509 68.691074127331376 208.140716657741 3059.7573819034733 346.54854936292395 2529.7107066940516 51147.796016342472 7251.1318477771711
leaf_count=384411 588064 1869 80366 66999 1558 296267 25067 7644 20972 159373 2222 152710 628136 1003462
internal_value=3.89061e-05 0.000554386 0.00568172 0.00466629 0.000120495 -0.00256671 -0.00580424 0.00594827 0.0164324 -0.00737785 0.0288539 -0.000649391 -9.20411e-05 -0.00463879
internal_weight=103081 86057 6713.29 6464.28 79343.7 17024.2 7752.7 915.143 623.38 6837.55 415.24 61175.6 53677.5 7498.13
internal_count=3419120 2319511 149234 147365 2170277 1099609 511545 55905 30838 455640 9866 1785866 780846 1005020
cat_boundaries=0 2 3 5 6
cat_threshold=2147655680 2 2450653504 2147549184 9 268468224
is_linear=0
shrinkage=0.03


Tree=179
num_leaves=15
num_cat=4
split_feature=0 27 11 21 25 17 10 27 19 27 11 14 28 11
split_gain=146.76 247.325 193.464 170.809 263.468 120.312 109.726 183.775 150.99 138.12 119.742 139.846 109.919 106.141
threshold=187.50000000000003 0 96.500000000000014 0.87977783086478756 3.0489247311827961 40.500000000000007 1.0000000180025095e-35 1 0.081720430107526901 2 32.500000000000007 98.763157894736864 3 668.50000000000011
decision_type=2 9 2 2 2 10 2 9 2 9 2 2 9 2
left_child=1 2 -1 6 -5 -2 9 8 10 -3 11 -8 -9 -10
right_child=5 3 -4 4 -6 -7 7 12 13 -11 -12 -13 -14 -15
leaf_value=-0.027542282179563223 0.004840612583291627 -0.030856741741691486 -0.0055132558950215724 0.030013477699384099 -0.0051232197985819471 -0.0066880285980271863 -0.020631431472577007 0.0041862389584393141 -0.0073592034452361638 3.9470011854004913e-05 0.0036208172603945741 0.043543054052198736 0.013492416189413476 0.0082692454205128742
leaf_weight=400.02532530762255 8063.9283804148436 119.45645582303405 3418.0162261871155 196.00847520772368 7676.2956834840588 905.36891352199018 37.961671485099941 3887.8151322472841 2512.925283878576 72757.639925865456 869.0169769085478 145.61475055478513 1628.1960612982512 462.30108720134012
leaf_count=3590 43891 944 170939 2245 399886 4781 539 52634 183595 2452636 50211 912 22821 29054
internal_value=9.78452e-06 -0.000339688 -0.00780745 -2.29635e-05 -0.00424467 0.00367629 0.00038031 0.00340489 -0.00147047 -1.58248e-05 0.0082863 0.0302326 0.00695459 -0.00492884
internal_weight=103081 94111.3 3818.04 90293.2 7872.3 8969.3 82420.9 9543.83 4027.82 72877.1 1052.59 183.576 5516.01 2975.23
internal_count=3418678 3370006 174529 3195477 402131 48672 2793346 339766 264311 2453580 51662 1451 75455 212649
cat_boundaries=0 1 2 3 4
cat_threshold=23109888 3221372928 536870912 1778038
is_linear=0
shrinkage=0.03


Tree=180
num_leaves=15
num_cat=1
split_feature=24 23 15 4 14 16 19 16 19 16 11 22 11 29
split_gain=156.044 139.415 133.043 124.132 112.527 115.595 238.649 204.147 152.518 100.571 99.2477 90.0857 86.7704 80.7742
threshold=0.85400662775664793 0.73202771777756481 1.5000000000000002 1.0000000180025095e-35 70.785714285714292 11.500000000000002 0.98387096774193561 12.500000000000002 0.98387096774193561 11.500000000000002 483.50000000000006 1634.6457357859533 2.5000000000000004 0
decision_type=8 2 2 2 2 2 2 2 2 2 2 2 2 9
left_child=1 11 10 4 13 6 -6 8 -7 -5 12 -1 -3 -2
right_child=3 2 -4 9 5 7 -8 -9 -10 -11 -12 -13 -14 -15
leaf_value=0.00037478725779837468 0.022989798363127485 -0.0091014696773683481 0.002868790305042159 0.0030150131673288318 0.0013937681617306155 0.0038801342740132855 -0.025237176849437187 0.0039367552203695977 0.035935331157935728 -0.0016535504378304027 -0.0035846659074760465 0.0063923745086525421 -0.00067210550624364725 0.0052262621614360084
leaf_weight=6133.0612647475209 459.30644733365625 1129.8397450316697 6245.1021047688555 6909.6468358165585 2680.8677012640983 225.88912082277238 340.40850885212421 6933.0619544349611 326.87797277793288 10405.533799720695 18076.584715225035 3525.490529994946 39131.519544424023 493.22373800631613
leaf_count=220775 27018 17599 65544 467567 23881 1644 4089 48113 2525 650240 823917 79278 976499 10638
internal_value=-6.28788e-05 -0.000789779 -0.00129253 0.00181255 0.00423446 0.00333858 -0.00161411 0.00533744 0.0228666 0.000209513 -0.00173804 0.00257172 -0.000908876 0.0141028
internal_weight=103016 74241.6 64583 28774.8 11459.6 10507.1 3021.28 7485.83 552.767 17315.2 58337.9 9658.55 40261.4 952.53
internal_count=3419327 2183612 1883559 1235715 117908 80252 27970 52282 4169 1117807 1818015 300053 994098 37656
cat_boundaries=0 1
cat_threshold=36
is_linear=0
shrinkage=0.03


Tree=181
num_leaves=15
num_cat=6
split_feature=23 24 27 7 28 14 16 22 1 29 11 28 28 27
split_gain=150.498 145.534 160.359 151.67 123.238 117.245 129.341 117.228 99.1705 177.892 184.067 151.668 113.396 104.427
threshold=0.73202771777756481 0.9148319385845175 0 15.500000000000002 1 107.51923076923079 24.500000000000004 3945.4124402173916 138.50000000000003 2 112.50000000000001 3 4 5
decision_type=2 8 9 2 9 2 2 2 2 9 2 9 9 9
left_child=7 3 4 8 -3 6 -5 -1 9 11 13 -2 -10 -11
right_child=1 2 -4 5 -6 -7 -8 -9 12 10 -12 -13 -14 -15
leaf_value=0.001892961021516386 0.015528820674033765 0.015833207230058134 0.00049979937550265066 -0.0068354641831830636 0.0039364126576331366 -0.0041193990999469684 0.038249015139338975 0.010252356853302395 -0.0014980673700494048 0.015840731716146399 -0.0015900429489124051 -0.008646796879176407 0.0013928259573729221 -0.012729848265774189
leaf_weight=10547.603076146916 743.75849798414856 1111.7774238060229 13761.429826268926 105.8234231385868 2676.4555164109915 14299.819424232701 123.15454247128218 1761.1927882444579 21272.030708067119 113.44587721675634 5018.5743153807707 332.10955494921654 28640.13384221727 2462.7287849043496
leaf_count=346750 19329 37272 788556 14926 55734 882655 3196 39780 252234 674 463213 3170 351715 160277
internal_value=-2.27421e-05 -0.000445351 0.00200788 -0.00103424 0.00746364 -0.0037779 0.0174739 0.00308979 -0.000353748 -0.00331501 -0.00493051 0.00805407 0.000160732 -0.011454
internal_weight=102970 90661.2 17549.7 73111.6 3788.23 14528.8 228.978 12308.8 58582.8 8670.62 7594.75 1075.87 49912.2 2576.17
internal_count=3419481 3032951 881562 2151389 93006 900777 18122 386530 1250612 646663 624164 22499 603949 160951
cat_boundaries=0 2 3 4 5 6 7
cat_threshold=1912608768 8 3145985 4 131 594548 268435456
is_linear=0
shrinkage=0.03


Tree=182
num_leaves=15
num_cat=3
split_feature=25 11 27 28 27 1 15 12 11 25 8 0 24 20
split_gain=158.376 165.94 162.958 176.366 136.123 147.516 123.762 107.905 107.769 102.897 98.492 93.5894 93.2966 88.3298
threshold=2.1801075268817205 13.500000000000002 0 1 2 18.000000000000004 2.5000000000000004 0.17028985507246377 483.50000000000006 2.4096774193548391 1.5000000000000002 187.50000000000003 0.39670700653176799 4424.3957596774198
decision_type=2 2 9 9 9 2 2 2 2 2 2 2 10 2
left_child=2 -2 3 -1 5 -3 10 -5 -6 -8 -7 13 -12 -4
right_child=1 4 11 7 8 6 9 -9 -10 -11 12 -13 -14 -15
leaf_value=0.014455501795507539 -0.007299746093213059 0.025647643403672378 0.00014798438301546606 -0.0045800790233776712 -0.00038329058678109978 0.0033156571616575299 -0.024261561749530976 0.0064799053007328312 -0.0035352614666178546 0.010221534725299951 -0.0069711941811022964 0.0090576246098583845 -8.0884949935996082e-05 0.032254933524897507
leaf_weight=1707.1041531562805 3421.2779205478728 215.24850153177977 21754.787061311537 1202.1712884679437 23576.085845202673 7373.3210686896928 80.823179563507438 2333.5925675430335 16662.045458085835 1642.747443898581 1941.270464274101 1144.8692735172808 19780.352547776885 76.391646534437314
leaf_count=61946 30739 1320 1099604 15521 884955 38569 627 70420 955848 10511 17210 5314 225245 1138
internal_value=-0.000123457 -0.000846831 0.00179122 0.00655772 -0.000536973 0.000955829 0.000782855 0.00271158 -0.00168811 0.00859139 0.000320002 0.000700161 -0.000696967 0.000261805
internal_weight=102912 74693.2 28218.9 5242.87 71271.9 31033.8 30818.5 3535.76 40238.1 1723.57 29094.9 22976 21721.6 21831.2
internal_count=3418967 2165024 1253943 147887 2134285 293482 292162 85941 1840803 11138 281024 1106056 242455 1100742
cat_boundaries=0 2 3 5
cat_threshold=1241714720 11 3162369 813947106 9
is_linear=0
shrinkage=0.03


Tree=183
num_leaves=15
num_cat=3
split_feature=28 8 10 27 8 11 27 6 6 21 14 14 11 11
split_gain=143.727 147.221 152.82 228.785 259.566 199.821 192.09 160.01 151.474 145.068 127.026 103.48 91.1354 90.9109
threshold=0 1.5000000000000002 1.0000000180025095e-35 1 2.5000000000000004 668.50000000000011 2 5.5000000000000009 3.5000000000000004 0.027293358815097948 148.12771739130437 49.583333333333336 4.5000000000000009 694.50000000000011
decision_type=9 2 2 9 2 2 9 2 2 2 2 2 2 2
left_child=12 8 6 4 9 10 -3 -7 -2 -4 -6 -8 -1 -13
right_child=1 2 3 -5 5 7 11 -9 -10 -11 -12 13 -14 -15
leaf_value=-0.014473845411063627 0.0094748471892011181 -0.0092440156703499157 0.043776931862151321 0.0092169476132725661 -0.010485662775673038 0.029893654102234411 0.021040768789524433 -0.0036116241107222572 0.0018352850842097762 -7.4601802534387997e-05 0.0042564177542729264 -0.00028019924960424582 -0.0016757632068582662 -0.014264834929501915
leaf_weight=509.83477600384504 2698.5828380873427 2260.9922066112049 168.31051240023226 3652.2338716473896 2138.0181469330564 260.88028321927413 202.35813074628823 251.07821332383901 17342.986865737243 113.34640280343592 696.97863201820292 46604.396656292258 25478.974655644502 421.15639611938968
leaf_count=5149 47200 119797 1635 56885 209280 5728 3308 28464 190309 2990 21849 2128131 578350 19605
internal_value=1.36234e-06 0.000653875 -0.000126422 0.00393131 -0.00141131 -0.00374557 -0.000723467 0.0134868 0.00286437 0.0261921 -0.00686113 -0.000313343 -0.00192664 -0.000405745
internal_weight=102800 76811.3 56769.7 7280.85 3628.61 3346.96 49488.9 511.958 20041.6 281.657 2835 47227.9 25988.8 47025.6
internal_count=3418680 2835181 2597672 326831 269946 265321 2270841 34192 237509 4625 231129 2151044 583499 2147736
cat_boundaries=0 1 3 4
cat_threshold=327700 3225608192 8 560988416
is_linear=0
shrinkage=0.03


Tree=184
num_leaves=15
num_cat=2
split_feature=1 19 25 25 18 10 7 27 27 11 16 6 14 18
split_gain=168.264 153.426 167.981 390.758 246.111 138.517 236.682 266.952 200.025 141.377 151.524 145.182 135 306.906
threshold=1693.5000000000002 0.967204301075269 2.9838709677419359 3.5575268817204306 1717.5000000000002 1.0000000180025095e-35 2.5000000000000004 0 1 668.50000000000011 18.500000000000004 5.5000000000000009 70.785714285714292 504.50000000000006
decision_type=2 2 2 2 10 2 2 9 9 2 2 2 2 10
left_child=1 5 -3 4 -4 8 -7 9 -1 10 -8 -11 13 -10
right_child=-2 2 3 -5 -6 6 7 -9 12 11 -12 -13 -14 -15
leaf_value=-0.0045849243629600403 0.0058736589854993925 -0.03214249069369729 -0.032046627087339845 -0.0060173911273046169 0.036534775693433427 0.032433898763712159 -0.00015937178887109581 0.0064807715037248298 0.012751100055572687 0.025531449931749529 -0.012620757805028792 -0.0035724312115539875 -0.0002016757732721534 -0.0057322269103152338
leaf_weight=9291.222610872006 4099.0029566846788 196.79688325105235 54.778529147151858 5512.0078830134589 307.51240769680589 242.58470735419542 1997.2605673628859 6158.7524131454993 2170.8205687510781 285.80688948999159 1566.4027379530016 333.33057828480378 69300.98716641916 1287.2619695074391
leaf_count=309765 21892 2166 586 251535 2392 1852 149117 87673 58550 6376 101735 31757 2377463 17483
internal_value=-8.14217e-05 -0.000328779 -0.00494849 -0.00403214 0.0261056 -2.59612e-05 0.00320384 0.00251511 -0.000442626 -0.0033316 -0.00563876 0.00988204 8.70132e-05 0.00587106
internal_weight=102805 98705.5 6071.1 5874.3 362.291 92634.4 10584.1 10341.6 82050.3 4182.8 3563.66 619.137 72759.1 3458.08
internal_count=3420342 3398450 256679 254513 2978 3141771 378510 376658 2763261 288985 250852 38133 2453496 76033
cat_boundaries=0 2 3
cat_threshold=3221413888 2 695215025
is_linear=0
shrinkage=0.03


Tree=185
num_leaves=15
num_cat=2
split_feature=0 27 19 25 25 18 5 27 11 15 0 24 4 16
split_gain=132.125 236.305 164.275 171.264 350.543 245.237 125.851 179.833 119.742 129.612 141.71 115.719 113.769 202.027
threshold=187.50000000000003 0 0.93440860215053767 2.9838709677419359 3.5575268817204306 1717.5000000000002 1.0000000180025095e-35 1 210.50000000000003 1.0000000180025095e-35 397.50000000000006 0.68625537664598812 1.0000000180025095e-35 8.5000000000000018
decision_type=2 9 2 2 2 10 2 9 2 2 2 8 2 2
left_child=1 -1 6 -4 5 -5 7 -3 -2 10 -10 -9 -13 -14
right_child=8 2 3 4 -6 -7 -8 11 9 -11 -12 12 13 -15
leaf_value=-0.0058894124080065948 0.012748216527114645 -0.030148051898270311 -0.031580302494281981 -0.0313596943165119 -0.0048210282591710472 0.036382297759327317 0.0071507398303783335 -0.00093206456829702047 -0.0042868764598283657 0.012240582841724563 0.0044191077180345695 0.0029379352104237132 0.0047088394634305633 -0.0019103965643639126
leaf_weight=6319.4383832253516 1106.6603400036693 163.17388792149723 197.69379203650169 56.429736585356295 7076.0490560496692 300.43057853681967 2491.1953362617642 34188.202035051538 2910.8468432705849 1011.1851257570088 3985.3686480522156 21653.60470703803 5650.9113187519833 15614.32476366614
leaf_count=211495 5697 1291 2353 679 336850 2397 12321 1001935 16715 5049 21339 193041 452755 1154839
internal_value=4.12691e-05 -0.000292431 0.000113018 -0.00409189 -0.00335663 0.0256127 0.000515353 0.000301338 0.00351011 0.00221577 0.000744281 0.000370027 0.00140733 -0.000151297
internal_weight=102726 93711.5 87392 7630.6 7432.91 356.86 79761.4 77270.2 9014.06 7907.4 6896.22 77107 42918.8 21265.2
internal_count=3418756 3369956 3158461 342279 339926 3076 2816182 2803861 48800 43103 38054 2802570 1800635 1607594
cat_boundaries=0 1 2
cat_threshold=24125719 536870912
is_linear=0
shrinkage=0.03


Tree=186
num_leaves=15
num_cat=3
split_feature=28 4 22 5 6 27 6 28 6 1 18 8 7 7
split_gain=133.06 142.981 201.198 130.991 130.59 188.95 178.063 249.309 239.818 172.686 159.983 183.589 211.787 334.778
threshold=0 1.0000000180025095e-35 13.75782327998089 1.0000000180025095e-35 22.500000000000004 1 5.5000000000000009 2 4.5000000000000009 99.500000000000014 24.500000000000004 3.5000000000000004 6.5000000000000009 8.5000000000000018
decision_type=9 2 2 2 2 9 2 9 2 2 8 2 2 2
left_child=-1 2 -2 4 6 -6 8 -8 9 -3 -10 -12 -13 -14
right_child=1 3 -4 -5 5 -7 7 -9 10 -11 11 12 13 -15
leaf_value=-0.0016112800825143047 0.013376324527020141 -0.021063277794048874 0.0015299735955038439 0.0082047962079395322 0.0042399719350954424 -0.0073325401835360581 -0.0083417594883455071 -0.00015503148464821772 0.048976401290447065 -0.0019709889536936327 -0.0087487147480431113 0.019701802793192062 -0.018022613814414359 0.0058479365391756188
leaf_weight=32223.482833793852 1335.4526885328814 643.52362336916849 37398.069045116194 1395.8178654741496 6653.1585525218397 1558.6896298108622 7214.8514612787403 6249.3499954959843 68.283443819731474 1260.3730721371248 992.38815022073686 783.55479569174349 601.95865628821775 4298.1148963016458
leaf_count=706935 48764 168354 285705 6975 600578 101758 890786 410384 380 120134 9559 8520 7694 52211
internal_value=-1.47153e-05 0.000715648 0.00193875 -0.000777672 -0.00119139 0.002039 -0.00239109 -0.00454853 0.000967911 -0.00843192 0.00362231 0.00315116 0.00523011 0.00291244
internal_weight=102677 70453.6 38733.5 31720.1 30324.2 8211.85 22112.4 13464.2 8648.2 1903.9 6744.3 6676.02 5683.63 4900.07
internal_count=3418737 2711802 334469 2377333 2370358 702336 1668022 1301170 366852 288488 78364 77984 68425 59905
cat_boundaries=0 1 2 3
cat_threshold=327764 3364962370 1572897
is_linear=0
shrinkage=0.03


Tree=187
num_leaves=15
num_cat=3
split_feature=25 27 11 4 16 10 6 27 1 27 16 11 11 9
split_gain=133.814 165.749 139.488 164.158 168.894 158.175 144.497 292.634 273.161 153.434 223.001 151.685 530.153 327.893
threshold=1.7870967741935486 0 13.500000000000002 1.0000000180025095e-35 25.500000000000004 1.0000000180025095e-35 5.5000000000000009 1 146.00000000000003 2 9.5000000000000018 661.50000000000011 607.50000000000011 1.0000000180025095e-35
decision_type=2 9 2 2 2 2 2 9 2 9 2 2 2 2
left_child=1 -1 -2 5 6 -4 7 -5 -8 -10 -11 12 -9 -13
right_child=2 -3 3 4 -6 -7 8 11 9 10 -12 13 -14 -15
leaf_value=0.0067786840004721641 -0.0063348041129299357 0.00069975653600052614 0.00023794547060936104 -0.013406000019622496 -0.01018611262605593 0.0076978942573225351 -0.010379560511468329 0.0093608131051227221 -0.0065656002992619134 0.0062504087752358693 -0.0027993699514155183 -0.022275393543008299 -0.026578353921202051 0.037309827310184451
leaf_weight=4990.4011888778768 3660.3381819236092 20973.530781345442 46766.04280019179 770.49731656629592 2264.8842122899368 2705.0780157074332 3435.492780643981 2746.3722652141005 3239.1816895874217 4165.2504057157785 5950.0745589509606 108.58784669078887 425.81724471785128 345.69928057305515
leaf_count=139556 33642 1055438 365998 17257 264106 25088 639508 12280 189564 253164 418204 812 2634 1523
internal_value=1.00974e-05 0.00187125 -0.000620904 -0.000334014 -0.00240127 0.000646002 -0.00156864 0.00327218 -0.00283647 -0.000895352 0.000926448 0.00683653 0.00452968 0.0230496
internal_weight=102547 25963.9 76583.3 72923 23451.9 49471.1 21187 4396.97 16790 13354.5 10115.3 3626.48 3172.19 454.287
internal_count=3418774 1194994 2223780 2190138 1799052 391086 1534946 34506 1500440 860932 671368 17249 14914 2335
cat_boundaries=0 2 3 4
cat_threshold=1241716776 11 1276182528 86246145
is_linear=0
shrinkage=0.03


Tree=188
num_leaves=15
num_cat=4
split_feature=15 27 25 27 11 11 2 29 11 6 28 1 1 16
split_gain=124.5 190.356 181.849 192.751 155.436 170.109 154.695 116.83 164.906 121.372 107.673 86.5822 162.613 108.967
threshold=1.0000000180025095e-35 0 2.1801075268817205 1 435.50000000000006 13.500000000000002 18.000000000000004 2 1.5000000000000002 7.5000000000000009 3 99.500000000000014 124.50000000000001 25.500000000000004
decision_type=2 9 2 9 2 2 2 9 2 2 9 2 2 2
left_child=2 -2 3 7 5 -4 -3 9 -9 10 -1 13 -13 -5
right_child=1 6 4 11 -6 -7 -8 8 -10 -11 -12 12 -14 -15
leaf_value=0.023692512749107039 -0.0013960925659457953 0.030165125480098472 -0.0068986455480564059 -0.0015772487303974431 -0.0041546823336536514 0.00014583395240911308 0.0031648652921628779 -0.018580745302777674 0.0051443666302971548 0.0040579632551410779 -0.0015876846074809312 0.043299749463369938 0.0015098292065386604 -0.016629417922391494
leaf_weight=862.4897047476843 11844.917849470163 191.91995460912585 3418.4545047134161 6260.430648825597 15465.911862006644 31553.994707504287 19131.95479662437 284.71050278097391 3420.350515733473 843.48944799788296 190.41429590340704 83.630589738255367 8580.6210968145169 464.03334791422822
leaf_count=42875 294264 1135 30880 565675 820823 853997 361187 4525 77301 10436 2918 2068 241151 109635
internal_value=1.63673e-05 0.00159837 -0.000673971 0.00167244 -0.00165046 -0.000542921 0.0034328 0.0064311 0.00330779 0.012479 0.0193332 -6.41442e-05 0.00191815 -0.00261827
internal_weight=102597 31168.8 71428.5 20990.2 50438.4 34972.4 19323.9 5601.45 3705.06 1896.39 1052.9 15388.7 8664.25 6724.46
internal_count=3418870 656586 2762284 1056584 1705700 884877 362322 138055 81826 56229 45793 918529 243219 675310
cat_boundaries=0 2 4 5 6
cat_threshold=1194615634 3 1319436328 11 44 2130433
is_linear=0
shrinkage=0.03


Tree=189
num_leaves=15
num_cat=3
split_feature=24 27 19 5 28 8 14 11 14 6 28 25 16 19
split_gain=151.002 133.394 126.723 110.136 108.336 121.025 95.2082 154.525 111.951 110.961 92.3122 87.6087 78.8804 205.777
threshold=0.68625537664598812 0 0.36075268817204303 1.0000000180025095e-35 1 1.5000000000000002 99.029411764705898 478.50000000000006 142.52557544757036 5.5000000000000009 2 1.934408602150538 11.500000000000002 0.98387096774193561
decision_type=8 9 2 2 9 2 2 2 2 2 9 2 2 2
left_child=-1 4 3 6 5 11 7 -3 10 -9 -8 -2 13 -7
right_child=1 2 -4 -5 -6 12 8 9 -10 -11 -12 -13 -14 -15
leaf_value=-0.0013459153381332721 0.019374054650776799 -0.002215774399496323 -0.0018480599412165962 0.020086299779754405 0.0014289261463251292 0.0025432913241850434 0.012441195020685662 0.036950224523150305 0.0013063298068785533 -0.0046090376010446358 0.0018604829718958606 0.0071240526828519248 0.0064675176654368106 -0.026374165733545452
leaf_weight=43142.811188737862 847.37714250385761 7069.3007362221833 18492.43691790686 284.61818788945675 14007.981139702257 1508.7824727054685 1728.3875503384043 157.62229336774908 9543.5284179218579 90.666858862387016 1319.2380597863812 1385.7138420678675 2673.2182293003425 258.55015488388017
leaf_count=1223218 35739 589697 924443 1574 148784 19878 47261 3992 291863 11664 87342 7583 21919 3418
internal_value=4.73482e-06 0.00098627 -5.38618e-05 0.00158919 0.0029304 0.00607444 0.00132376 -0.00139748 0.00290524 0.0218166 0.0079101 0.0117791 0.00321733 -0.00169968
internal_weight=102510 59367.4 38685.8 20193.4 20681.6 6673.64 19908.7 7317.59 12591.2 248.289 3047.63 2233.09 4440.55 1767.33
internal_count=3418375 2195157 1957836 1033393 237321 88537 1031819 605353 426466 15656 134603 43322 45215 23296
cat_boundaries=0 2 3 4
cat_threshold=847501362 9 3152129 3629134
is_linear=0
shrinkage=0.03


Tree=190
num_leaves=15
num_cat=3
split_feature=23 28 8 6 11 24 27 16 7 7 11 27 6 6
split_gain=137.494 133.082 145.981 135.104 126.687 86.8635 94.1116 83.9205 150.012 126.454 191.56 137.222 128.722 94.5077
threshold=0.25465251348176826 0 1.5000000000000002 2.5000000000000004 10.500000000000002 0.55898173738792012 1 12.500000000000002 17.500000000000004 23.500000000000004 668.50000000000011 2 5.5000000000000009 5.5000000000000009
decision_type=2 9 2 2 2 8 9 2 2 2 2 9 2 2
left_child=-1 4 3 -3 -2 -4 -7 -8 13 11 -11 -10 -12 -9
right_child=1 2 5 -5 -6 6 7 8 9 10 12 -13 -14 -15
leaf_value=0.010146320768252113 -0.010951802790040592 0.011387283607241941 -0.0024874684844139214 0.0021851380414066443 -0.0012960920501122481 -0.0061111320301535559 0.0025860926735617371 0.0035536062682603462 -0.010191251727391501 -0.015813129658135482 0.031424925865969872 0.0022309928004929031 -0.0034819534211462662 -0.0008620928952499207
leaf_weight=1190.833809889853 1271.0789630967192 1577.2505068785977 11251.164686552482 15935.66249177861 31678.204437236767 1836.1607252573594 14783.875197718386 7350.0172471189871 3051.8621116941795 210.1844512806274 271.33185265259817 1084.457028883975 145.79056998947635 10728.441918834811
leaf_count=32373 11348 28982 462647 192047 713453 90759 778164 207822 270194 21352 6297 48360 17449 534354
internal_value=1.62651e-05 -0.000103065 0.00065306 0.00301451 -0.00166839 -0.000162337 0.000500635 0.00082485 -0.000314765 -0.00505035 0.0074922 -0.00695389 0.0192453 0.000933261
internal_weight=102366 101175 68226.2 17512.9 32949.3 50713.3 39462.1 37626 22842.1 4763.63 627.307 4136.32 417.122 18078.5
internal_count=3415601 3383228 2658427 221029 724801 2437398 1974751 1883992 1105828 363652 45098 318554 23746 742176
cat_boundaries=0 1 2 3
cat_threshold=852052 24150288 3120562176
is_linear=0
shrinkage=0.03


Tree=191
num_leaves=15
num_cat=0
split_feature=2 21 25 10 7 4 8 6 7 7 18 11 6 12
split_gain=119.769 140.588 253.659 122.896 165.099 146.091 126.295 122.142 127.139 250.857 145.305 134.237 131.102 121.119
threshold=1693.5000000000002 0.94535355948399435 3.0489247311827961 1.0000000180025095e-35 2.5000000000000004 1.0000000180025095e-35 4.5000000000000009 5.5000000000000009 23.500000000000004 20.500000000000004 699.50000000000011 634.50000000000011 4.5000000000000009 0.7958333333333335
decision_type=2 2 2 2 2 2 2 2 2 2 8 2 2 2
left_child=1 3 -3 7 -5 6 -6 8 9 -1 11 -11 -13 -8
right_child=-2 2 -4 4 5 -7 13 -9 -10 10 -12 12 -14 -15
leaf_value=0.0023553488465670896 0.0050019839804518636 0.03095686252949895 -0.0065001626960150896 0.027336188581921435 0.0027035160961467221 0.00013958246837274371 0.0066795254855993007 -0.00095874025911113915 0.030442559504604998 -0.016785767820556852 -0.018271132785714232 -0.0057054403482711142 0.1244041194283471 0.024778560586604222
leaf_weight=17380.225416236324 4123.8703715279698 167.59847513563 4677.4921306085307 245.90709941647947 1803.5476299673319 7148.3557288774755 738.66230194829404 64610.697859326843 137.5820932246279 26.346275456249714 746.8333514216356 11.017629037145527 17.584421505685896 606.14277382567525
leaf_count=408554 21945 1837 235323 1888 11664 350649 9159 2313571 3777 764 51272 1670 245 6111
internal_value=-6.01263e-06 -0.000216118 -0.00519835 4.2185e-05 0.00309294 0.00251136 0.00789475 -0.000345679 0.00181644 0.00159817 -0.0147978 0.0318934 0.0757857 0.0148496
internal_weight=102442 98318 4845.09 93472.9 10542.6 10296.7 3148.35 82930.3 18319.6 18182 801.782 54.9483 28.6021 1344.81
internal_count=3418429 3396484 237160 3159324 379471 377583 26934 2779853 466282 462505 53951 2679 1915 15270
is_linear=0
shrinkage=0.03


Tree=192
num_leaves=15
num_cat=3
split_feature=19 25 25 18 5 27 27 7 28 11 14 18 6 14
split_gain=117.96 160.026 331.158 232.066 121.927 176.98 122.631 112.323 131.499 184.534 97.9187 99.4899 152.584 159.167
threshold=0.967204301075269 2.9838709677419359 3.376881720430108 1717.5000000000002 1.0000000180025095e-35 0 1 7.5000000000000009 2 10.500000000000002 154.40617848970257 269.50000000000006 6.5000000000000009 99.029411764705898
decision_type=2 2 2 10 2 9 9 2 9 2 2 8 2 2
left_child=4 -2 3 -3 5 -1 -6 8 -7 -10 11 12 13 -9
right_child=1 2 -4 -5 6 7 -8 10 9 -11 -12 -13 -14 -15
leaf_value=-0.029419392059131039 -0.031256472817054883 -0.032607813803520826 -0.0048480527436790839 0.0360098298570109 0.0039629835189642247 0.0024339129190584668 0.022874205733137559 -0.03145086749243315 -0.0094212584352760063 0.00018470888151800804 -0.0045998750463800949 -0.00014974975019634658 -0.00073909260926271179 0.0067063554829386845
leaf_weight=172.25565880909562 187.17003710847348 51.568115587113425 5846.5658035061788 288.82655802275985 2277.1694867294282 27679.051015837351 349.09726458229125 373.69943315372802 1961.0543997087516 21771.754629381467 6034.8215619868133 34239.843347773189 868.73992482572794 133.00198941910639
leaf_count=1420 2174 556 254231 2399 11246 740473 1719 15150 17580 211342 89258 1967043 96549 4685
internal_value=-4.97215e-05 -0.00400123 -0.00317178 0.0255495 0.000213068 3.34653e-05 0.00658666 9.14488e-05 0.00102954 -0.000609144 -0.00106649 -0.000467661 -0.00837578 -0.0214417
internal_weight=102235 6374.13 6186.96 340.395 95860.5 93234.2 2626.27 93062 51411.9 23732.8 41650.1 35615.3 1375.44 506.701
internal_count=3415825 259360 257186 2955 3156465 3143500 12965 3142080 969395 228922 2172685 2083427 116384 19835
cat_boundaries=0 1 2 3
cat_threshold=536870912 1679900672 3176841
is_linear=0
shrinkage=0.03


Tree=193
num_leaves=15
num_cat=4
split_feature=19 25 25 16 23 24 27 26 5 29 28 2 26 28
split_gain=124.82 158.116 330.7 200.53 114.408 115.264 137.19 126.412 101.627 79.6657 71.035 68.9214 65.6619 64.4383
threshold=0.967204301075269 2.9838709677419359 3.376881720430108 11.500000000000002 0.25465251348176826 0.68625537664598812 0 1.5000000000000002 1.0000000180025095e-35 1 2 844.50000000000011 60.500000000000007 3
decision_type=2 2 2 2 2 8 9 2 2 9 9 2 2 9
left_child=4 -2 3 -3 -1 -6 7 10 9 -8 -7 -4 -11 -9
right_child=1 2 11 -5 5 6 8 13 -10 12 -12 -13 -14 -15
leaf_value=0.0095444786395321238 -0.031531964777344525 -0.030773981468115792 -0.0063344427126070567 0.035451984130241462 -0.0010336225090910212 0.001065218124318146 0.0014043579395087609 0.015785913804066572 0.017751300035889511 -0.0011974653279095884 0.0049157379792668715 0.0024635751666178644 -0.0099528545797599281 0.0032024765343804567
leaf_weight=1188.9203814866487 181.9420632594265 47.320888963062316 4868.1094205086119 283.35067154606804 40251.925970562734 13472.554885266814 14250.930349991657 981.80182941351086 282.67732414416969 17764.196467461064 6344.4383777314797 958.67075715214014 804.91913868836127 610.80583975836635
leaf_count=32369 2188 509 247521 2428 1111767 220530 514649 40081 1386 1110950 63740 7261 50983 12399
internal_value=3.0652e-05 -0.00404606 -0.00322891 0.0259105 0.00030003 0.000183949 0.00108301 0.00295361 -0.000127739 -0.000282305 0.00230117 -0.00488674 -0.00157665 0.011084
internal_weight=102293 6339.39 6157.45 330.672 95953.2 94764.3 54512.3 21409.6 33102.7 32820 19817 5826.78 18569.1 1592.61
internal_count=3418761 259907 257719 2937 3158854 3126485 2014718 336750 1677968 1676582 284270 254782 1161933 52480
cat_boundaries=0 2 3 4 5
cat_threshold=1912805418 11 38 1024094 3771137
is_linear=0
shrinkage=0.03


Tree=194
num_leaves=15
num_cat=5
split_feature=28 8 18 28 27 16 6 16 20 10 27 7 27 14
split_gain=130.476 127.155 150.724 138.277 154.399 133.025 144.317 129.035 124.764 107.337 174.702 180.67 171.823 119.889
threshold=0 1.5000000000000002 18.500000000000004 1 2 24.500000000000004 5.5000000000000009 1.5000000000000002 42.733596774193551 1.0000000180025095e-35 3 2.5000000000000004 4 148.12771739130437
decision_type=9 2 8 9 9 2 2 2 2 2 9 2 9 2
left_child=-1 2 -2 4 8 6 -6 -5 -4 12 -11 -12 -3 -13
right_child=1 9 3 7 5 -7 -8 -9 -10 10 11 13 -14 -15
leaf_value=-0.001889699586976563 -0.0058871199304634421 -0.0087106378350144814 0.019923426740959458 -0.015674364510324813 0.03699084852813378 -0.0095001042979598587 0.0025961271834033343 0.0017397882205648176 0.0072268428657992932 0.012589347981611019 0.029116426951158746 -0.004316639639819677 -0.00026415130433689814 0.0044420224036554132
leaf_weight=25846.085975466995 1708.2824871244375 2261.5128087576013 810.09936565626413 397.91352786775678 117.11265653185546 857.54666321049444 1562.0843962635845 9572.4556372121442 4957.0014407020062 1434.0418605329469 196.7429205714725 2892.1708866935223 46981.587742750766 2736.2219091642182
leaf_count=583500 34829 122573 41790 4306 602 15501 42903 62063 35708 24019 1547 247936 2148262 53488
internal_value=-4.73843e-05 0.000575368 0.00263226 0.00342893 0.00628531 0.000106279 0.00501551 0.00104225 0.00899787 -0.000151999 0.00325333 0.000929998 -0.000654052 -5.86165e-05
internal_weight=102331 76484.8 19982.5 18274.2 8303.84 2536.74 1679.2 9970.37 5767.1 56502.3 7259.18 5825.14 49243.1 5628.39
internal_count=3419027 2835527 237702 202873 136504 59006 43505 66369 77498 2597825 326990 302971 2270835 301424
cat_boundaries=0 1 2 3 4 5
cat_threshold=327700 3147777 906364936 462752256 561021760
is_linear=0
shrinkage=0.03


Tree=195
num_leaves=15
num_cat=5
split_feature=21 25 5 27 27 6 2 27 16 14 29 2 27 17
split_gain=111.343 225.108 106.825 166.505 117.314 98.533 122.967 193.413 156.523 152.669 120.46 96.6511 138.717 112.489
threshold=0.94535355948399435 3.0489247311827961 1.0000000180025095e-35 0 1 5.5000000000000009 138.50000000000003 2 21.500000000000004 147.26679841897237 3 844.50000000000011 4 40.500000000000007
decision_type=2 2 2 9 9 2 2 9 2 2 9 2 9 10
left_child=2 -2 3 -1 -4 -5 7 -7 10 -8 -9 12 -11 -13
right_child=1 -3 4 5 -6 6 9 8 -10 11 -12 13 -14 -15
leaf_value=-0.028772817220992151 0.030779848495254988 -0.0053535832323185952 0.0036099175330634118 0.0019548288841179833 0.021932609317750967 0.014392780655206692 0.0037649746280084355 0.0019246242755071692 -0.013300522828645179 -0.0070227619639496421 -0.0051720873047644807 0.0042148628875169607 -0.00051540209067836541 -0.0084059153489322476
leaf_weight=168.76078849472106 159.0753637382295 5080.3844244575594 2270.383208271116 20713.498371779686 356.99834352359176 523.42011424154043 8943.5286726742052 3299.6145573901013 1444.8504129326902 3153.7792566409335 6168.2810907710809 6029.0162715949118 43173.749406732153 709.55126591771841
leaf_count=1441 1853 238688 11269 529646 1779 4153 238460 244400 180173 155765 836340 31169 940112 3613
internal_value=8.41754e-06 -0.00425087 0.00023863 7.2406e-05 0.00620411 0.000127452 -0.000387915 -0.00324616 -0.00410287 0.000139263 -0.00270233 -0.000471858 -0.000960164 0.00288488
internal_weight=102195 5239.46 96955.4 94328.1 2627.38 94159.3 73445.8 11436.2 10912.7 62009.6 9467.9 53066.1 46327.5 6738.57
internal_count=3418861 240541 3178320 3165272 13048 3163831 2634185 1265066 1260913 1369119 1080740 1130659 1095877 34782
cat_boundaries=0 1 2 3 4 5
cat_threshold=536870912 1679884288 1342177280 36 23077632
is_linear=0
shrinkage=0.03


Tree=196
num_leaves=15
num_cat=3
split_feature=23 22 24 27 15 27 11 7 2 11 7 27 23 2
split_gain=124.489 125.699 121.458 150.856 135.176 174.593 140.985 97.2655 100.224 82.8122 97.3424 109.477 190.52 127.96
threshold=0.73202771777756481 4092.3711141304352 0.96154400035448429 0 1.0000000180025095e-35 1 513.50000000000011 3.5000000000000004 18.000000000000004 2.5000000000000004 1.5000000000000002 2 2.1078861481627085 518.00000000000011
decision_type=2 2 8 9 2 9 2 2 2 2 2 9 2 2
left_child=1 -1 4 -4 6 7 9 -6 -9 -2 11 13 -13 -11
right_child=2 -3 3 -5 5 -7 -8 8 -10 10 -12 12 -14 -15
leaf_value=0.001651437994846376 -0.0084607172746003437 0.010525239530126931 0.0090218526712597929 0.00076376069274991802 0.0088245355574811755 -0.0020369929617611131 -0.0044328933074890553 0.031311987905718125 0.0018046659752332635 -0.0098673759416610402 -0.0016208388458653724 0.0088388507391175992 -6.2695038917572814e-05 0.0019367842678763559
leaf_weight=10606.207523558289 1230.3892164509743 1660.8725917807315 2426.6819925447926 10898.721026571933 2264.0150251656305 10011.720181854675 12753.206658526789 103.49539872258902 12137.760865001474 1421.1995749596972 25534.611551639391 3477.8033565012738 5725.4406844675541 1972.6242581233382
leaf_count=348836 19080 37332 66178 673058 21503 221732 739433 577 225977 51014 941721 28257 32332 10989
internal_value=1.87484e-05 0.00285365 -0.00036786 0.00227554 -0.000827539 0.00100946 -0.00169173 0.00311141 0.00205668 -0.000803516 -0.000556226 0.00160173 0.00329811 -0.00299895
internal_weight=102225 12267.1 89957.7 13325.4 76632.3 24517 52115.3 14505.3 12241.3 39362.1 38131.7 12597.1 9203.24 3393.82
internal_count=3418019 386168 3031851 739236 2292615 469789 1822826 248057 226554 1083393 1064313 122592 60589 62003
cat_boundaries=0 2 4 5
cat_threshold=1917077508 1 2562861156 8 3360686084
is_linear=0
shrinkage=0.03


Tree=197
num_leaves=15
num_cat=2
split_feature=23 15 27 22 27 18 11 11 2 22 16 16 21 0
split_gain=117.794 119.599 190.387 150.835 210.263 137.609 134.787 133.601 123.061 106.767 87.7976 82.5603 80.8971 80.8223
threshold=0.73202771777756481 1.0000000180025095e-35 0 76.604131808409008 1 459.50000000000006 513.50000000000011 4.5000000000000009 18.000000000000004 2835.9977527472533 1.0000000180025095e-35 12.500000000000002 0.016364070711896803 397.50000000000006
decision_type=2 2 9 2 9 8 2 2 2 2 2 2 2 2
left_child=9 3 -3 4 10 -6 7 -5 -4 12 -2 -8 -1 -13
right_child=1 2 8 6 5 -7 11 -9 -10 -11 -12 13 -14 -15
leaf_value=0.022336877813269651 -0.0075619608806534238 -0.0015198831280058198 0.029159874115612289 -0.0098270397172921502 -0.0068845053959544619 0.0017791900636134361 -0.00089564895143483887 -0.00054649571173695174 0.0032738931806239619 0.0078543933152786637 0.011884302033052517 -0.0068237695275568501 0.00086780968798345903 0.0053215966617380893
leaf_weight=159.69859617436305 231.06482888199389 11896.531458219048 166.16577277705073 1450.8290255139582 2077.1752329894807 8007.2448932686821 3998.5939559326507 36349.572927302914 14839.049904661719 2853.7746446456295 2124.1258436245844 8242.7440949059092 9282.0207415292971 523.77860710024834
leaf_count=8036 6619 305227 1002 14883 161993 468612 267382 996293 273098 65805 61665 473293 312275 3129
internal_value=1.65875e-05 -0.000360064 0.00131441 -0.00107504 0.00188429 -5.8461e-06 -0.00180308 -0.000902946 0.0035601 0.00277054 0.0099319 -0.00446831 0.00123327 -0.00609759
internal_weight=102202 89906.9 26901.7 63005.1 12439.6 10084.4 50565.5 37800.4 15005.2 12295.5 2355.19 12765.1 9441.72 8766.52
internal_count=3419312 3033196 579327 2453869 698889 630605 1754980 1011176 274100 386116 68284 743804 320311 476422
cat_boundaries=0 2 4
cat_threshold=1739948306 2 1743126536 1
is_linear=0
shrinkage=0.03


Tree=198
num_leaves=15
num_cat=1
split_feature=0 27 21 25 17 24 2 2 16 14 18 7 14 7
split_gain=120.155 189.035 146.434 179.68 115.482 97.146 118.695 90.617 175.881 140.218 149.36 109.43 151.296 105.846
threshold=187.50000000000003 0 0.87977783086478756 3.0489247311827961 40.500000000000007 0.68625537664598812 1.0000000180025095e-35 99.500000000000014 25.500000000000004 142.52557544757036 inf 12.500000000000002 134.0192307692308 9.5000000000000018
decision_type=2 9 2 2 10 8 2 2 2 2 8 2 2 2
left_child=1 -1 5 -4 -2 -3 -7 8 -8 10 -9 12 13 -12
right_child=4 2 3 -5 -6 6 7 9 -10 -11 11 -13 -14 -15
leaf_value=-0.0053344868812006032 0.004458503683765061 -0.00074321314446052584 0.027420409651654456 -0.0046079272865530117 -0.0068838320770324502 0.0071332536273438175 -0.00074942551892447713 0.0044035171233948248 -0.019008872868949422 0.00076562697352820688 0.033077021715794429 0.0053952113857486652 0.077233535048911089 -0.015476874193252164
leaf_weight=6256.8353034767788 8099.6786008048803 34919.368428387446 160.08552290475927 7407.4334480261896 896.48903240449727 2999.6722541479394 7601.5897961340379 5141.9581064875238 505.40807613148354 27628.598837097641 186.57140388106927 221.96643225802109 56.125532219186425 50.856002626940608
leaf_count=211518 43942 988623 2204 396110 4765 58837 731233 190371 127716 642019 6085 12355 2172 2067
internal_value=1.69169e-05 -0.000302896 6.01299e-05 -0.00392686 0.00332757 0.000440598 0.00137178 0.000954096 -0.00188996 0.00164682 0.00594927 0.0213287 0.0333174 0.0226557
internal_weight=102133 93136.5 86879.6 7567.52 8996.17 79312.1 44392.7 41393.1 8107 33286.1 5657.48 515.519 293.553 237.427
internal_count=3420017 3371310 3159792 398314 48707 2761478 1772855 1714018 858949 855069 213050 22679 10324 8152
cat_boundaries=0 2
cat_threshold=24125719 2
is_linear=0
shrinkage=0.03


Tree=199
num_leaves=15
num_cat=5
split_feature=24 4 12 16 28 27 6 24 16 27 29 29 2 14
split_gain=107.757 94.2614 168.746 160.418 159.034 136.367 127.373 115.491 107.482 163.521 129.511 106.672 103.618 92.165
threshold=0.68625537664598812 1.0000000180025095e-35 0.68301435406698574 11.500000000000002 0 1 5.5000000000000009 0.9869273804506663 25.500000000000004 2 3 4 99.500000000000014 149.89444444444447
decision_type=8 2 2 2 9 9 2 8 2 9 9 9 2 2
left_child=-1 2 4 5 7 12 8 -2 9 -5 -10 -8 -3 -9
right_child=1 3 -4 6 -6 -7 11 13 10 -11 -12 -13 -14 -15
leaf_value=-0.0011845701276670775 0.0038604378305238645 -0.00046044593233156696 0.011679181721113012 0.0051069119630626205 1.1622283850599641e-05 -0.0039315585550031649 -0.0089289770913835286 0.021344014331910539 -0.016507540533455593 -0.011803758672069706 0.00050408517277722767 -0.0023226159702588872 0.0064596427115807993 -0.012271164998397243
leaf_weight=42961.85389319784 8005.2719345698133 2957.8533856947906 1517.4660917920992 4396.2559157125652 20967.393592627719 2436.9036095109768 3231.0616589528508 566.10030553210527 609.85410417360254 572.59295390360057 1153.2384768666234 6923.1546483524144 5698.8601516224444 83.659133309498429
leaf_count=1223502 63966 357638 12455 20127 163898 134882 470191 31949 148780 12578 104854 367139 306457 681
internal_value=-4.11952e-05 0.000789693 0.00192516 -0.000474043 0.00142512 0.00232839 -0.00231517 0.0048434 0.000884751 0.00314273 -0.00547698 -0.00443651 0.00409066 0.0170037
internal_weight=102082 59119.7 31139.9 27979.8 29622.4 11093.6 16886.2 8655.03 6731.94 4968.85 1763.09 10154.2 8656.71 649.759
internal_count=3419097 2195595 272949 1922646 260494 798977 1123669 96596 286339 32705 253634 837330 664095 32630
cat_boundaries=0 1 2 3 4 5
cat_threshold=3148161 3364966480 2684354560 8 8
is_linear=0
shrinkage=0.03


Tree=200
num_leaves=15
num_cat=5
split_feature=23 28 8 18 28 29 14 16 14 10 7 27 11 27
split_gain=120.772 109.867 94.1113 128.018 161.344 116.208 129.043 111.569 98.0119 93.2697 150.613 192.017 161.392 147.594
threshold=0.2142476120088572 0 1.5000000000000002 29.500000000000004 1 2 99.029411764705898 1.5000000000000002 70.785714285714292 1.0000000180025095e-35 2.5000000000000004 3 668.50000000000011 4
decision_type=2 9 2 8 9 9 2 2 2 2 2 9 2 9
left_child=-1 -2 3 -3 5 8 -7 -6 -5 13 -11 12 -12 -4
right_child=1 2 9 4 7 6 -8 -9 -10 10 11 -13 -14 -15
leaf_value=0.011233650808175146 -0.0018900026437039972 -0.0033123446008509706 -0.0083116970362709392 0.021882826581190205 -0.014747187355012554 -0.0018872916045240182 0.0079358444276617004 0.0013554711627490909 0.0079632778257435737 0.027740226897509154 -0.0057884830113365572 0.006974437628626211 0.012584381158100693 -0.00034480194608990471
leaf_weight=841.34495537076145 25184.147369408049 3219.2318353790324 2180.0250832869206 698.31745508685708 403.26423202455044 1934.7260316819884 3182.4821264236234 9201.0247938921675 1310.5658392691985 213.19539636140689 2831.8229672552552 3617.8388804316055 506.4036828156095 46764.416139370063
leaf_count=21751 571506 58352 121821 33252 4356 54183 21886 58836 6950 1689 233884 56443 34163 2139945
internal_value=-7.8897e-05 -0.000173012 0.000395688 0.00216547 0.00321964 0.00663544 0.00421401 0.000677184 0.012747 -0.000233465 0.00296203 0.00219873 -0.00298946 -0.000701585
internal_weight=102089 101247 76063.3 19949.6 16730.4 7126.09 5117.21 9604.29 2008.88 56113.7 7169.26 6956.07 3338.23 48944.4
internal_count=3419017 3397266 2825760 237815 179463 116271 76069 63192 40202 2587945 326179 324490 268047 2261766
cat_boundaries=0 1 2 3 4 5
cat_threshold=65556 3147777 4 3225600000 560988928
is_linear=0
shrinkage=0.03


Tree=201
num_leaves=15
num_cat=5
split_feature=25 5 27 27 11 11 27 15 27 7 6 18 27 11
split_gain=106.279 108.626 158.442 100.142 94.6818 142.24 239.045 98.2919 134.87 121.239 122.889 107.929 135.549 98.9104
threshold=27.918279569892476 1.0000000180025095e-35 0 1 518.50000000000011 507.50000000000006 2 1.0000000180025095e-35 3 23.500000000000004 12.500000000000002 727.50000000000011 4 668.50000000000011
decision_type=2 2 9 9 2 2 9 2 9 2 2 8 9 2
left_child=1 2 -1 -3 5 -4 -7 8 -6 10 11 -10 -13 -11
right_child=-2 3 4 -5 7 6 -8 -9 9 13 -12 12 -14 -15
leaf_value=-0.027450004070639789 -0.0025666700314401205 0.0041449048656823735 0.00069391348551387628 0.021942197685403557 0.0029449924809539039 0.029936358288362122 0.000991063291191056 0.00069076498031071082 0.001954460468447921 -0.0063091284273035526 -0.0027796005459027259 -0.018019786982621862 -0.0059212805774429365 0.0125167008086365
leaf_weight=175.3859950597398 12844.178912071045 2012.0312472553924 59298.560886462685 324.15963330864906 2761.4404412666336 393.04338165395893 718.68161632539704 12296.347782705911 622.2951502201613 409.62762866565026 6106.2150533359963 1585.7481896295212 1819.0526041043922 646.34277178766206
leaf_count=3536 448805 10146 1831490 1637 146660 10254 9273 304467 25460 44603 323122 166816 48433 45340
internal_value=-1.54307e-05 0.000352083 0.000180296 0.00673433 0.000239673 0.000893335 0.0115201 -0.00126468 -0.00298816 -0.00445121 -0.00546329 -0.00953083 -0.01163 0.0052148
internal_weight=102013 89168.9 86832.7 2336.19 86657.4 60410.3 1111.72 26247.1 13950.7 11189.3 10133.3 4027.1 3404.8 1055.97
internal_count=3420042 2971237 2959454 11783 2955918 1851017 19527 1104901 800434 653774 563831 240709 215249 89943
cat_boundaries=0 1 2 3 5 6
cat_threshold=536871296 1677787136 2158108736 1101365280 2 2147614728
is_linear=0
shrinkage=0.03


Tree=202
num_leaves=15
num_cat=4
split_feature=28 8 18 18 27 27 14 14 11 23 1 16 6 27
split_gain=112.698 130.607 132.163 108.865 123.856 121.891 94.2208 120.006 90.5108 90.4775 76.518 75.9476 132.716 338.707
threshold=0 1.5000000000000002 29.500000000000004 786.50000000000011 1 2 99.029411764705898 102.06250000000001 10.500000000000002 1.7395396596612167 146.00000000000003 12.500000000000002 5.5000000000000009 3
decision_type=9 2 8 10 9 9 2 2 2 2 2 2 2 9
left_child=8 2 10 4 9 -5 -6 -8 -1 -4 -2 -3 -13 -14
right_child=1 11 3 5 6 -7 7 -9 -10 -11 -12 12 13 -15
leaf_value=-0.0091731526136918842 -0.012710454498594162 0.0012935847380209117 0.020044980716110002 -0.0072146363418663147 -0.0027649390416787842 0.0032403948231712041 0.049209153579931095 0.0057858346212337989 -0.0011443441167064967 0.0049970668772582856 -0.00049964770451828636 0.0014691076714587502 -0.0083590119098328475 0.00023942727832864608
leaf_weight=1312.9503781544045 568.97483885870315 20439.765628815861 916.46277838479728 1274.0316858554725 1284.7077215537429 4575.3268443271518 56.88970967521891 5626.8218765289057 33058.292903622147 592.8139883261174 2435.5908346124925 11377.32974964648 6197.9111926213372 12280.385136614554
leaf_count=11748 38601 1058623 45394 24502 26404 25342 380 33028 746038 8519 18052 376457 810501 197058
internal_value=-5.23748e-05 0.000658536 0.00290445 0.0041041 0.00627612 0.000955578 0.0045642 0.00622905 -0.00145087 0.0140487 -0.00281547 -0.000115309 -0.00107988 -0.00264931
internal_weight=101998 67627 17331.6 14327.1 8477.7 5849.36 6968.42 5683.71 34371.2 1509.28 3004.57 50295.4 29855.6 18478.3
internal_count=3420647 2662861 220222 163569 113725 49844 59812 33408 757786 53913 56653 2442639 1384016 1007559
cat_boundaries=0 1 2 4 5
cat_threshold=852564 44171300 3390185636 2 2152857856
is_linear=0
shrinkage=0.03


Tree=203
num_leaves=15
num_cat=3
split_feature=19 25 25 18 24 27 26 5 11 7 20 16 27 27
split_gain=103.05 156.181 282.781 207.442 97.0283 87.6259 109.13 87.382 66.216 60.2422 103.091 111.111 77.2562 57.7619
threshold=0.967204301075269 2.9838709677419359 3.1311827956989249 1717.5000000000002 0.68625537664598812 0 1.5000000000000002 1.0000000180025095e-35 1.5000000000000002 1.5000000000000002 251.9284564516129 17.500000000000004 1 2
decision_type=2 2 2 10 8 9 2 2 2 2 2 2 9 9
left_child=4 -2 3 -3 8 7 -7 -6 -1 10 13 -12 -13 -10
right_child=1 2 -4 -5 5 6 -8 -9 9 -11 11 12 -14 -15
leaf_value=-0.011007784794146862 -0.031339373360152328 -0.032618169748132982 -0.0043808944363430058 0.035459472386265074 -1.3891706789999462e-05 0.0019764422077067642 0.010080467168486453 0.01668148118284328 0.015119618836478265 -0.0012466489010016738 -0.0045340419473044909 -0.0030513273445459308 0.0066620884653979468 0.0027641987025172816
leaf_weight=566.79153143009171 177.71375600760803 46.772437621373683 5771.1463137632236 261.57740538055077 32989.835283442168 20163.575729094446 1614.410479974933 283.57878712657839 697.7791943307966 32635.48462057882 2664.0992887197062 1066.8279167595319 2348.6021225103177 687.57087008119561
leaf_count=9533 2171 503 254883 2348 1687269 291031 53625 1408 15109 1034876 25267 15044 12514 13770
internal_value=3.28533e-05 -0.0036968 -0.00288374 0.025061 0.0002767 0.00109763 0.00257645 0.000128856 -0.000834597 -0.000690535 0.00174057 5.71332e-05 0.00363861 0.00912285
internal_weight=101976 6257.21 6079.5 308.35 95718.6 55051.4 21778 33273.4 40667.2 40100.4 7464.88 6079.53 3415.43 1385.35
internal_count=3419351 259905 257734 2851 3159446 2033333 344656 1688677 1126113 1116580 81704 52825 27558 28879
cat_boundaries=0 2 3 4
cat_threshold=2381587397 2 3226468356 100925440
is_linear=0
shrinkage=0.03


Tree=204
num_leaves=15
num_cat=3
split_feature=28 6 1 16 2 18 16 18 8 29 18 28 16 24
split_gain=97.7493 104.598 224.672 146.584 152.529 85.7209 136.3 124.669 172.78 101.139 99.8914 97.4281 86.3813 82.5924
threshold=0 5.5000000000000009 99.500000000000014 16.500000000000004 60.000000000000007 699.50000000000011 24.500000000000004 474.50000000000006 5.5000000000000009 1 29.500000000000004 2 25.500000000000004 0.9869273804506663
decision_type=9 2 2 2 2 10 2 10 2 9 8 9 2 10
left_child=-1 5 3 -3 -5 6 9 10 13 11 -8 -2 -10 -9
right_child=1 2 -4 4 -6 -7 7 8 12 -11 -12 -13 -14 -15
leaf_value=-0.0013949493362991592 0.021346883984651743 -0.0022228140677974968 0.00073630572229812803 0.0060621404966256847 -0.015158449310457555 -0.00029535861638396276 -0.013332202447648487 0.0015097615177276078 0.034422745808315412 0.00051188703413724407 0.002333622271008761 -0.0061019380833698521 -0.0070815721062815994 0.043372004345191957
leaf_weight=33257.054286461789 900.69414553977549 5346.8093398555648 44614.365150266793 367.55222139880061 1772.5012455675751 5702.6355344102485 383.63283144845627 723.61365627287887 326.48439992964268 444.07682237494737 7698.8177753712516 134.08644895255566 51.988210078328848 44.064247239846736
leaf_count=734968 39089 745017 1100179 2592 372880 163936 8052 15470 2042 7200 218642 1581 6075 271
internal_value=-6.07422e-05 0.000587043 -7.07446e-05 -0.00487943 -0.0115127 0.00267572 0.00425795 0.00290226 0.0121572 0.0127103 0.00158849 0.0177633 0.0287179 0.00396593
internal_weight=101768 68511.3 52101.2 7486.86 2140.05 16410.1 10707.5 9228.6 1146.15 1478.86 8082.45 1034.78 378.473 767.678
internal_count=3417994 2683026 2220668 1120489 375472 462358 298422 250552 23858 47870 226694 40670 8117 15741
cat_boundaries=0 1 2 3
cat_threshold=852180 44 2113537
is_linear=0
shrinkage=0.03


Tree=205
num_leaves=15
num_cat=1
split_feature=24 4 28 16 24 12 12 16 19 25 20 14 16 11
split_gain=107.047 87.2934 159.964 136.737 113.743 113.204 109.73 78.7821 178.753 105.319 135.301 76.6871 63.198 61.9756
threshold=0.68625537664598812 1.0000000180025095e-35 0 10.500000000000002 0.9869273804506663 0.93933823529411775 0.70294117647058829 11.500000000000002 0.98387096774193561 3.212903225806452 5125.9073833333341 149.89444444444447 28.500000000000004 1.5000000000000002
decision_type=8 2 9 2 8 2 2 2 2 2 2 2 2 2
left_child=13 2 4 -3 5 7 -4 8 -2 10 -9 -6 -5 -1
right_child=1 3 6 12 11 -7 -8 9 -10 -11 -12 -13 -14 -15
leaf_value=-0.010944189663472015 0.002480287834967395 0.0023643603539629885 2.0247434942328519e-05 -0.0015682592541504555 0.021443893381239445 0.055319795361065634 0.0091793571845410621 0.0085241716399704556 -0.023158143551321113 0.0044232942757628365 0.03523003461905793 -0.0091497613981015979 -0.0096235669371577594 -0.0010020166240488515
leaf_weight=570.93505976069719 2593.1353557631373 10272.745107159019 20746.973682999611 16642.294570359751 558.75416358467191 38.035792376846075 1247.0420552287251 625.77057544887066 269.24005706422031 4729.2990120090544 234.32579728215933 84.357739794999361 924.36136960471049 42272.552085209871
leaf_count=9596 23379 737856 162365 1088689 32407 322 9834 2913 3708 35536 2109 688 95464 1213904
internal_value=6.45462e-06 0.000835638 0.00192723 -0.000384888 0.00526191 0.00434495 0.00053971 0.00410903 6.14465e-05 0.00618145 0.0158324 0.0174229 -0.00199266 -0.00113476
internal_weight=101810 58966.3 31126.9 27839.4 9132.92 8489.81 21994 8451.77 2862.38 5589.4 860.096 643.112 17566.7 42843.5
internal_count=3418770 2195270 273261 1922009 101062 67967 172199 67645 27087 40558 5022 33095 1184153 1223500
cat_boundaries=0 1
cat_threshold=3150081
is_linear=0
shrinkage=0.03


Tree=206
num_leaves=15
num_cat=2
split_feature=2 27 21 25 5 27 20 7 24 16 23 21 1 16
split_gain=98.1848 110.534 102.417 191.367 87.6076 160.91 98.2061 81.7058 125.412 110.278 100.485 98.0085 113.38 94.3825
threshold=1693.5000000000002 0 0.94535355948399435 3.0489247311827961 1.0000000180025095e-35 1 50.85846451612904 7.5000000000000009 0.90122148172596062 13.500000000000002 1.8037430882853649 0.16937410415671286 138.50000000000003 8.5000000000000018
decision_type=2 9 2 2 2 9 2 2 8 2 2 2 2 2
left_child=1 -1 4 -4 5 -3 -6 8 9 10 -7 12 -11 -9
right_child=-2 2 3 -5 6 7 -8 13 -10 11 -12 -13 -14 -15
leaf_value=-0.0034683776782692506 0.0045408441743971621 -0.028559781217304795 0.029852372548212856 -0.0056308242932539224 0.022998104406657002 0.00071574458193984596 0.0037983630819090511 0.001692189018714222 0.004930425359326438 -0.0045570935758863862 -0.0041741847941423891 0.0007362308299694322 0.0076623172447306907 -0.0016267007135232266
leaf_weight=8419.7381957008038 4122.9016899950802 163.95414709672332 140.56316554639488 4072.167317251442 266.36320139188319 8405.7556591061875 2330.5209739170969 10509.400235177949 6664.5497379624285 821.66900244099088 6874.6302496036515 16007.499941638205 4043.5003016679548 28960.178038900602
leaf_count=223985 21868 1446 1821 214343 2454 226545 10460 542374 271912 64941 84223 249005 26982 1475619
internal_value=6.54628e-06 -0.000184882 0.000125252 -0.00444008 0.000351453 0.00018054 0.00577578 0.000241592 0.00114922 0.00045207 -0.00148436 0.00186969 0.00559809 -0.000742973
internal_weight=101803 97680.5 89260.8 4212.73 85048 82451.1 2596.88 82287.2 42817.6 36153.1 15280.4 20872.7 4865.17 39469.6
internal_count=3417978 3396110 3172125 216164 2955961 2943047 12914 2941601 923608 651696 310768 340928 91923 2017993
cat_boundaries=0 1 2
cat_threshold=24158651 536870912
is_linear=0
shrinkage=0.03


Tree=207
num_leaves=15
num_cat=0
split_feature=23 15 16 6 1 18 7 7 6 7 6 7 14 16
split_gain=105.171 95.73 138.205 114.849 209.276 132.266 143.812 195.365 172.327 145.164 144.493 140.041 204.28 145.424
threshold=0.2142476120088572 1.0000000180025095e-35 31.500000000000004 5.5000000000000009 99.500000000000014 657.50000000000011 23.500000000000004 20.500000000000004 4.5000000000000009 28.500000000000004 4.5000000000000009 15.500000000000002 141.55277777777781 24.500000000000004
decision_type=2 2 2 2 2 10 2 2 2 2 2 2 2 2
left_child=-1 3 -3 5 -5 11 7 -7 -9 10 -8 13 -13 -2
right_child=1 2 -4 4 -6 6 9 8 -10 -11 -12 12 -14 -15
leaf_value=0.010637008955314952 0.01157005593493087 0.00080703295588987675 0.0091291296127574261 -0.0063053212262332084 -0.0006488092578531198 -0.00077973054681619374 -0.012880834547377552 -0.0010661612056981375 -0.025997074289674241 -0.017698226784357899 0.030240098249656656 0.029202364856339851 -0.0043026225212424917 0.0011286417807154588
leaf_weight=831.27747922274284 1397.9582273503765 28777.989230335224 1914.5393529310822 6733.6534249256365 46750.405373056885 4668.2402258492075 88.222708086948842 437.71646902151406 579.66016038763337 108.88777045183815 327.74817722523585 431.97630527522415 263.04372351244092 8464.2297845047433
leaf_count=21624 45674 641539 10307 1031652 1213639 114395 8348 55098 13910 4899 2657 14887 13596 228167
internal_value=1.63129e-05 -7.12532e-05 0.00132643 -0.000681902 -0.00136107 0.0014844 -0.00198933 -0.00337704 -0.0152824 0.0130212 0.0210857 0.00352788 0.0165338 0.00260973
internal_weight=101776 100944 30692.5 70251.7 53484.1 16767.7 6210.48 5685.62 1017.38 524.859 415.971 10557.2 695.02 9862.19
internal_count=3420392 3398768 651846 2746922 2245291 501631 199307 183403 69008 15904 11005 302324 28483 273841
is_linear=0
shrinkage=0.03


Tree=208
num_leaves=15
num_cat=1
split_feature=2 19 25 25 21 10 7 4 8 5 12 19 17 28
split_gain=99.8194 105.533 142.452 267.912 155.896 98.6868 169.293 111.046 141.716 138.84 122.839 95.6594 94.0767 71.3229
threshold=1693.5000000000002 0.967204301075269 2.9838709677419359 3.376881720430108 0.77048494983277604 1.0000000180025095e-35 2.5000000000000004 1.0000000180025095e-35 4.5000000000000009 1.0000000180025095e-35 0.86811594202898557 0.21290322580645163 36.500000000000007 0
decision_type=2 2 2 2 2 2 2 2 2 2 2 2 10 9
left_child=1 5 -3 4 -4 13 -7 8 -8 -9 -10 -11 -2 -1
right_child=12 2 3 -5 -6 6 7 9 10 11 -12 -13 -14 -15
leaf_value=-0.0014404809935660184 0.0068206099356010819 -0.031193903597293675 -0.02511829458597209 -0.0048622391932107278 0.034182638605761505 0.02769260413861541 0.0013723993393300144 -0.0030002670243879604 0.0078418310503300791 0.016539731157983791 0.027058529211797275 0.0025936061577696281 -0.0044788114832516402 0.00038927338349543206
leaf_weight=30938.624856707174 3307.6226827055216 169.02854956849478 46.863298811716959 5294.0031080199406 245.08954134443775 239.02751979418099 1799.76172134839 4563.9318036448676 903.21680185943842 572.96791667863727 447.78715083003044 1937.0883094966412 828.63981289416552 50379.588951420737
leaf_count=674636 17615 2154 496 251662 2410 1852 11592 337774 10737 4155 4394 8292 4282 2087164
internal_value=-7.65978e-06 -0.000201253 -0.00414172 -0.0033177 0.0246106 4.58675e-05 0.00278806 0.00220321 0.00688681 0.000116452 0.0142265 0.00578239 0.0045564 -0.00030702
internal_weight=101673 97537 5754.98 5585.96 291.953 91782 10463.8 10224.8 3150.77 7073.99 1351 2510.06 4136.26 81318.2
internal_count=3419215 3397318 256722 254568 2906 3140596 378796 376944 26723 350221 15131 12447 21897 2761800
cat_boundaries=0 1
cat_threshold=463478
is_linear=0
shrinkage=0.03


Tree=209
num_leaves=15
num_cat=4
split_feature=25 5 27 27 11 11 27 0 27 11 17 19 25 9
split_gain=91.9484 93.9842 168.843 100.948 81.2727 134.074 194.929 79.3601 326.77 108.959 79.384 67.9281 123.035 65.1031
threshold=29.475268817204306 1.0000000180025095e-35 0 1 518.50000000000011 507.50000000000006 2 99.500000000000014 3 197.50000000000003 35.500000000000007 0.98387096774193561 2.9838709677419359 1.5000000000000002
decision_type=2 2 9 9 2 2 9 2 9 2 10 2 2 2
left_child=1 2 -1 -3 5 7 -7 8 -4 -9 -11 13 -13 -10
right_child=-2 3 4 -5 -6 6 -8 9 11 10 -12 12 -14 -15
leaf_value=-0.028371701109548151 -0.0025145396540286941 0.0037315288533759008 -0.02822341030774967 0.021930722260526066 -0.0011638821377108568 0.027725100418427059 0.0015649833192015047 0.010709963914783373 0.00050498555214792938 0.0035391950650766777 -0.0055204043047021381 -0.031238862105910162 -0.0022615609553926215 0.016838106311222619
leaf_weight=175.23543323320337 11609.710006089183 2057.1639115372673 349.42176259448752 308.49091200437397 26476.188057334046 394.69865326839499 713.78549038665369 1538.3132227770984 51618.979013932869 4126.3621249254793 1102.184713087976 164.60240145679563 648.38004469964653 219.5767772863619
leaf_count=3605 410411 10416 2792 1585 1122599 10510 9319 7656 1776396 20864 5490 1985 25091 6797
internal_value=-2.15334e-06 0.000322345 0.000162837 0.00622147 0.000223626 0.000827124 0.0111604 0.000635294 0.000244656 0.00369445 0.00162873 0.000439394 -0.00815969 0.000574493
internal_weight=101503 89893.4 87527.7 2365.65 87352.5 60876.3 1108.48 59767.8 53001 6766.86 5228.55 52651.5 812.982 51838.6
internal_count=3415516 3005105 2993104 12001 2989499 1866900 19829 1847071 1813061 34010 26354 1810269 27076 1783193
cat_boundaries=0 1 2 3 4
cat_threshold=536871296 1679888384 2157078528 4202512
is_linear=0
shrinkage=0.03


Tree=210
num_leaves=15
num_cat=2
split_feature=23 22 24 15 27 7 16 27 11 18 21 6 23 16
split_gain=105.538 106.885 105.815 111.484 104.6 92.0814 121.293 147.79 129.212 121.292 120.022 102.058 90.7101 129.144
threshold=0.73202771777756481 3206.816271739131 0.9148319385845175 1.5000000000000002 0 2.5000000000000004 16.500000000000004 1 104.50000000000001 24.500000000000004 0.10929288103201147 5.5000000000000009 1.8597850981703856 1.5000000000000002
decision_type=2 2 8 2 9 2 2 9 2 8 2 2 2 2
left_child=1 -1 3 5 -5 6 12 8 9 11 -9 -8 13 -2
right_child=2 -3 -4 4 -6 -7 7 10 -10 -11 -12 -13 -14 -15
leaf_value=0.0012642483538067332 -0.0085459604643918653 0.0082893590480838091 0.0017979641785152956 -0.0055837124641777277 0.0042825247866983872 -0.0020135347044414878 0.043168802807087514 0.014803819856804002 0.0011880659924465666 -0.014208103664455409 0.0033908193406590975 -0.0021420011106531461 -0.0043441666851292849 0.0057401480582116591
leaf_weight=9831.6686436499003 767.19160322286189 2430.3311997577548 17268.174934795359 1141.0754554914311 6074.593989280751 43080.575196983293 59.664669461548328 937.10637926310301 3181.5864605021197 1080.7738755815662 7160.7747601922601 170.09471916104667 6120.6648829318583 2201.0093002659269
leaf_count=330882 18042 55195 881787 23364 53654 1824569 330 4456 18748 40539 42136 11048 74774 39578
internal_value=4.76208e-05 0.00265719 -0.000310959 -0.000816947 0.00271993 -0.00121107 0.000383616 0.00229016 -0.00207334 -0.0100017 0.00470741 0.00976054 -0.00225731 0.00204598
internal_weight=101505 12262 89243.3 71975.1 7215.67 64759.4 21678.9 12590 4492.12 1310.53 8097.88 229.759 9088.87 2968.2
internal_count=3419102 386077 3033025 2151238 77018 2074220 249651 117257 70665 51917 46592 11378 132394 57620
cat_boundaries=0 1 3
cat_threshold=1645494528 3360759852 2
is_linear=0
shrinkage=0.03


Tree=211
num_leaves=15
num_cat=2
split_feature=6 1 15 29 14 10 26 0 16 18 16 1 8 29
split_gain=96.128 152.007 120.398 121.806 116.251 108.624 109.578 91.2361 87.7379 83.9484 98.3039 222.635 108.911 98.869
threshold=5.5000000000000009 99.500000000000014 1.0000000180025095e-35 0 146.39565217391308 1.0000000180025095e-35 4.5000000000000009 187.50000000000003 21.500000000000004 699.50000000000011 25.500000000000004 99.500000000000014 2.5000000000000004 1
decision_type=2 2 2 9 2 2 2 2 2 10 2 2 2 9
left_child=9 2 3 8 -3 7 -7 -6 -2 10 13 -12 -13 -1
right_child=1 4 -4 -5 5 6 -8 -9 -10 -11 11 12 -14 -15
leaf_value=-0.0066472005178439602 -0.0077483274331835838 0.0025340888048772398 0.003039717577645163 -0.0014667634665771504 -0.0015656260637041189 0.0027450065256526971 0.03359009698360442 0.0020166406573847257 -0.02056285742411592 -0.00045872248182850776 -0.016031262049183672 0.0068443938574920017 -0.0022259378923911517 0.0064647168939908767
leaf_weight=552.43026455398649 3262.5585923816543 12669.602032897063 1603.1847330261953 2922.2186383986846 45263.753935116343 5525.9515492795035 104.64895423781127 7451.294576369226 563.74159640143625 9337.3710324922577 666.15968368505128 2469.8379073394462 2300.1990793561563 6952.4304235167801
leaf_count=7464 662955 402331 134942 250547 1127511 105908 1734 40298 124436 237849 157458 19225 71649 75466
internal_value=-3.20224e-05 -0.000520818 -0.004349 -0.00610446 -7.05525e-05 -0.000636177 0.00332415 -0.00105924 -0.00961609 0.00170926 0.00327344 0.000201142 0.00247096 0.00549855
internal_weight=101645 79367 8351.7 6748.52 71015.3 58345.6 5630.6 52715 3826.3 22278.4 12941.1 5436.2 4770.04 7504.86
internal_count=3419773 2850662 1172880 1037938 1677782 1275451 107642 1167809 787391 569111 331262 248332 90874 82930
cat_boundaries=0 1 2
cat_threshold=8 16
is_linear=0
shrinkage=0.03


Tree=212
num_leaves=15
num_cat=3
split_feature=1 27 25 21 17 18 10 5 27 27 7 14 18 6
split_gain=97.3787 108.103 95.9135 92.7944 82.2186 81.8713 137.368 74.7334 122.701 97.5097 83.5456 96.2062 94.3086 151.335
threshold=1693.5000000000002 0 20.016129032258068 0.97814142379359781 40.500000000000007 152.50000000000003 1.0000000180025095e-35 1.0000000180025095e-35 1 2 7.5000000000000009 157.0934782608696 269.50000000000006 6.5000000000000009
decision_type=2 9 2 2 10 8 2 2 9 9 2 2 8 2
left_child=1 5 7 -4 -2 6 -1 8 -3 -9 -10 12 13 -12
right_child=4 2 3 -5 -6 -7 -8 9 10 -11 11 -13 -14 -15
leaf_value=-0.014914895124524201 0.0060980412241668554 -0.027961912644829123 -0.001136007107354655 -0.0082993832694648502 -0.0067231606045202001 -0.0025325785195965777 0.064813800282007825 0.02292595219505714 0.0014924317246699254 0.0036172495824316861 -0.022416679168313611 -0.0051978399952119616 0.000310614880103801 7.3025964007111279e-05
leaf_weight=742.66330381901935 3605.3070623762906 125.73584617674351 16337.865276028169 1806.6673575942405 513.51089818030596 7603.7654435303994 18.998673155903816 264.24847036600113 35661.668375177076 1726.9748362656683 433.58004571055062 3645.1703695780598 28241.009126174962 707.97990049049258
leaf_count=11873 19054 1010 548597 99359 2693 213531 376 1400 797676 8963 17354 52211 1560444 84013
internal_value=-1.93089e-05 -0.000210557 9.62687e-05 -0.00184969 0.00449832 -0.00346868 -0.0128438 0.000594964 0.000429126 0.0063231 0.000485502 -0.000601594 -3.1231e-05 -0.00848101
internal_weight=101435 97316.3 88950.9 18144.5 4118.82 8365.43 761.662 70806.4 68815.1 1991.22 68689.4 33027.7 29382.6 1141.56
internal_count=3418554 3396807 3171027 647956 21747 225780 12249 2523071 2512708 10363 2511698 1714022 1661811 101367
cat_boundaries=0 2 3 4
cat_threshold=24126235 2 536870912 2290094144
is_linear=0
shrinkage=0.03


Tree=213
num_leaves=15
num_cat=5
split_feature=23 22 15 27 29 7 2 28 1 29 11 11 27 21
split_gain=95.8939 106.777 91.097 155.543 119.559 117.069 124.543 116.258 131.143 164.285 83.7452 83.4152 69.5965 68.4302
threshold=0.73202771777756481 2769.747239130435 1.0000000180025095e-35 0 1 2.5000000000000004 18.000000000000004 2 60.000000000000007 3 4.5000000000000009 13.500000000000002 4 0.016364070711896803
decision_type=2 2 2 9 9 2 2 9 2 9 2 2 9 2
left_child=1 13 4 -4 7 -5 -7 8 9 -2 -6 -9 -12 -1
right_child=2 -3 3 5 10 6 -8 11 -10 -11 12 -13 -14 -15
leaf_value=0.020289940962975043 0.018342400599913385 0.0074377754162576349 -0.0014680484460790272 0.012260988776408318 -0.012005707450800616 0.029305064227658176 0.002063559773295615 -0.0073304692595849933 0.0013652615404824841 -0.0063176187911012345 0.013074721862736715 -0.00067293194650676574 -0.0021614263176838815 0.00055169615078264826
leaf_weight=159.86060861474834 875.46801199950278 2955.1905106743798 11817.520073665073 1165.8901816881262 775.23688950855285 151.73969991505146 13658.02440946945 1946.8650124892592 14464.859895535046 332.83996264543384 261.58306841133162 12987.74571058806 30835.945413444424 9146.7045522111002
leaf_count=8050 42521 67943 303533 13396 17103 906 261052 15121 444324 6109 7394 223045 1698058 310424
internal_value=-1.68207e-05 0.00247074 -0.000358511 0.00110489 -0.000986062 0.00313409 0.00236499 0.000353315 0.00215742 0.0116494 -0.00227165 -0.00154021 -0.00202934 0.000892887
internal_weight=101535 12261.8 89273.7 26793.2 62480.5 14975.7 13809.8 30607.8 15673.2 1208.31 31872.8 14934.6 31097.5 9306.57
internal_count=3418979 386417 3032562 578887 2453675 275354 261958 731120 492954 48630 1722555 238166 1705452 318474
cat_boundaries=0 2 3 4 5 7
cat_threshold=1739948294 3 38 2378497 36 564133890 1
is_linear=0
shrinkage=0.03


Tree=214
num_leaves=15
num_cat=2
split_feature=23 22 7 12 4 18 27 7 16 9 12 14 18 27
split_gain=97.7347 95.2153 79.9143 86.3194 139.944 121.502 81.5259 109.514 94.5623 85.6926 71.928 68.8991 68.5129 117.685
threshold=0.73202771777756481 3945.4124402173916 13.500000000000002 0.54006410256410264 1.0000000180025095e-35 1021.5000000000001 0 23.500000000000004 18.500000000000004 1.0000000180025095e-35 0.94281045751633996 99.358974358974379 112.50000000000001 1
decision_type=2 2 2 2 2 10 9 2 2 2 2 2 8 9
left_child=1 -1 12 -4 10 -6 9 8 -8 -7 -5 -10 13 -2
right_child=2 -3 3 4 5 6 7 -9 11 -11 -12 -13 -14 -15
leaf_value=0.0014047800376550102 -0.0049423101830636208 0.0088661073375279186 -0.0050535802222330664 0.0052520661399811097 0.0017014983195486365 0.0038420748566815456 -0.0046803452682887435 0.004428965932761899 0.016120688620193342 -0.0051616718902560655 0.023672948858051338 -0.014592339151704709 0.00058548647006321911 0.0016593565585578769
leaf_weight=10485.372628252255 5669.731303711189 1803.252596574137 5755.755478473613 1198.1804718952626 6123.4163250208367 2093.5216837131884 3568.9723699598107 807.18159626587294 67.757912502624094 1742.0609876341186 226.14512553438544 1599.4046193748945 56061.789142361842 4242.9492679201066
leaf_count=346621 180024 39680 91885 11227 471535 129212 359866 75501 4149 55647 2308 169306 1433357 48094
internal_value=-7.74652e-06 0.0025003 -0.000353458 -0.0018686 -0.000816419 -0.00161864 -0.00367659 -0.00584286 -0.00743802 -0.00024692 0.00819137 -0.0133352 0.000178959 -0.00212001
internal_weight=101445 12288.6 89156.9 23182.4 17426.6 16002.3 9878.9 6043.32 5236.13 3835.58 1424.33 1667.16 65974.5 9912.68
internal_count=3418412 386301 3032111 1370636 1278751 1265216 793681 608822 533321 184859 13535 173455 1661475 228118
cat_boundaries=0 1 2
cat_threshold=1619284226 2421211264
is_linear=0
shrinkage=0.03


Tree=215
num_leaves=15
num_cat=3
split_feature=23 24 4 12 28 16 27 6 1 2 16 1 27 24
split_gain=98.8571 83.8647 80.5144 139.163 132.47 119.627 146.468 111.102 119.423 101.694 94.7639 141.067 133.63 91.4185
threshold=0.2142476120088572 0.68625537664598812 1.0000000180025095e-35 0.72850122850122856 0 10.500000000000002 1 5.5000000000000009 99.500000000000014 99.500000000000014 25.500000000000004 99.500000000000014 2 0.9869273804506663
decision_type=2 8 2 2 9 2 9 2 2 2 2 2 9 8
left_child=-1 -2 3 4 13 6 9 10 -9 -4 12 -12 -7 -3
right_child=1 2 5 -5 -6 7 -8 8 -10 -11 11 -13 -14 -15
leaf_value=0.010283868611252718 -0.0010672023735175825 0.0035427836758104387 -1.6661675915975718e-05 0.011085961890510004 -1.9310810007950538e-05 0.0049259523233037422 -0.0031997926934238538 -0.010011404017729599 -0.002257253058189222 0.007433748549607668 -0.018333626044468854 0.00054393375830112862 -0.010535473944249023 0.015616304592404786
leaf_weight=838.9100108393468 42344.171973170014 8291.495294963941 2694.7605934359599 1368.8484077714384 20577.240129293874 4351.3941859621555 3217.2319832155481 2272.4264119071886 8368.9804895801935 4247.1567138493992 505.27157121349592 1202.2441793051548 558.78674638364464 604.80218227114528
leaf_count=21702 1214991 66524 324141 11196 161699 19955 175593 441499 450303 233596 134050 117888 12464 32713
internal_value=3.4349e-05 -5.12197e-05 0.000687208 0.0017387 0.00130422 -0.000495621 0.00208709 -0.0020159 -0.0039139 0.00453548 0.00103626 -0.00504959 0.00315321 0.00436035
internal_weight=101444 100605 58260.6 30842.4 29473.5 27418.3 10159.1 17259.1 10641.4 6941.92 6617.7 1707.52 4910.18 8896.3
internal_count=3418314 3396612 2181621 272132 260936 1909489 733330 1176159 891802 557737 284357 251938 32419 99237
cat_boundaries=0 1 2 3
cat_threshold=3152257 3356561472 2684354560
is_linear=0
shrinkage=0.03


Tree=216
num_leaves=15
num_cat=3
split_feature=23 7 9 7 16 7 11 27 27 28 6 7 16 1
split_gain=84.5529 91.8963 119.266 115.009 114.114 165.434 214.291 132.476 122.478 107.627 108.783 179.401 192.674 156.714
threshold=0.1563139714322955 17.500000000000004 1.0000000180025095e-35 2.5000000000000004 18.500000000000004 23.500000000000004 668.50000000000011 0 1 2 5.5000000000000009 15.500000000000002 25.500000000000004 99.500000000000014
decision_type=2 2 2 2 2 2 2 9 9 9 2 2 2 2
left_child=-1 2 9 -4 -3 7 -7 -6 -8 10 11 -2 -13 -12
right_child=1 4 3 -5 5 6 8 -9 -10 -11 13 12 -14 -15
leaf_value=0.013077769840502221 0.0025863531944895404 -0.00023210978052420905 0.023241477812564106 0.0030517633841523309 -0.010908493209321239 -0.017000318780161467 0.023306660041520245 -0.00080229985892954991 -0.016804309111383687 -0.0014947078281358471 -0.0043376074731149754 0.036471248060530995 -0.0062588337296545825 0.00091828130383330006
leaf_weight=441.80503040016629 11699.903279200546 10420.79045330896 260.81131081935018 8471.8576542136725 3338.8658769336762 224.28659173054621 463.44794476637617 1807.1845465223305 74.596277267672122 28655.468026313931 6201.3762802707497 286.10437971912324 141.5287150866352 28875.972997314762
leaf_count=11256 298135 689511 2131 193504 275881 18926 20911 86245 3215 430423 951242 1574 9196 425377
internal_value=-2.86029e-06 -6.02521e-05 0.000337487 0.00365734 -0.00212063 -0.00545087 0.00758448 -0.00738301 0.0178453 -4.47214e-05 0.000835638 0.00328495 0.0223478 -1.10122e-05
internal_weight=101364 100922 84593 8732.67 16329.2 5908.38 762.331 5146.05 538.044 75860.4 47204.9 12127.5 427.633 35077.3
internal_count=3417527 3406271 2311582 195635 1094689 405178 43052 362126 24126 2115947 1685524 308905 10770 1376619
cat_boundaries=0 1 2 3
cat_threshold=2584873280 2760245312 3729675
is_linear=0
shrinkage=0.03


Tree=217
num_leaves=15
num_cat=3
split_feature=24 4 16 27 28 18 18 18 6 16 1 1 12 28
split_gain=87.102 75.7817 127.322 135.242 121.108 131.077 246.937 129.114 99.6451 107.195 92.6723 119.295 79.1311 77.5283
threshold=0.69636799419115636 1.0000000180025095e-35 10.500000000000002 0 1 1704.5000000000002 1683.5000000000002 1727.5000000000002 5.5000000000000009 23.500000000000004 109.50000000000001 124.50000000000001 0.5590277777777779 2
decision_type=8 2 2 9 9 8 10 10 2 2 2 2 2 9
left_child=-1 4 3 10 5 6 -2 -7 -4 13 -3 -12 -6 -10
right_child=1 2 8 -5 12 7 -8 -9 9 -11 11 -13 -14 -15
leaf_value=-0.00092457452010776551 0.0046616221417805628 0.00023303348865121471 0.0010258158253777579 -0.001979446843420548 0.00017725945025446973 0.029639097144840764 -0.030096484756003766 0.0039371135883710219 -0.0065556799685574131 -0.010975275292972719 0.14289274757154555 0.0076975769709250732 0.007121566014995479 -0.00053493391321833995
leaf_weight=44406.773337554187 7513.570821383968 2214.2896444431972 6519.3544514145469 3931.7508225743659 19878.752463627607 366.29261527769268 187.58622857369483 338.25918811932206 2800.7697823243216 1550.9412211959716 4.8862824793905011 3941.0373084102757 1594.3620824851096 6126.0183249267284
leaf_count=1277098 78156 318592 279813 179541 155483 12385 2166 2855 378929 113166 253 223899 12581 385302
internal_value=7.14179e-05 0.000847802 -0.000301338 0.00236769 0.00188962 0.00493973 0.00381118 0.0173225 -0.00188611 -0.00369787 0.00513699 0.00790115 0.000692854 -0.0024324
internal_weight=101375 56967.9 27089 10092 29878.8 8405.71 7701.16 704.552 16997.1 10477.7 6160.21 3945.92 21473.1 8926.79
internal_count=3420219 2143121 1879495 722285 263626 95562 80322 15240 1157210 877397 542744 224152 168064 764231
cat_boundaries=0 1 2 3
cat_threshold=3355512848 3148033 1839105
is_linear=0
shrinkage=0.03


Tree=218
num_leaves=15
num_cat=2
split_feature=25 11 7 7 9 27 11 27 9 1 1 6 14 9
split_gain=90.73 131.728 111.895 90.9304 158.005 110.083 122.292 102.943 106.226 103.608 133.394 102.603 85.5642 134.261
threshold=2.1801075268817205 10.500000000000002 17.500000000000004 2.5000000000000004 1.0000000180025095e-35 0 1.0000000180025095e-35 1 1.0000000180025095e-35 99.500000000000014 124.50000000000001 4.5000000000000009 142.92080745341619 1.0000000180025095e-35
decision_type=2 2 2 2 2 9 2 9 2 2 2 2 2 2
left_child=3 -2 -3 4 5 -1 -7 8 -5 11 -11 -9 13 -12
right_child=1 2 -4 7 -6 6 -8 9 -10 10 12 -13 -14 -15
leaf_value=-0.00096690499627227506 -0.007253311887862531 0.00017141494795644291 -0.0030837632467102666 -0.0048689250074340556 0.03167137527234648 -0.012107832572526121 0.0075702238166769293 -0.01882956573662525 0.0070728020233697632 0.072516737183469251 0.016643474267096624 -0.00041176100612959061 0.001981099071719328 0.00055950002945139954
leaf_weight=3070.2399338041432 2574.201477997005 59750.764408215764 11300.541384346667 4699.8852952481247 182.0194663987495 302.59646582230926 4480.9451138181612 284.61227049923036 781.01239595422521 24.425833033630624 1020.47936241352 5808.9818065485451 6172.2492328805383 860.78040052484721
leaf_count=95922 23186 1317694 822520 90044 1501 6610 72152 87086 9403 1709 54959 579396 220301 35613
internal_value=-3.73864e-05 -0.000587936 -0.00034635 0.00142654 0.0041149 0.0034723 0.00630997 0.00032713 -0.00316052 0.00167717 0.00390605 -0.00127495 0.00368898 0.00928837
internal_weight=101314 73625.5 71051.3 27688.2 8035.8 7853.78 4783.54 19652.4 5480.9 14171.5 8077.93 6093.59 8053.51 1881.26
internal_count=3418096 2163400 2140214 1254696 176185 174684 78762 1078511 99447 979064 312582 666482 310873 90572
cat_boundaries=0 1 3
cat_threshold=3893420420 334924110 1
is_linear=0
shrinkage=0.03


Tree=219
num_leaves=15
num_cat=4
split_feature=23 28 7 27 18 27 18 6 2 18 11 24 9 27
split_gain=83.2325 85.0792 82.7928 77.3157 69.2649 124.995 68.0517 118.374 109.901 93.6461 69.0547 59.3727 82.4931 61.2527
threshold=0.57719989237443914 0 7.5000000000000009 1 112.50000000000001 2 269.50000000000006 6.5000000000000009 99.500000000000014 273.50000000000006 270.50000000000006 0.90122148172596062 1.5000000000000002 3
decision_type=2 9 2 9 8 9 8 2 2 8 2 8 2 9
left_child=-1 3 4 -2 5 -3 7 8 -4 10 -8 -6 13 -13
right_child=1 2 6 -5 11 -7 9 -9 -10 -11 -12 12 -14 -15
leaf_value=0.0032106602334324363 -0.0047111627215465756 -0.0041197417133429313 -0.028560079672122179 -0.00083573532543075319 0.0012261057081488357 0.0034663473366924567 0.038615784904918869 -0.00063026237864001412 0.0057213412640614502 -0.00066174421422842897 -0.014103801012437044 0.006430572174992699 0.071814588500655668 0.00049615457740856829
leaf_weight=6668.2027214751579 5772.1253857854754 4954.0813822546043 336.61306652601343 23378.643841048237 21412.926550441654 3214.4351429385133 90.641971996985376 766.56427985499613 111.71757256053388 27715.239533750108 28.996145225130022 4314.4673957901541 15.322339707287027 2468.9763805279508
leaf_count=205983 180526 179496 14086 478564 367318 33859 2970 87739 4004 1617776 5724 218026 245 22172
internal_value=-2.8518e-05 -0.00025692 0.000343711 -0.00160459 0.00129735 -0.00113524 -0.000850457 -0.00779765 -0.0200239 -0.000546967 0.0258274 0.00200171 0.00444396 0.00428122
internal_weight=101249 94580.8 65430 29150.8 36380.2 8168.52 29049.8 1214.89 448.331 27834.9 119.638 28211.7 6798.77 6783.44
internal_count=3418488 3212505 2553415 659090 821116 213355 1732299 105829 18090 1626470 8694 607761 240443 240198
cat_boundaries=0 1 2 3 5
cat_threshold=65620 188121640 3494952960 2480930848 10
is_linear=0
shrinkage=0.03


Tree=220
num_leaves=15
num_cat=3
split_feature=15 27 11 27 9 11 1 6 11 6 9 27 18 7
split_gain=84.1376 137.177 113.44 123.539 135.604 155.746 278.412 234.913 124.918 114.156 108.713 130.801 105.524 102.8
threshold=1.0000000180025095e-35 0 513.50000000000011 1 1.0000000180025095e-35 668.50000000000011 146.00000000000003 5.5000000000000009 694.50000000000011 4.5000000000000009 1.0000000180025095e-35 2 1147.5000000000002 2.5000000000000004
decision_type=2 9 2 9 2 2 2 2 2 2 2 9 10 2
left_child=2 -2 -1 10 8 6 -6 9 12 -7 -4 -12 -5 -3
right_child=1 13 3 4 5 7 -8 -9 -10 -11 11 -13 -14 -15
leaf_value=0.0001580924893851072 -0.00087703692202030427 0.011163566818808453 0.0063636035900763175 -0.0018606949642922344 -0.016973676687477235 -0.0022279273069762216 0.0032685451269930279 -0.0017032536726903059 -0.025457335809661266 0.035475030476542518 -0.0086421433437394966 0.012328254074448632 -0.0082740854256905475 0.0024651448735032912
leaf_weight=53050.404577397159 13850.250627222238 1323.929887895938 2243.8586409669369 4297.6724310062127 872.56764892977662 91.445251236204058 2037.8466210148763 574.91352571197785 284.49108758824877 341.73572995886207 1191.0264097061008 334.64762284513563 4990.6635076480452 15883.584948721575
leaf_count=1785851 345846 15299 131500 204769 133612 7681 89720 48202 14701 2228 50455 4770 288803 296450
internal_value=4.51588e-05 0.00134558 -0.00052927 -0.00264173 -0.00398151 0.000716437 -0.002804 0.0108728 -0.00590859 0.0275291 0.00215804 -0.0040132 -0.00530716 0.00313318
internal_weight=101369 31057.8 70311.3 17260.9 13491.3 3918.51 2910.41 1008.09 9572.83 433.181 3769.53 1525.67 9288.34 17207.5
internal_count=3419887 657595 2762292 976441 789716 281443 223332 58111 508273 9909 186725 55225 493572 311749
cat_boundaries=0 2 4 5
cat_threshold=1739882770 3 1638240258 1 1075871744
is_linear=0
shrinkage=0.03


Tree=221
num_leaves=15
num_cat=1
split_feature=0 14 17 19 25 25 18 7 14 7 18 7 14 27
split_gain=72.2311 146.864 92.4718 78.358 138.733 230.473 184.759 70.5848 199.739 152.437 64.1742 63.4024 87.4043 169.745
threshold=187.50000000000003 180.15625000000003 40.500000000000007 0.967204301075269 2.9838709677419359 3.1311827956989249 1717.5000000000002 2.5000000000000004 298.04545454545456 1.5000000000000002 13.500000000000002 13.500000000000002 99.029411764705898 0
decision_type=2 2 10 2 2 2 10 2 2 2 8 2 2 9
left_child=1 3 -2 10 -5 6 -6 8 9 -3 -1 12 -12 -14
right_child=2 7 -4 4 5 -7 -8 -9 -10 -11 11 -13 13 -15
leaf_value=-0.0060913225556413772 0.0035869503794408834 -0.027387990768891309 -0.0065806215235678263 -0.031220678446738721 -0.032217757203666007 -0.0044811854124160062 0.034643479951254851 -0.0058816730117271735 0.0051735231851414588 0.0080924433901134619 -0.00087732907735377664 -0.0007801333269405467 0.0083730695551251927 0.0012059903803657394
leaf_weight=1364.1715119481087 8138.4522390644997 345.56244349107146 892.48169699311256 158.08188833412714 43.521595687838271 4092.6927955702413 229.86113055655733 5739.9741418086924 1750.9380464069545 158.41965532209724 15141.124221712234 24919.429078412708 3240.3066867035814 35058.066359377699
leaf_count=27054 43910 2840 4764 2144 505 237067 2342 65106 11419 2764 1092904 1401552 192398 332636
internal_value=2.11184e-05 -0.000229582 0.00258152 0.000139196 -0.00370104 -0.00269772 0.0239208 -0.00411516 0.000382167 -0.0162413 0.000357167 0.000469506 0.00105223 0.00181508
internal_weight=101273 92242.1 9030.93 84247.3 4524.16 4366.08 273.383 7994.89 2254.92 503.982 79723.1 78358.9 53439.5 38298.4
internal_count=3419405 3370731 48674 3288602 242058 239914 2847 82129 17023 5604 3046544 3019490 1617938 525034
cat_boundaries=0 1
cat_threshold=2309032000
is_linear=0
shrinkage=0.03


Tree=222
num_leaves=15
num_cat=4
split_feature=23 15 27 2 11 18 1 27 9 27 2 2 16 27
split_gain=91.1016 76.4159 126.941 122.688 110.293 175.374 137.315 265.634 106.091 110.325 131.556 97.3329 117.01 152.115
threshold=0.25465251348176826 1.0000000180025095e-35 0 1.0000000180025095e-35 233.50000000000003 238.50000000000003 299.00000000000006 1 1.0000000180025095e-35 2 146.00000000000003 1693.5000000000002 25.500000000000004 3
decision_type=2 2 9 2 2 8 2 9 2 9 2 2 2 9
left_child=-1 4 3 -3 6 -6 7 -2 -9 10 -10 12 -7 -14
right_child=1 2 -4 -5 5 11 -8 8 9 -11 -12 -13 13 -15
leaf_value=0.0082206093557759125 -0.02476219865490762 0.027538327712985363 -0.00098706104290507946 0.002639899259873027 -0.026470923835000555 -0.0011968917998368001 0.0079469503552969285 4.5226591248572159e-05 0.022572783763749979 0.0067268270669775723 0.12001469228160863 0.0028677639134559204 -0.013179210001446643 -0.0029979114937535266
leaf_weight=1200.4559906504583 371.22348618879914 179.05427480116487 13655.302232973278 16656.771815037355 256.37897992762737 24747.534415616654 2139.837618958205 29919.484981704969 39.3953015669249 1172.7796155422693 17.684280104003847 3879.1962377689779 1765.2366631611949 5236.1427656249143
leaf_count=32445 3815 1076 347436 301023 10551 1499530 11220 839655 646 33379 254 20569 228291 87425
internal_value=8.81733e-06 -8.98073e-05 0.00116239 0.0029046 -0.000638827 -0.0017959 0.000594715 9.53573e-05 0.000400204 0.00903215 0.0463314 -0.0016176 -0.00216571 -0.00558951
internal_weight=101236 100036 30491.1 16835.8 69544.9 35884.5 33660.4 31520.6 31149.3 1229.86 57.0796 35628.1 31748.9 7001.38
internal_count=3417315 3384870 649535 302099 2735335 1846366 888969 877749 873934 34279 900 1835815 1815246 315716
cat_boundaries=0 2 3 4 5
cat_threshold=2554542316 8 4243456 1048576 2148673576
is_linear=0
shrinkage=0.03


Tree=223
num_leaves=15
num_cat=3
split_feature=23 28 8 6 11 24 18 18 0 11 30 14 14 27
split_gain=85.5796 92.2635 86.1025 103.639 83.1424 69.5578 67.5951 83.4174 86.687 81.9563 76.3801 57.027 95.193 57.4437
threshold=0.4768021282814397 0 1.5000000000000002 2.5000000000000004 4.5000000000000009 0.54913989383943684 29.500000000000004 431.50000000000006 22.000000000000004 1.5000000000000002 1 99.029411764705898 102.06250000000001 2
decision_type=2 9 2 2 2 8 8 10 2 2 1 2 2 9
left_child=-1 4 3 -3 -2 -4 -5 8 10 -9 -8 -10 -13 -14
right_child=1 2 5 6 -6 -7 7 9 11 -11 -12 12 13 -15
leaf_value=0.0041110735806506185 -0.011506714921029461 0.0099361689240071837 -0.0024402572645226342 -0.0025345770056715384 -0.0012486761674300069 0.00041021336888072055 0.020792752574469053 -0.017285170567627649 -0.0020036469989486477 0.00095600706832414477 -0.0038281697509076748 0.046912855187740195 -0.0045713353342856635 0.0066069885914996429
leaf_weight=4332.2880234210752 725.89134927885607 1470.7690299914684 9720.3956446975935 2883.140882067848 32795.152011203463 37138.999928081641 510.27429696638137 228.53848269348964 1118.8690560243558 6471.0312307190616 147.42864991631359 48.843465098645538 470.73983084782958 3159.4573734728619
leaf_count=131227 7218 28578 408781 53430 750585 1906303 30064 3932 22913 51763 2731 295 4522 16742
internal_value=-1.36705e-05 -0.000198143 0.000475196 0.00233827 -0.00147071 -0.000181121 0.00159457 0.00257411 0.00532779 0.00033127 0.0155339 0.00392578 0.00572909 0.0051622
internal_weight=101222 96889.5 63368.5 16509.1 33521 46859.4 15038.3 12155.2 5455.61 6699.57 657.703 4797.91 3679.04 3630.2
internal_count=3419084 3287857 2530054 214970 757803 2315084 186392 132962 77267 55695 32795 44472 21559 21264
cat_boundaries=0 1 2 3
cat_threshold=589940 12 3225419812
is_linear=0
shrinkage=0.03


Tree=224
num_leaves=15
num_cat=3
split_feature=25 22 25 18 27 14 9 27 0 7 14 27 11 16
split_gain=76.3244 71.1964 73.0151 65.1044 117.194 105.259 98.4999 117.377 197.589 105.971 101.66 188.498 97.0934 93.4076
threshold=34.048924731182801 10240.457342391306 3.1311827956989249 955.50000000000011 0 865.16666666666686 1.0000000180025095e-35 1 140.00000000000003 2.5000000000000004 70.785714285714292 2 4.5000000000000009 334.50000000000006
decision_type=2 2 2 10 9 2 2 9 2 2 2 9 2 2
left_child=1 3 -3 5 -5 6 7 8 -1 -8 11 13 -6 -9
right_child=-2 2 -4 4 12 -7 9 10 -10 -11 -12 -13 -14 -15
leaf_value=-0.029092808516201232 -0.0026280146188717339 0.022633024543667578 0.0039913220629536339 0.00019293854703980598 -0.017036587238512518 0.0070765391205292513 0.025480726391136663 0.010313355778724515 0.00050746091995834718 0.0037167654797497663 -2.773996375527127e-05 -0.0074622050239951465 -0.003011055915871886 -0.06433395996344865
leaf_weight=329.72613116842695 8843.6868389935698 215.84595335833728 1483.8582097999752 26890.659545802278 466.83264572126791 2323.4218695964664 209.85021482361481 2317.3514800532721 525.29343163222075 4491.5641473412979 43535.3961315169 746.20512203779072 8825.9824673586991 14.203166328370569
leaf_count=4222 318068 3192 53214 485560 7354 11900 1739 63049 3178 174610 1587145 3289 701921 79
internal_value=3.42855e-05 0.000289188 0.00637055 0.000175126 -0.000811355 0.000830153 0.000551834 0.000141547 -0.0108019 0.00469342 0.000344752 0.00561313 -0.0037134 0.00978927
internal_weight=101220 92376.2 1699.7 90676.5 36183.5 54493 52169.6 47468.2 855.02 4701.41 46613.2 3077.76 9292.82 2331.55
internal_count=3418520 3100452 56406 3044046 1194835 1849211 1837311 1660962 7400 176349 1653562 66417 709275 63128
cat_boundaries=0 2 3 4
cat_threshold=2093308816 2 541065472 2516713472
is_linear=0
shrinkage=0.03


Tree=225
num_leaves=15
num_cat=0
split_feature=23 22 21 5 15 11 16 23 16 11 7 18 16 7
split_gain=79.5453 87.8051 83.5624 98.3738 97.8469 118.957 90.6605 91.9933 81.6892 79.0573 88.308 74.2638 73.0354 103.25
threshold=0.63170179975524354 1634.6457357859533 0.016364070711896803 1.0000000180025095e-35 1.0000000180025095e-35 513.50000000000011 31.500000000000004 2.3334014405268877 14.500000000000002 4.5000000000000009 1.5000000000000002 670.50000000000011 16.500000000000004 23.500000000000004
decision_type=2 2 2 2 2 2 2 2 2 2 2 10 2 2
left_child=1 -1 3 -2 5 9 7 -6 -9 11 -11 -4 -7 -14
right_child=2 -3 4 -5 6 12 -8 8 -10 10 -12 -13 13 -15
leaf_value=0.00042335712649112792 0.0016567627191372111 0.0067540815526242739 -0.0028852933533900977 0.027906565274243039 -0.00036084927996597944 -0.0012745142476969103 0.0074802779587965895 -0.0013394120290460281 0.0084049295711663471 0.0018737671688676906 -0.0012380132951895753 -0.016861072424050282 -0.0068537818265219305 0.0052879164234749688
leaf_weight=5328.2014947459102 13364.57954686461 3129.2352432566695 1167.8172545717098 128.74279401823878 20440.662668232806 5765.2613187097013 1745.1794679295272 1194.9250416760333 2197.2712196910288 11843.326666613575 26731.789943637792 483.34195959707722 6928.6905698743649 692.68412782938685
leaf_count=198169 753793 69800 15936 1402 466275 400874 9448 8444 12489 104101 983742 4409 346946 44420
internal_value=-1.87285e-05 0.00276623 -0.000272883 0.00190927 -0.000644719 -0.00137309 0.000881973 0.000398514 0.00497303 -0.000557854 -0.000282611 -0.00698414 -0.0038226 -0.00574971
internal_weight=101142 8457.44 92684.3 13493.3 79191 53612.9 25578 23832.9 3392.2 40226.3 38575.1 1651.16 13386.6 7621.37
internal_count=3420248 267969 3152279 755195 2397084 1900428 496656 487208 20933 1108188 1087843 20345 792240 391366
is_linear=0
shrinkage=0.03


Tree=226
num_leaves=15
num_cat=2
split_feature=28 6 1 29 6 7 7 11 18 11 6 6 6 15
split_gain=77.456 87.3874 159.189 109.494 116.995 94.5572 261.628 235.405 139.186 170.704 107.542 103.075 103.005 127.258
threshold=0 5.5000000000000009 99.500000000000014 1 15.500000000000002 23.500000000000004 20.500000000000004 668.50000000000011 713.50000000000011 634.50000000000011 4.5000000000000009 4.5000000000000009 4.5000000000000009 1.0000000180025095e-35
decision_type=9 2 2 9 2 2 2 2 8 2 2 2 2 2
left_child=-1 5 3 4 -3 6 -2 -7 9 -8 -11 -9 -10 -14
right_child=1 2 -4 -5 -6 7 8 11 12 10 -12 -13 13 -15
leaf_value=-0.0012518225528370022 0.0029984905219275992 -0.014501526604690122 0.00061604419262741928 0.00010689295947111552 -0.003835056121342138 -0.024061359921509966 -0.012717061524551107 -0.0094118183304473229 -0.0030472337752891006 0.0023799674261594009 0.11130901053950436 0.034886926899100321 -0.028543648761393991 0.038935221873296323
leaf_weight=30674.87366851978 15360.663531379076 1368.4167147937696 46464.300841692137 3165.4067075387575 2858.3310471049044 101.24431115225889 50.060918893199414 55.949840095592663 292.97189727716614 12.663585584843529 22.149822727078572 291.32000796962529 504.63074975600466 25.624295457731932
leaf_count=688825 396282 332133 1136675 277294 516405 5582 1627 6206 43113 1783 291 1780 11606 309
internal_value=6.50532e-06 0.000553546 -3.45377e-05 -0.00412338 -0.00727375 0.00244834 0.00207317 0.0160218 -0.0135648 0.0228236 0.0728583 0.0277433 -0.0173396 -0.0252156
internal_weight=101249 70573.7 53856.5 7392.15 4226.75 16717.3 16268.8 448.514 908.101 84.8743 34.8134 347.27 823.227 530.255
internal_count=3419911 2731086 2262507 1125832 848538 468579 455011 13568 58729 3701 2074 7986 55028 11915
cat_boundaries=0 1 2
cat_threshold=983060 8
is_linear=0
shrinkage=0.03


Tree=227
num_leaves=15
num_cat=1
split_feature=6 1 29 14 6 9 11 7 11 7 11 18 6 11
split_gain=76.0749 138.154 110.63 107.048 97.2415 93.5646 108.238 78.9604 222.817 201.056 143.47 192.116 139.968 105.899
threshold=5.5000000000000009 99.500000000000014 0 146.39565217391308 22.500000000000004 1.0000000180025095e-35 330.50000000000006 23.500000000000004 668.50000000000011 20.500000000000004 634.50000000000011 699.50000000000011 4.5000000000000009 694.50000000000011
decision_type=2 2 9 2 2 2 2 2 2 2 2 8 2 2
left_child=7 2 4 -3 -2 -5 -7 9 -9 -1 -11 -12 -10 -13
right_child=1 3 -4 5 -6 6 -8 8 12 10 11 13 -14 -15
leaf_value=0.0019153029131866103 -0.011016630088553307 0.0024241123746194496 -0.00041969439520518306 -0.0010853691456539534 -0.0019049925213655877 0.01126717608234107 0.0010241800161226702 -0.021717455310644555 -0.012670407788922543 -0.022902462550249202 0.058667293823300083 0.0027973614418930776 0.031908501806428603 -0.021865503372244719
leaf_weight=20353.107733257115 2673.0043092034757 12662.457429614384 3797.1403568226378 50548.181815709919 1740.9602686152793 1082.9914576495066 6473.3631187274586 127.6035901515279 77.556253770831972 501.62922959332354 43.069161229766905 440.99520041479263 334.89178983774036 241.88864156021737
leaf_count=473240 599454 402106 282441 1112609 290592 14953 147401 6714 7614 19784 2475 42055 2227 14715
internal_value=-6.71052e-05 -0.000502635 -0.00418592 -7.52097e-05 -0.00740728 -0.000619908 0.00249352 0.00148783 0.0128075 0.00120397 -0.0105817 -0.00204834 0.0235156 -0.00595783
internal_weight=101099 78978.1 8211.1 70767 4413.96 58104.5 7556.35 22120.7 540.052 21580.7 1227.58 725.953 412.448 682.884
internal_count=3418380 2849556 1172487 1677069 890046 1274963 162354 568824 16555 552269 79029 59245 9841 56770
cat_boundaries=0 1
cat_threshold=8
is_linear=0
shrinkage=0.03


Tree=228
num_leaves=15
num_cat=7
split_feature=23 21 28 11 27 29 14 30 23 28 28 21 1 27
split_gain=82.0362 83.2919 74.884 84.5098 77.3402 115.961 112.961 113.912 89.9308 196.409 120.357 95.4847 74.1357 88.2995
threshold=0.57719989237443914 0.50274725274725285 0 4.5000000000000009 1 2 70.785714285714292 3 1.2970652214409004 4 5 0.081939799331103694 99.500000000000014 6
decision_type=2 2 9 2 9 9 2 1 2 9 9 2 2 9
left_child=1 -1 3 -2 5 6 7 -4 9 -7 -10 -12 13 -6
right_child=2 -3 4 -5 12 8 -8 -9 10 -11 11 -13 -14 -15
leaf_value=0.0017371581964857553 -0.010397071756442975 0.01079644987525726 0.022190863042827011 -0.0010248283064362277 0.01690520385776818 0.024748389546473643 0.0030355577968732145 -0.012783370436912998 -0.024073074230020652 0.00079223013471961144 -0.0081332015999832814 0.0091445305458675887 0.00071479120071448387 -0.0024597525074655856
leaf_weight=5582.8168883767212 885.34007126931101 1091.2034559729509 727.20083501050249 37559.638990784297 205.4490516576916 353.44256787071936 906.38715617079288 90.832402506843209 236.38139435369521 2009.1957059376873 700.37357693025842 487.29975964035839 39465.686746439198 10695.301135824993
leaf_count=183242 8787 23238 43744 854389 1550 5944 12484 1822 2850 48945 8660 6259 1002017 1214560
internal_value=5.7178e-06 0.00321975 -0.000221731 -0.0012406 0.000479421 0.00384987 0.0102765 0.0184114 0.000901983 0.004493 -0.00504849 -0.00103376 0.000109865 -0.00208001
internal_weight=100997 6674.02 94322.5 38445 55877.6 5511.11 1724.42 818.033 3786.69 2362.64 1424.05 1187.67 50366.4 10900.8
internal_count=3418491 206480 3212011 863176 2348835 130708 58050 45566 72658 54889 17769 14919 2218127 1216110
cat_boundaries=0 1 3 4 5 6 7 8
cat_threshold=598132 704846346 1 44 12 1050752 1048576 272629760
is_linear=0
shrinkage=0.03


Tree=229
num_leaves=15
num_cat=2
split_feature=24 7 16 11 6 15 23 27 27 14 1 18 18 6
split_gain=77.0756 73.6285 71.0937 103.337 85.4499 68.3286 73.0738 64.1451 60.6542 90.6975 77.3292 65.9803 58.9283 57.9253
threshold=0.76486188065485239 7.5000000000000009 14.500000000000002 243.50000000000003 7.5000000000000009 1.5000000000000002 0.4768021282814397 0 1 99.029411764705898 124.50000000000001 3760.5000000000005 112.50000000000001 5.5000000000000009
decision_type=8 2 2 2 2 2 2 9 9 2 2 8 8 2
left_child=5 8 -3 4 -4 6 -1 -7 9 -2 11 -11 -10 -5
right_child=1 2 3 13 -6 7 -8 -9 12 10 -12 -13 -14 -15
leaf_value=0.0043368929589474537 -0.0089712288144398467 0.001546812514673113 -0.025493538452957817 0.0013699955385552667 0.0007536205042409889 -0.0015467634769616321 -0.0012411534665618081 0.0050025992695831474 -0.0011621803191524528 -0.014241437038473699 0.00093148032727278975 0.05136496319877569 0.0041874709468964801 -0.0030586182831220444
leaf_weight=2208.3173368428834 882.36917645297945 10811.140589082846 293.72621422039811 4488.7906976115191 179.60375303844921 2191.3014920065179 48846.530809837044 3469.7941165892407 2180.9499835905153 18.659142420627177 6581.1904027806595 48.212090723216534 12315.272973851301 6515.091568750795
leaf_count=73931 4974 645965 16380 171490 19962 26747 1533065 29633 68809 312 67213 249 351246 409479
internal_value=7.93884e-05 0.00101679 -0.000198857 -0.00184321 -0.0155535 -0.000653052 -0.000999801 0.00247374 0.00224683 6.02109e-05 0.00126018 0.0331186 0.00338026 -0.0012521
internal_weight=101031 44315 22288.4 11477.2 473.33 56715.9 51054.8 5661.1 22026.7 7530.43 6648.06 66.8712 14496.2 11003.9
internal_count=3419455 1756079 1263276 617311 36342 1663376 1606996 56380 492803 72748 67774 561 420055 580969
cat_boundaries=0 1 3
cat_threshold=1712783616 1750360516 2
is_linear=0
shrinkage=0.03


Tree=230
num_leaves=15
num_cat=1
split_feature=2 27 21 25 17 10 11 2 14 16 16 11 15 11
split_gain=67.5882 86.106 89.2983 150.181 69.0742 59.2598 154.892 73.6079 64.3155 63.0061 182.978 131.937 63.2944 57.5463
threshold=1693.5000000000002 0 0.94535355948399435 3.0489247311827961 40.500000000000007 1.0000000180025095e-35 124.50000000000001 146.00000000000003 114.66983695652176 109.00000000000001 62.500000000000007 200.50000000000003 1.0000000180025095e-35 694.50000000000011
decision_type=2 9 2 2 10 2 2 2 2 2 2 2 2 2
left_child=1 5 13 -4 -2 9 7 -7 -9 10 -1 -11 -13 -3
right_child=4 2 3 -5 -6 6 -8 8 -10 11 -12 12 -14 -15
leaf_value=-0.0043078668443669891 0.005162159339280421 0.00035419956972228229 0.028520278810842049 -0.0052762819626909754 -0.0065508472651471762 0.026953600826196258 0.0008313979094133132 0.15042501519740928 0.038490990661208216 0.010748409203073106 -0.026879705791503294 -0.0057968024265409469 0.0058965040416078963 -0.007981006434275793
leaf_weight=3985.5566344351973 3638.6162526160479 83832.75990990398 121.00112965144217 3954.1162800423335 516.69528757035732 34.000479139387608 370.52813947806135 9.9561815112829226 9.5794966854155046 715.90252413973212 350.834188926965 2293.0823032185435 508.20764532871544 751.15376437304076
leaf_count=189804 19142 2926998 1795 214224 2726 439 6919 110 79 3951 2973 14849 2642 32907
internal_value=-4.16878e-05 -0.000202308 7.1074e-05 -0.00426602 0.00370447 -0.00312637 0.00778135 0.0549853 0.100084 -0.00372025 -0.00613981 -0.00073624 -0.00367407 0.000280085
internal_weight=101092 96936.7 88659 4075.12 4155.31 8277.65 424.064 53.5362 19.5357 7853.58 4336.39 3517.19 2801.29 84583.9
internal_count=3419558 3397690 3175924 216019 21868 221766 7547 628 189 214219 192777 21442 17491 2959905
cat_boundaries=0 1
cat_threshold=24158601
is_linear=0
shrinkage=0.03


Tree=231
num_leaves=15
num_cat=1
split_feature=24 15 4 16 28 18 18 18 6 1 16 16 11 11
split_gain=78.9376 65.7531 58.4166 105.804 105.059 108.771 220.702 117.473 69.9313 78.3863 62.4459 62.3036 66.1384 211.052
threshold=0.76680592932036873 1.5000000000000002 1.0000000180025095e-35 12.500000000000002 0 1717.5000000000002 1683.5000000000002 1727.5000000000002 5.5000000000000009 99.500000000000014 10.500000000000002 28.500000000000004 294.50000000000006 230.50000000000003
decision_type=8 2 2 2 9 8 10 10 2 2 2 2 2 2
left_child=1 -1 4 -4 5 6 -2 -7 11 -10 -6 12 13 -5
right_child=2 -3 3 8 10 7 -8 -9 9 -11 -12 -13 -14 -15
leaf_value=-0.0011679311538163968 0.0049939295354419124 0.0022339147224411373 0.0021459151242580309 0.0030502660194696618 -0.0026739266267027445 0.029206875591152315 -0.02884867687081406 0.0038645927807060038 -0.0097374389261477498 -0.0022578579241850586 0.0017602653074349755 -0.010794595425280345 0.0043571034363261074 -0.018681187160087605
leaf_weight=51290.455365035567 5397.2560669351369 5678.976844112156 9831.1458942745812 1544.4384142049821 3830.2060873880982 335.27978277485818 178.19968897476792 323.18334131408483 1612.2539716071915 5780.5972650186159 11255.985052157193 400.21407930692658 2976.6144628253533 542.74287744192407
leaf_count=1616112 61448 56603 694847 40724 37479 12437 2184 2732 323104 300052 80681 65719 107073 17485
internal_value=-9.15739e-05 -0.000828786 0.00086276 -0.00019679 0.00199025 0.00526242 0.00390729 0.0167932 -0.00198819 -0.00389012 0.000633953 0.000585372 0.00148674 -0.00260694
internal_weight=100978 56969.4 44008.1 22688 21320.1 6233.92 5575.46 658.463 12856.9 7392.85 15086.2 5464.01 5063.8 2087.18
internal_count=3418680 1672715 1745965 1549004 196961 78801 63632 15169 854157 623156 118160 231001 165282 58209
cat_boundaries=0 1
cat_threshold=3670273
is_linear=0
shrinkage=0.03


Tree=232
num_leaves=15
num_cat=3
split_feature=20 27 11 9 15 11 18 17 11 27 27 12 4 18
split_gain=68.4118 126.794 81.6893 69.5573 66.5639 99.2162 121.249 100.622 110.818 136.981 94.5028 86.9515 168.232 139.616
threshold=23.422691397849466 0 4.5000000000000009 1.0000000180025095e-35 1.5000000000000002 233.50000000000003 238.50000000000003 28.500000000000004 112.50000000000001 1 2 0.7958333333333335 1.0000000180025095e-35 964.50000000000011
decision_type=2 9 2 2 2 2 8 10 2 9 9 2 2 10
left_child=1 -1 -2 -3 5 7 -7 8 9 -4 -6 -8 -13 -14
right_child=2 3 4 -5 10 6 11 -9 -10 -11 -12 12 13 -15
leaf_value=0.0079553470683700785 -0.0063373755219595929 -0.00020455542854095281 -0.022671002286927498 0.0070688375710870385 -0.0048688135326310214 -0.022728882902206947 -0.0024517507670465269 0.0049109215532405145 0.0027090148181581645 -0.0011157536345574616 0.0035561866782553432 0.0098296817574652102 0.0028106269218411513 -0.0027025551161751617
leaf_weight=2463.9176589329727 2061.178470515646 11559.465946065262 259.11007096897811 1317.2928870862816 1423.3000356317498 238.78201139182784 26494.159571200376 4505.3799654415343 8872.068408228457 15329.678023790941 7322.1275854450651 1504.2857822682709 6642.7997608752921 10942.468379574013
leaf_count=83965 27657 724729 2543 58078 28718 8663 281991 65845 282219 272971 63829 11156 600429 904552
internal_value=-0.000108174 0.00173663 -0.000438823 0.000539585 -0.000293204 -0.0005828 -0.00145155 0.000791503 3.25891e-05 -0.00149072 0.00218313 -0.0013396 0.000203996 -0.00061992
internal_weight=100936 15340.7 85595.3 12876.8 83534.2 74788.7 45822.5 28966.2 24460.9 15588.8 8745.43 45583.7 19089.6 17585.3
internal_count=3417345 866772 2550573 782807 2522916 2430369 1806791 623578 557733 275514 92547 1798128 1516137 1504981
cat_boundaries=0 1 2 3
cat_threshold=1241799180 4243456 1645502788
is_linear=0
shrinkage=0.03


Tree=233
num_leaves=15
num_cat=3
split_feature=18 28 8 6 10 27 27 11 4 8 21 11 1 6
split_gain=74.1351 71.6283 74.8162 83.7923 70.0662 130.873 130.316 92.9717 82.8138 107.251 137.903 107.973 127.199 94.6959
threshold=13.500000000000002 0 1.5000000000000002 2.5000000000000004 1.0000000180025095e-35 1 2 100.50000000000001 1.0000000180025095e-35 2.5000000000000004 0.027293358815097948 668.50000000000011 99.500000000000014 5.5000000000000009
decision_type=8 9 2 2 2 9 9 2 2 2 2 2 2 2
left_child=-1 -2 3 -3 5 -4 7 -6 -8 10 -10 12 -11 -13
right_child=1 2 4 -5 6 -7 8 -9 9 11 -12 13 -14 -15
leaf_value=-0.0068947760554383094 -0.0010381951294944898 0.0091045318631359281 -0.010579629502621092 0.0017589148428476589 0.056218903380454467 -3.9050414872947615e-05 0.0079276671300202908 0.013572200195479441 0.035670185794685651 -0.013432996225654435 -0.00046705143942725507 0.022994849186050249 -0.00033986176962312955 -0.00018670391965951977
leaf_weight=1361.5509953419678 31275.408129177638 1536.8621872912627 1075.3942473283969 15338.483802844537 50.543919035233557 43884.083449232159 1490.4012087769806 443.26297737238929 163.67572360858321 904.13274314685259 224.69046579487622 272.37206211173907 2546.8981606401503 377.6965604366269
leaf_count=27187 703618 29169 22418 172044 541 2153941 13430 13742 1657 132098 3673 6067 109145 30346
internal_value=5.5563e-05 0.000150659 0.00069504 0.00242839 0.000126422 -0.000293764 0.0030442 0.0176847 0.00179987 -0.000231719 0.0148154 -0.00165991 -0.00377302 0.00954653
internal_weight=100945 99583.9 68308.5 16875.3 51433.2 44959.5 6473.67 493.807 5979.87 4489.47 388.366 4101.1 3451.03 650.069
internal_count=3419076 3391889 2688271 201213 2487058 2176359 310699 14283 296416 282986 5330 277656 241243 36413
cat_boundaries=0 1 2 3
cat_threshold=987156 542114560 194054144
is_linear=0
shrinkage=0.03


Tree=234
num_leaves=15
num_cat=1
split_feature=25 22 24 18 14 9 17 18 11 11 15 20 28 16
split_gain=70.9623 89.0751 67.3652 61.4976 78.0545 74.1756 60.7706 57.5592 56.7613 98.1468 52.7757 93.9264 55.8286 54.3348
threshold=31.13118279569893 11080.764467391307 0.48421571680680997 964.50000000000011 865.16666666666686 1.0000000180025095e-35 19.500000000000004 13.500000000000002 10.500000000000002 300.50000000000006 1.0000000180025095e-35 96.490209677419372 0 11.500000000000002
decision_type=2 2 8 10 2 2 8 8 2 2 2 2 9 2
left_child=1 2 6 4 5 7 -1 -4 -5 -10 11 12 -11 -12
right_child=-2 -3 3 8 -6 -7 -8 -9 9 10 13 -13 -14 -15
leaf_value=-0.0068021758421400258 -0.0023207616561695139 0.0087011021137339759 -0.0072329928509021974 -0.0084759217221891513 0.0070334492124718966 0.0048393822561822791 -0.00093676838190287633 0.00075835332136134077 0.0032619511021462341 -0.0017450700349621831 -0.0018124703107420164 -0.0033976089197675701 0.0094707767694160103 0.002439487845721545
leaf_weight=1804.984290089109 10414.964267889271 1119.2103375939187 828.23578908131458 778.40498389909044 2018.7732610739768 4081.5601773208473 13284.761978320312 37265.405555563746 5695.4649447670672 733.9435420720838 5160.0434448304586 11215.03484440851 864.94477687892504 5682.5589126346167
leaf_count=16028 373675 36094 17024 9234 10314 154160 402550 1390787 130951 53575 193116 533184 24388 75402
internal_value=2.42144e-05 0.000294003 0.000188674 0.00055971 0.00127223 0.000996304 -0.00163877 0.000584419 -0.000485396 -0.000273208 -0.00112442 -0.00242778 0.00437274 0.000415981
internal_weight=100948 90533.3 89414.1 74324.4 44194 42175.2 15089.7 38093.6 30130.4 29352 23656.5 12813.9 1598.89 10842.6
internal_count=3420482 3046807 3010713 2592135 1572285 1561971 418578 1407811 1019850 1010616 879665 611147 77963 268518
cat_boundaries=0 1
cat_threshold=1839745
is_linear=0
shrinkage=0.03


Tree=235
num_leaves=15
num_cat=5
split_feature=23 22 24 27 15 27 7 14 28 14 27 27 15 2
split_gain=72.6644 80.5329 79.8295 75.4643 74.6409 89.7353 63.9549 96.2878 67.5897 101.356 76.9676 67.0572 59.2482 58.9154
threshold=0.73202771777756481 1634.6457357859533 0.90122148172596062 0 1.5000000000000002 1 2.5000000000000004 154.40617848970257 2 149.34057971014497 3 4 1.0000000180025095e-35 1399.5000000000002
decision_type=2 2 8 9 2 9 2 2 9 2 9 9 2 2
left_child=1 -1 4 -4 6 -6 8 11 9 -2 -10 -8 -12 -9
right_child=2 -3 3 -5 5 -7 7 13 10 -11 12 -13 -14 -15
leaf_value=0.00012276093257770885 -0.00078228822668437832 0.0050415903775406804 0.0057434330250876776 0.0006193076028990261 -0.0056323133443776591 0.0036384857812063794 0.0017375605403026041 -0.004559188787360142 -0.006307882333115522 0.0048021031108398506 -0.00088015104584251188 -0.0016312487473677025 0.0090475294922699179 0.0060233350652116211
leaf_weight=7125.7270355288638 6346.7384157811757 5167.5568000556668 3090.969679820817 15623.516927644843 1105.659815990366 5963.796613965882 6882.0440124995075 10898.933031161083 2350.7357997242361 5424.28587744385 6477.2342922168318 23286.086028301041 589.33276945119724 494.13519547879696
leaf_count=262261 140955 123861 58872 875817 23124 51826 255338 152425 15367 33981 51420 1366947 3429 2868
internal_value=2.94655e-05 0.00219066 -0.000270648 0.00146929 -0.000737041 0.00218513 -0.00106629 -0.00175012 0.000275077 0.00178976 -0.00161835 -0.000862679 -5.09739e-05 -0.00409972
internal_weight=100827 12293.3 88533.5 18714.5 69819 7069.46 62749.5 41561.2 21188.3 11771 9417.3 30168.1 7066.57 11393.1
internal_count=3418491 386122 3032369 934689 2097680 74950 2022730 1777578 245152 174936 70216 1622285 54849 155293
cat_boundaries=0 2 3 4 5 6
cat_threshold=838930432 9 1647575360 3754757 571736236 1686444610
is_linear=0
shrinkage=0.03


Tree=236
num_leaves=15
num_cat=6
split_feature=28 27 8 27 20 16 16 27 11 7 27 10 16 30
split_gain=70.2305 107.883 83.572 75.6693 109.602 104.907 62.4093 197.748 128.526 66.286 65.5832 93.09 65.1695 60.8605
threshold=0 1 1.5000000000000002 2 50.85846451612904 14.500000000000002 25.500000000000004 3 32.500000000000007 2.5000000000000004 4 1.0000000180025095e-35 15.500000000000002 5
decision_type=9 9 2 9 2 2 2 9 2 2 9 2 2 1
left_child=1 -1 3 4 -2 -6 10 8 9 -8 11 12 -4 -12
right_child=2 -3 6 -5 5 -7 7 -9 -10 -11 13 -13 -14 -15
leaf_value=-0.0041183305559594043 0.014282586374632616 -0.00016232306400079327 -0.0034275704103270701 -0.00031308016518315045 -0.00078201525781840318 0.0061077421213792957 0.075861254054508234 0.00031570385882094066 -0.015860583167113061 -0.032835866006794022 0.0028014235953736856 0.021979015093275607 -0.017019814675493648 3.9655519266201949e-05
leaf_weight=7417.507103490876 907.10417416878045 37663.637630185578 1546.9109663353302 4657.1030013372656 3357.0348175941035 4879.2269452940673 19.997210211120549 3550.4752667450812 1084.7412260711426 6.012731834081932 10025.069391836645 110.41767065040767 398.71488848607987 25258.410327807534
leaf_count=163125 45580 820835 83139 97750 27993 25776 223 52412 280783 135 437727 2783 7316 1373137
internal_value=6.64654e-05 -0.000814078 0.000777854 0.0028033 0.00438602 0.00329978 0.000112473 -0.00316019 -0.0141367 0.0504483 0.000521084 -0.00467324 -0.00622033 0.000824983
internal_weight=100882 45081.1 55801.2 13800.5 9143.37 8236.26 42000.7 4661.23 1110.75 26.0099 37339.5 2056.04 1945.63 35283.5
internal_count=3418714 983960 2434754 197099 99349 53769 2237655 333553 281141 358 1904102 93238 90455 1810864
cat_boundaries=0 1 2 3 4 5 6
cat_threshold=995924 53871253 380045316 2151677952 28344656 6
is_linear=0
shrinkage=0.03


Tree=237
num_leaves=15
num_cat=2
split_feature=19 6 4 1 24 23 17 19 30 26 28 4 16 6
split_gain=70.4123 63.9332 94.9022 82.9669 64.7111 57.4551 56.8735 56.1808 51.0326 60.4333 57.4437 56.4207 87.3874 122.736
threshold=0.967204301075269 2.5000000000000004 1.0000000180025095e-35 99.500000000000014 0.60301136015731871 2.4115619744127601 20.500000000000004 0.081720430107526901 0 60.500000000000007 1 1.0000000180025095e-35 4.5000000000000009 5.5000000000000009
decision_type=2 2 2 2 8 2 8 2 1 2 9 2 2 2
left_child=1 2 5 -4 6 7 -3 -1 -6 10 11 -10 -13 -14
right_child=-2 4 3 -5 8 -7 -8 -9 9 -11 -12 12 13 -15
leaf_value=0.012387952738734475 -0.0031942239711721366 -0.004484763994893985 -0.019504652142688532 -0.00014672478814459954 0.0015072647222927615 0.014638866975614867 -0.00067642203231775577 0.0024776908350237982 0.002872979606420468 -0.0081917131886486971 -0.0012659264088263921 0.0066084873840247249 0.0028360551277684292 -0.004598409612825617
leaf_weight=615.08957209857181 5992.3164234262658 4192.844273988856 246.72252294502687 1018.7335298263934 25957.664689014666 531.40270086750388 22273.703619274893 3137.5446545714512 8755.6299127191305 837.25334224803373 17654.065616406384 1355.3642446585 3345.275585759664 4961.4533224748448
leaf_count=19867 259298 42026 79133 73373 816096 2637 688013 23202 74913 50104 394536 144154 98530 652525
internal_value=-4.05888e-05 0.00015861 0.00328274 -0.00393331 -3.54991e-05 0.0054147 -0.00127989 0.00410494 0.000488394 -0.000228533 -4.35428e-05 0.00112824 -0.000451786 -0.00160443
internal_weight=100875 94882.7 5549.49 1265.46 89333.3 4284.04 26466.5 3752.63 62866.7 36909 36071.8 18417.7 9662.09 8306.73
internal_count=3418407 3159109 198212 152506 2960897 45706 730039 43069 2230858 1414762 1364658 970122 895209 751055
cat_boundaries=0 1 2
cat_threshold=6 527111
is_linear=0
shrinkage=0.03


Tree=238
num_leaves=15
num_cat=0
split_feature=19 25 25 16 10 7 4 8 1 11 16 14 11 12
split_gain=64.3914 126.283 202.789 173.034 66.0693 98.0862 91.6667 109.813 84.077 149.93 106.999 75.879 74.6144 72.5974
threshold=0.98387096774193561 2.9838709677419359 3.1311827956989249 11.500000000000002 1.0000000180025095e-35 2.5000000000000004 1.0000000180025095e-35 5.5000000000000009 99.500000000000014 668.50000000000011 23.500000000000004 149.34057971014497 546.50000000000011 0.71130952380952395
decision_type=2 2 2 2 2 2 2 2 2 2 2 2 2 2
left_child=4 -2 3 -3 -1 -6 7 -7 9 12 -11 -10 -8 -9
right_child=1 2 -4 -5 5 6 8 13 11 10 -12 -13 -14 -15
leaf_value=-0.00016320247434891425 -0.03023896137111912 -0.032343257229173923 -0.0043074461530097936 0.034104553437431476 0.021571620487152839 0.0026044181054951979 -0.0032209160792719791 0.0046013178858920921 0.0032196608006794729 -0.01305640528157472 0.028332597554158373 -0.0051641991463622717 -0.019823727122522061 0.021751141091009975
leaf_weight=85776.275147623732 153.63381925120484 41.378669884055853 3955.0150506283389 213.68939756182954 232.51773537648842 2307.1802022280172 443.91142113076057 372.89395388029516 4730.2311593114864 85.862349222647026 159.22413438139483 1221.7005670582876 540.14547650888562 550.93092348985374
leaf_count=2843211 2114 498 178592 2385 1882 15905 46563 5599 164825 17919 4774 32035 95607 6188
internal_value=-4.78855e-05 -0.00361193 -0.00263331 0.0232408 0.000113448 0.00234256 0.00191112 0.00610674 2.27794e-05 -0.00711713 0.0138385 0.0014982 -0.012345 0.0148412
internal_weight=100785 4363.72 4210.08 255.068 96420.9 10644.6 10412.1 3231.01 7181.08 1229.14 245.086 5951.93 984.057 923.825
internal_count=3418097 183589 181475 2883 3234508 391297 389415 27692 361723 164863 22693 196860 142170 11787
is_linear=0
shrinkage=0.03


Tree=239
num_leaves=15
num_cat=2
split_feature=6 1 27 16 27 16 6 18 7 6 16 7 11 7
split_gain=68.9575 140.898 122.887 106.372 100.851 303.872 130.098 115.713 92.0669 84.5914 78.4764 74.2205 219.597 217.548
threshold=5.5000000000000009 99.500000000000014 0 7.5000000000000009 1 14.500000000000002 27.500000000000004 1002.5000000000001 2.5000000000000004 13.500000000000002 23.500000000000004 23.500000000000004 668.50000000000011 20.500000000000004
decision_type=2 2 9 2 9 2 2 10 2 2 2 2 2 2
left_child=11 2 -2 -4 5 7 -6 -3 -7 -5 -10 13 -13 -1
right_child=1 4 3 9 6 8 -8 -9 10 -11 -12 12 -14 -15
leaf_value=0.0020144684580598489 0.016198530082673315 0.0091384855548392162 -0.00034313435268632327 -0.012815087816029021 5.3880586773328947e-05 0.0051971008526892843 -0.0041332610869975828 0.0025307995974845048 -0.0017352684510717482 -0.0045498166055303602 -0.0091059651669056722 -0.021923192698145414 0.023035192084010291 -0.011010098556005926
leaf_weight=20271.994862583699 250.23327008262277 4488.665350201074 3029.4005191023462 1735.2457827699836 45747.476419643499 1189.9395631435327 7819.0906001934782 5090.9323592381552 4421.8888989209663 3117.2057748730294 1840.8564485211391 126.8964503381867 415.62884953944013 1222.8578191711567
leaf_count=472590 1655 246562 363343 365035 422648 16355 211757 334637 349989 442547 95138 6714 9942 79140
internal_value=6.66138e-05 -0.000348589 -0.0040877 -0.00474825 8.21607e-05 0.00209221 -0.000557277 0.00562756 -0.00244944 -0.00750752 -0.0039029 0.00154992 0.0124985 0.00127301
internal_weight=100768 78730.9 8132.09 7881.85 70598.8 17032.3 53566.6 9579.6 7452.68 4852.45 6262.75 22037.4 542.525 21494.9
internal_count=3418052 2849666 1172580 1170925 1677086 1042681 634405 581199 461482 807582 445127 568386 16656 551730
cat_boundaries=0 1 3
cat_threshold=268435456 3363919938 9
is_linear=0
shrinkage=0.03


Tree=240
num_leaves=15
num_cat=6
split_feature=25 5 27 27 22 18 27 11 16 27 28 29 22 25
split_gain=69.9419 72.9901 133.509 74.8065 61.017 62.4078 132.855 108.075 78.3391 68.6006 77.7458 67.2791 65.4022 62.0842
threshold=36.885483870967747 1.0000000180025095e-35 0 1 11080.764467391307 955.50000000000011 2 4.5000000000000009 379.50000000000006 3 4 5 215.8428043478261 3.1311827956989249
decision_type=2 2 9 9 2 10 9 2 2 9 9 9 2 2
left_child=1 2 -1 -3 5 8 -7 -8 9 10 11 12 -4 -6
right_child=-2 3 4 -5 13 6 7 -9 -10 -11 -12 -13 -14 -15
leaf_value=-0.025256243813205216 -0.0027648511051625324 0.0032076973401680949 0.020154551152729693 0.018362950221027904 0.02458799386193445 0.00073261605794717305 -0.016310445864465888 -0.0025172755560456221 0.007954108520543816 0.00016620836548239773 0.00064073985629930998 0.0033366307002915974 0.0041926632408740231 0.0041898679086533833
leaf_weight=175.31989138363861 7466.7420119899325 2187.3945398414508 602.75994321890175 330.60708725918084 149.80948639777489 19471.761874240823 528.30985631933436 15030.967609569198 1308.3933001607656 47669.640341575723 3044.6341987072956 1253.0016424395144 375.25912197725847 1233.2304342142306
leaf_count=4073 272344 11035 34550 1733 2554 370204 7618 834093 6617 1667111 108639 42917 7256 47926
internal_value=2.88907e-05 0.000252353 0.000112671 0.00528967 0.000164771 6.78931e-05 -0.000919144 -0.00298472 0.000705218 0.000525935 0.00376825 0.00801221 0.0138987 0.00641554
internal_weight=100828 93361.1 90843.1 2518 90667.8 89284.7 35031 15559.3 54253.7 52945.3 5275.65 2231.02 978.019 1383.04
internal_count=3418670 3146326 3133558 12768 3129485 3079005 1211915 841711 1867090 1860473 193362 84723 41806 50480
cat_boundaries=0 1 2 4 6 7 8
cat_threshold=536871170 1679884288 1417758864 8 1243701316 10 2654851 12
is_linear=0
shrinkage=0.03


Tree=241
num_leaves=15
num_cat=1
split_feature=28 6 1 16 12 16 14 10 26 7 7 11 7 11
split_gain=68.7767 63.0147 134.802 122.482 112.203 90.2259 68.1121 97.4346 74.0972 70.5423 62.6859 192.016 184.84 123.932
threshold=0 5.5000000000000009 99.500000000000014 6.5000000000000009 0.92153846153846175 23.500000000000004 142.52557544757036 1.0000000180025095e-35 8.5000000000000018 9.5000000000000018 23.500000000000004 664.50000000000011 20.500000000000004 634.50000000000011
decision_type=9 2 2 2 2 2 2 2 2 2 2 2 2 2
left_child=-1 10 3 -3 -5 -6 -4 9 -9 -8 12 -12 -2 -14
right_child=1 2 6 4 5 -7 7 8 -10 -11 11 -13 13 -15
leaf_value=-0.0013963543753793546 0.0024245450818247668 0.0014301295819713557 0.002738150179523858 0.0033753751333465724 -0.0072916862815768412 -0.022528431582798127 0.00038344788315396584 0.0040758132327941548 0.035065293191338574 -0.0024237653503403817 -0.02533689935508043 0.02323468641576162 -0.024089228644416438 -0.0016857509578106127
leaf_weight=26321.518061113893 15995.816901536193 2556.7627543951385 9597.6722721119877 825.25701698660851 3608.8398710431065 386.70962701435201 24717.40890321089 3434.3937184170354 69.897512906696647 11950.921479288489 91.689606308238581 349.95532627298962 395.48855804279447 505.99050067609642
leaf_count=601214 406555 311156 309517 7971 740616 71601 254807 70229 1409 569871 4698 9247 16040 44976
internal_value=-7.85009e-05 0.000387339 -9.32514e-05 -0.00387737 -0.00669197 -0.00877164 0.000467744 -7.47348e-05 0.00470376 -0.000531519 0.00197147 0.0131163 0.00167941 -0.0115302
internal_weight=100808 74486.8 57147.9 7377.57 4820.81 3995.55 49770.3 40172.6 3504.29 36668.3 17338.9 441.645 16897.3 901.479
internal_count=3419907 2818693 2337177 1131344 820188 812217 1205833 896316 71638 824678 481516 13945 467571 61016
cat_boundaries=0 1
cat_threshold=589844
is_linear=0
shrinkage=0.03


Tree=242
num_leaves=15
num_cat=4
split_feature=20 11 27 11 11 27 15 27 9 27 9 11 1 6
split_gain=65.7629 100.504 79.1765 68.6957 71.1639 111.01 69.285 71.1613 108.558 97.9752 92.2405 97.0673 200.197 185.396
threshold=5.7754784946236564 2.5000000000000004 0 518.50000000000011 513.50000000000011 1 1.0000000180025095e-35 2 1.0000000180025095e-35 3 1.0000000180025095e-35 668.50000000000011 146.00000000000003 5.5000000000000009
decision_type=2 2 9 2 2 9 2 9 2 9 2 2 2 2
left_child=2 -2 -1 4 -3 -6 7 8 -5 -10 -9 12 -12 -13
right_child=1 3 -4 6 5 -7 -8 10 9 -11 11 13 -14 -15
leaf_value=0.0078762634672547224 -0.0089616972211768297 0.00026551469852705288 0.0010207851991738239 0.0058327279754611834 0.030841014649146754 0.0021373478705113062 8.4940639455096048e-05 -0.0058926438131972928 -0.0093558902517690088 0.0095021399572458379 -0.016269433932856622 0.024023615528670914 0.0022200362740613451 -0.0032668011355003763
leaf_weight=1713.6010308354162 1200.8570356611162 56417.566972347908 12642.723505905364 1834.2718810341321 163.47870844230056 419.16579166334122 13742.118552301079 7611.6020085030468 1106.2058066241443 310.30173987476155 731.68417172587942 389.88723282027058 1877.224688381888 524.38415888370946
leaf_count=62823 17894 1403162 762537 120950 1642 7800 320690 406921 49165 4081 123532 9194 84092 44757
internal_value=-3.42873e-05 -0.000346953 0.00184576 -0.000225326 0.000373334 0.0107951 -0.00143847 -0.00289364 0.00101332 -0.00522001 -0.00403155 -2.16875e-05 -0.00296969 0.00838462
internal_weight=100685 86328.7 14356.3 85127.9 57000.2 582.645 28127.7 14385.6 3250.78 1416.51 11134.8 3523.18 2608.91 914.271
internal_count=3419240 2593880 825360 2575986 1412604 9442 1163382 842692 174196 53246 668496 261575 207624 53951
cat_boundaries=0 1 2 4 6
cat_threshold=1107302408 131072 1638240546 1 1092648992 1
is_linear=0
shrinkage=0.03


Tree=243
num_leaves=15
num_cat=2
split_feature=23 5 22 22 15 27 7 25 15 19 6 1 27 16
split_gain=65.0001 104.633 84.3587 68.6109 77.497 144.049 72.2696 75.3182 72.204 67.8594 67.5127 124.4 108.136 282.239
threshold=0.84097105387502846 1.0000000180025095e-35 1634.6457357859533 634.66382166746314 1.0000000180025095e-35 0 2.5000000000000004 2.4096774193548391 2.5000000000000004 0.60645161290322591 5.5000000000000009 146.00000000000003 1 25.500000000000004
decision_type=2 2 2 2 2 9 2 2 2 2 2 2 9 2
left_child=1 2 -1 -2 10 -6 -7 9 -9 -8 12 -12 13 -5
right_child=3 -3 -4 4 5 6 7 8 -10 -11 11 -13 -14 -15
leaf_value=-0.00081472308016727511 0.00084012017821823279 0.01265034577057019 0.0033309530912789074 0.0094107190106239632 -0.0030293461346579008 0.011894137229913324 0.00090491234127045158 0.0015174065848819675 0.0093189683899821824 -0.030329177650640596 -0.0088044938976723601 -0.0018443233662761753 -0.0020305880928169822 -0.014446217686412792
leaf_weight=9475.1296257402282 27228.922846336849 736.50766640342772 8274.5648022036767 2488.9710654690862 6203.495800482342 713.09164284495637 129.19415339641273 9163.4377924604341 1207.5922332503833 120.35405324096791 2529.4792850981466 26676.563120093197 5077.1382158689667 542.83731180417817
leaf_count=372100 1063191 4066 231765 12163 172811 6392 2599 179125 9009 1711 435534 711678 88846 126959
internal_value=-2.89594e-05 0.00157811 0.00111799 -0.000390916 -0.00100201 0.000642821 0.00265321 0.00203419 0.00242662 -0.0142198 -0.00177504 -0.00244741 0.000646627 0.00511896
internal_weight=100567 18486.2 17749.7 82081.1 54852.2 17537.2 11333.7 10620.6 10371 249.548 37315 29206 8108.95 3031.81
internal_count=3417949 607931 603865 2810018 1746827 371647 198836 192444 188134 4310 1375180 1147212 227968 139122
cat_boundaries=0 2 3
cat_threshold=1697972566 1 2695004196
is_linear=0
shrinkage=0.03


Tree=244
num_leaves=15
num_cat=1
split_feature=0 14 17 25 15 11 16 18 18 7 17 11 27 9
split_gain=62.5924 123.421 88.4337 67.402 58.9608 60.647 67.2757 56.7024 55.2618 52.8428 120.108 83.6586 112.662 103.625
threshold=187.50000000000003 180.15625000000003 37.500000000000007 38.819892473118287 1.0000000180025095e-35 200.50000000000003 334.50000000000006 13.500000000000002 1196.5000000000002 6.5000000000000009 30.500000000000004 112.50000000000001 0 1.0000000180025095e-35
decision_type=2 2 10 2 2 2 2 8 10 2 10 2 9 2
left_child=1 3 4 7 5 -2 -7 -1 -8 10 11 13 -13 -9
right_child=2 -3 -4 -5 -6 6 8 9 -10 -11 -12 12 -14 -15
leaf_value=-0.0058293486828410847 0.0096036543549419089 -0.003826934312489439 -0.0049661326390594519 -0.0032818898609480712 0.010719395258156589 -0.0027268998295877879 0.0079716899233131799 -0.00091105906027959249 0.00059470892639233318 -0.00028238709380973867 0.006214114821865656 0.0040824748055035822 -0.0043576302820485732 0.012733171206306517
leaf_weight=1333.123133797897 958.98440768942237 7934.4329714791384 1269.1301900073886 5021.0702068201499 915.65721913799644 2166.5892288461328 1668.1845686845481 18592.495728019858 2020.2348173931241 43545.85838731227 3949.6466723282356 9077.6597924232483 1679.8753937319852 513.83878652332351
leaf_count=26944 4840 82180 6726 228159 4496 12839 8826 401032 10768 2287910 51894 264424 17266 10660
internal_value=-1.67679e-05 -0.000251207 0.00237064 8.77449e-05 0.00357575 0.00261436 0.00146814 0.000302787 0.0039324 0.000408536 0.0012983 0.000647978 0.00276395 -0.000543469
internal_weight=100647 91648 8998.78 83713.6 7729.65 6813.99 5855.01 78692.5 3688.42 77359.4 33813.5 29863.9 10757.5 19106.3
internal_count=3418964 3370469 48495 3288289 41769 37273 32433 3060130 19594 3033186 745276 693382 281690 411692
cat_boundaries=0 1
cat_threshold=3710042112
is_linear=0
shrinkage=0.03


Tree=245
num_leaves=15
num_cat=4
split_feature=23 24 27 15 27 16 27 7 14 14 7 6 16 27
split_gain=63.29 56.8268 71.0912 66.5903 80.4307 72.2347 79.6829 76.309 65.4581 102.053 84.637 124.375 66.2816 62.0372
threshold=0.4768021282814397 0.91239199604374288 0 1.5000000000000002 1 11.500000000000002 2 11.500000000000002 99.029411764705898 105.59625668449199 15.500000000000002 5.5000000000000009 27.500000000000004 3
decision_type=2 8 9 2 9 2 9 2 2 2 2 2 2 9
left_child=-1 3 -3 -2 -5 6 -6 -7 10 -10 12 -12 13 -4
right_child=1 2 8 4 5 7 -8 -9 9 -11 11 -13 -14 -15
leaf_value=0.0035792486411531758 -0.00076897033605006853 0.0049463563117690228 -0.010914924233965029 -0.0059128246749406725 -0.020743688828523652 0.0083614373629101891 0.00063057848438875699 7.3654018699961689e-06 0.023517934052641014 0.0016335299400854905 0.036177541517024542 -0.0080678779151478267 -0.019719778824983131 -0.00093911441449124591
leaf_weight=4338.2419023172697 70252.863784730318 3943.8370214696042 621.4961258219555 970.76435224758461 157.19256429746747 2949.8586500552483 2348.7407876434736 1476.4237063089386 195.58125054091215 7864.7328250546707 123.65856917039491 105.07064129202627 196.99714579747524 5026.2856644002022
leaf_count=131207 2287203 100130 3046 23264 1500 17445 26013 15347 3085 310502 3309 18534 38657 439159
internal_value=3.51583e-05 -0.000124646 0.00139112 -0.000475259 0.00213543 0.00326698 -0.000798159 0.0055755 0.000395019 0.0021674 -0.00195647 0.015906 -0.00265811 -0.0020596
internal_weight=100572 96233.5 18077.7 78155.8 7902.98 6932.22 2505.93 4426.28 14133.8 8060.31 6073.51 228.729 5844.78 5647.78
internal_count=3418401 3287194 916422 2370772 83569 60305 27513 32792 816292 313587 502705 21843 480862 442205
cat_boundaries=0 2 3 4 5
cat_threshold=1912672264 9 1611948036 131072 1097856
is_linear=0
shrinkage=0.03


Tree=246
num_leaves=15
num_cat=3
split_feature=25 5 27 20 0 14 27 18 7 14 7 23 27 23
split_gain=62.2083 62.5887 121.207 81.0679 52.0136 115.253 67.186 60.493 60.1499 152.956 116.057 52.0663 49.5947 49.2674
threshold=38.114516129032268 1.0000000180025095e-35 0 50.85846451612904 187.50000000000003 180.15625000000003 1 1196.5000000000002 2.5000000000000004 298.04545454545456 1.5000000000000002 1.6344918225437655 2 0.87138996167299065
decision_type=2 2 9 2 2 2 9 10 2 2 2 2 9 2
left_child=1 2 -1 -3 5 12 -6 -8 9 10 -7 -10 -4 -5
right_child=-2 3 4 13 6 8 7 -9 11 -11 -12 -13 -14 -15
leaf_value=-0.026706109680586634 -0.0027231494281297194 0.021246011727010419 -0.0029676127188586724 0.0098110345261267929 0.047025808621692949 -0.025502779012711575 0.0047988179081578158 -0.00041645331432516112 -0.0065760994284281829 0.0048269807173311951 0.0084916325663818466 0.0035995458208503092 0.00043386333130459193 0.00019599604793579098
leaf_weight=140.66561327688396 6945.0373262144858 245.03007727768272 4065.5292398477904 687.50170286744833 19.357365645468235 300.35765923187137 4123.7918339110911 3888.5692497286946 4470.0564216859639 1606.1572341537103 128.52223311644047 502.89334226492792 71938.343172526686 1581.0630366057158
leaf_count=1316 255004 2472 180641 3345 195 2484 21177 20204 51672 10112 2367 3286 2857757 6978
internal_value=1.62051e-05 0.000219277 9.05179e-05 0.00488832 0.000135131 -8.79091e-05 0.00244025 0.00226517 -0.00376891 0.000575684 -0.0153196 -0.00554656 0.000251545 0.00311293
internal_weight=100643 93697.8 91184.2 2513.59 91043.6 83011.9 8031.72 8012.36 7007.99 2035.04 428.88 4972.95 76003.9 2268.56
internal_count=3419010 3164006 3151211 12795 3149895 3108319 41576 41381 69921 14963 4851 54958 3038398 10323
cat_boundaries=0 1 2 3
cat_threshold=536870912 10485760 24150803
is_linear=0
shrinkage=0.03


Tree=247
num_leaves=15
num_cat=2
split_feature=24 30 26 19 18 7 6 24 17 16 6 16 29 1
split_gain=57.7096 49.4251 71.1869 60.6659 43.6559 38.8215 47.0154 38.6867 35.9645 34.8993 38.8805 56.4236 60.9568 55.1464
threshold=0.68625537664598812 0 60.500000000000007 0.42634408602150548 1820.5000000000002 12.500000000000002 1.5000000000000002 0.93548605233537219 20.500000000000004 3.5000000000000004 5.5000000000000009 25.500000000000004 1 146.00000000000003
decision_type=8 1 2 2 10 2 2 10 8 2 2 2 9 2
left_child=8 5 3 -3 9 6 7 -2 -1 -5 11 12 -11 -12
right_child=1 2 -4 4 -6 -7 -8 -9 -10 10 13 -13 -14 -15
leaf_value=-0.0028296754528649463 0.0076064464158968467 0.0015657985663965453 -0.0085562478748487589 0.0045597475583755605 -0.004264881591785793 -7.6591797269691373e-05 0.0021662335944155967 0.029410971283003351 -0.00043441642620522408 0.0093704564592858256 -0.0083845469853087683 -0.0015634900929902631 -0.0038022682497667834 -0.0010124297422472517
leaf_weight=6703.8896092784125 463.72658819484059 14323.969679455971 875.237938209204 1187.3930053706281 3139.5569444069406 8017.8053696238203 16547.600143885356 86.296003660187125 35582.980182755506 1210.6432491764426 1015.1921568471007 1951.4468142658006 423.40374810714275 9016.6969780828804
leaf_count=75923 14776 589216 54088 65186 134860 415369 410548 688 1147307 6055 182757 82501 5781 233955
internal_value=2.93962e-05 0.000641721 -0.00011913 0.000109937 -0.00105222 0.00164513 0.00245344 0.0110746 -0.000814203 -0.000370688 -0.000800909 0.00188011 0.00599104 -0.00175922
internal_weight=100546 58259 33143.5 32268.3 17944.3 25115.4 17097.6 550.023 42286.9 14804.8 13617.4 3585.49 1634.05 10031.9
internal_count=3419010 2195780 1354399 1300311 711095 841381 426012 15464 1223230 576235 511049 94337 11836 416712
cat_boundaries=0 1 2
cat_threshold=6 8
is_linear=0
shrinkage=0.03


Tree=248
num_leaves=15
num_cat=4
split_feature=23 19 25 25 18 18 5 27 27 15 27 27 20 11
split_gain=66.5498 55.0044 117.902 172.156 168.42 53.3091 59.5319 109.445 81.5541 59.0697 90.8793 80.3193 128.146 104.866
threshold=0.25465251348176826 0.967204301075269 2.9838709677419359 3.5575268817204306 1717.5000000000002 3453.5000000000005 1.0000000180025095e-35 0 1 1.0000000180025095e-35 2 3 87.320325268817214 3.5000000000000004
decision_type=2 2 2 2 10 10 2 9 9 2 9 9 2 2
left_child=-1 5 -3 4 -4 6 7 -2 -8 11 -11 12 -9 -14
right_child=1 2 3 -5 -6 -7 8 9 -10 10 -12 -13 13 -15
leaf_value=0.0069260644302418066 -0.024457962016982811 -0.029532691102316527 -0.030717788695329214 -0.0033545660426525254 0.033884356802518618 -0.0032159583836149832 0.0027678320823635574 0.0094049623887334059 0.019749995553439943 0.0063839240736580337 0.00069750192156773272 -0.00093725507210520214 -0.0099514507910241877 0.0013786831972139755
leaf_weight=1214.3907224605791 152.36894683633 145.34242003317922 43.458831264637411 5537.8190819740994 200.99449739628471 4313.3753545491491 1968.1252695657313 1701.4503774894401 283.45779921021312 2837.5908610199112 22660.237851574551 48695.715976707637 791.86652508284897 10108.636866251938
leaf_count=32498 3632 2179 611 254753 2406 142731 9765 66139 1479 199397 300884 2153754 9290 239923
internal_value=-5.14184e-05 -0.000136698 -0.00293887 -0.00226542 0.0223211 4.09565e-05 0.000198484 7.37379e-05 0.00501355 0.000119888 0.00133333 -0.000384859 0.00174894 0.000554769
internal_weight=100655 99440.4 5927.61 5782.27 244.453 93512.8 89199.5 86947.9 2251.58 86795.5 25497.8 61297.7 12602 10900.5
internal_count=3419441 3386943 259949 257770 3017 3126994 2984263 2973019 11244 2969387 500281 2469106 315352 249213
cat_boundaries=0 1 2 4 6
cat_threshold=536871168 1686175744 2285979696 8 1134897248 1
is_linear=0
shrinkage=0.03


Tree=249
num_leaves=15
num_cat=3
split_feature=18 7 14 10 1 11 27 17 28 27 18 1 16 16
split_gain=57.0289 68.7793 123.271 108.075 78.4597 72.6169 248.406 104.186 119.61 113.293 201.92 95.0774 86.2215 98.1981
threshold=13.500000000000002 2.5000000000000004 154.11032388663969 1.0000000180025095e-35 1100.0000000000002 92.500000000000014 0 30.500000000000004 1 2 493.50000000000006 99.500000000000014 24.500000000000004 23.500000000000004
decision_type=8 2 2 2 2 2 9 10 9 9 10 2 2 2
left_child=-1 3 -3 5 -4 6 -2 8 9 10 -8 12 13 -11
right_child=1 2 4 -5 -6 -7 7 -9 -10 11 -12 -13 -14 -15
leaf_value=-0.0061627194427707399 -0.024922797781278306 0.00026334803399278537 -0.0030663554205874553 0.022297910527589834 0.0072273916394573808 0.0033733121408507198 0.016155021876224078 0.006955576351312491 -0.0040166202301718011 -0.0047028808235946417 -0.0089887191979463928 0.0015928720354589916 -0.015694440817581465 0.02829721251638518
leaf_weight=1344.8077394627035 340.14131457731128 55366.83131628565 16431.501676192041 218.97878140350804 693.65085545182228 8990.723281577928 1065.2880272944458 2024.8809128401335 5112.6674124710262 543.35647260840051 392.80164590850472 7307.4396485083271 589.05400025844574 94.373814526246861
leaf_count=27170 3102 2832267 208341 1668 3899 61072 47289 20463 42836 79174 6443 59531 21761 4032
internal_value=-2.86277e-05 5.46144e-05 -0.000424681 0.00135688 -0.00264901 0.00118275 5.52724e-05 0.000566896 -0.00028956 0.00162004 0.00931606 0.000294856 -0.00742948 0.000217258
internal_weight=100516 99171.7 72492 26679.7 17125.2 26460.7 17470 17129.9 15105 9992.31 1458.09 8534.22 1226.78 637.73
internal_count=3419048 3391878 3044507 347371 212240 345703 284631 281529 261066 218230 53732 164498 104967 83206
cat_boundaries=0 1 2 3
cat_threshold=541065216 2148483 33687552
is_linear=0
shrinkage=0.03


Tree=250
num_leaves=15
num_cat=4
split_feature=28 11 7 10 14 6 18 14 28 21 1 27 14 27
split_gain=53.8432 63.6564 58.0855 104.058 87.1294 81.0999 68.977 62.0959 62.0097 60.2038 58.081 57.2813 52.3157 56.9423
threshold=0 4.5000000000000009 2.5000000000000004 1.0000000180025095e-35 155.22000000000003 3.5000000000000004 112.50000000000001 149.34057971014497 1 0.032787864309603447 1399.5000000000002 2 99.029411764705898 3
decision_type=9 2 2 2 2 2 8 2 9 2 2 9 2 9
left_child=1 -1 3 5 6 -2 12 -7 -9 -5 -6 -8 -4 -14
right_child=2 -3 4 9 10 7 11 8 -10 -11 -12 -13 13 -15
leaf_value=-0.016791444120279542 0.0060635258832370939 -0.0013982006990351887 -0.01423947719572758 0.031663584501065989 -0.0027419788934581108 -0.00091492494915248698 -0.0042936266434659134 0.0056180282155408514 0.00073635768642573904 -0.0041131722149243466 0.0075758037529116166 0.00083671073254998189 -0.007018141392030732 0.0077643212869926148
leaf_weight=244.891562435776 2903.5484818588011 14508.155381754972 466.98794407839887 159.03382060443982 12691.178147433558 10537.368921428686 2037.8903855341487 3471.0068702064455 7186.0644653704949 57.267947372049093 509.84159407764673 44629.868813391775 696.8776722997427 340.69426545151509
leaf_count=2379 57144 342086 64907 1265 159219 221356 141434 21308 44290 519 2830 2336837 7099 16356
internal_value=1.95642e-05 -0.00165372 0.00030783 0.00154879 -0.000183766 0.00136236 0.000407967 0.00071807 0.00233266 0.022216 -0.00234295 0.000611851 -0.00591223 -0.00215423
internal_weight=100441 14753 85687.6 24314.3 61373.3 24098 48172.3 21194.4 10657.1 216.302 13201 46667.8 1504.56 1037.57
internal_count=3419029 344465 3074564 345882 2728682 344098 2566633 286954 65598 1784 162049 2478271 88362 23455
cat_boundaries=0 1 2 3 4
cat_threshold=262164 18945 24150993 1355235328
is_linear=0
shrinkage=0.03


Tree=251
num_leaves=15
num_cat=3
split_feature=23 22 22 11 7 16 27 17 7 27 15 27 16 6
split_gain=59.6431 106.033 73.9131 67.4196 77.2457 66.3565 163.572 86.7864 74.4671 65.0494 60.8244 56.0265 55.9555 55.8456
threshold=0.79835973027579177 6456.3045054347831 651.92153846153849 19.500000000000004 17.500000000000004 2.5000000000000004 0 28.500000000000004 2.5000000000000004 1 2.5000000000000004 2 11.500000000000002 5.5000000000000009
decision_type=2 2 2 2 2 2 9 10 2 9 2 9 2 2
left_child=1 -1 5 -4 9 6 -2 11 -9 10 13 -7 -6 -5
right_child=2 -3 3 4 12 7 -8 8 -10 -11 -12 -13 -14 -15
leaf_value=0.0010365046961229207 0.0081899071275336605 0.010834231019314156 -0.0059832874696404068 0.0027591563610375081 -0.0003638492440737815 2.4907608446613966e-06 -0.005423719407894041 0.010700293575429815 0.0021368416573223129 -0.001654404301880205 0.007140143518267388 0.0040143663135326817 -0.0051494611124940498 -0.00041095804669131374
leaf_weight=14852.916517294594 1015.1528376974165 1064.4444206980988 2280.8728204895742 6666.5679948749021 3668.7741312468424 15750.145485710469 3517.5573654542677 1592.5403681751341 2144.4389392258599 17330.674265552079 1253.6899943912867 3900.3724895920604 5488.1687023717677 20011.72963868361
leaf_count=498385 89846 24760 19935 128341 282008 762951 92247 13907 52444 321496 8292 71341 432531 620130
internal_value=7.64637e-06 0.00169235 -0.000309267 -0.000931433 -0.00071959 0.000954219 -0.00236756 0.00159808 0.0057881 -0.000211185 0.000684649 0.000801004 -0.00323233 0.000381287
internal_weight=100538 15917.4 84620.7 56700.5 54419.6 27920.2 4532.71 23387.5 3736.98 45262.7 27932 19650.5 9156.94 26678.3
internal_count=3418614 523145 2895469 1812733 1792798 1082736 182093 900643 66351 1078259 756763 834292 714539 748471
cat_boundaries=0 1 3 5
cat_threshold=2147487760 3129182400 9 2421606798 10
is_linear=0
shrinkage=0.03


Tree=252
num_leaves=15
num_cat=2
split_feature=1 27 18 9 14 19 25 25 18 3 16 17 11 29
split_gain=60.7667 62.7835 60.4558 99.21 75.9527 60.107 120.823 169.511 156.899 55.6929 85.7475 52.1341 52.0144 60.3877
threshold=1693.5000000000002 0 152.50000000000003 1.0000000180025095e-35 99.358974358974379 0.967204301075269 2.9838709677419359 3.376881720430108 1717.5000000000002 85.000000000000014 334.50000000000006 40.500000000000007 1.0000000180025095e-35 1
decision_type=2 9 8 2 2 2 2 2 10 2 2 10 2 9
left_child=1 2 3 4 -1 9 -7 8 -8 12 -11 -2 13 -3
right_child=11 5 -4 -5 -6 6 7 -9 -10 10 -12 -13 -14 -15
leaf_value=0.00026921223104068014 0.0047794061798041099 0.0011125314103059309 -0.0018822641661777155 0.052473794897915177 -0.020257685614750262 -0.030341548710498038 -0.030529547887052089 -0.0036023878595051475 0.033779017585898456 0.0085160675826277572 -0.057434952059054939 -0.0055964996859192576 0.00022403301894445394 -0.02082597257596288
leaf_weight=253.1909911967814 3645.2181006781757 229.29627269785851 7467.2922064450104 20.573091535829008 450.46305563556962 141.74415916984435 40.60817041946575 4607.1722233677283 193.21692705759779 973.26679644361138 17.084645718336105 494.1409357637167 81721.039948087651 217.45652799773961
leaf_count=2149 19114 9484 211710 365 9773 2169 556 230469 2371 7859 87 2632 2917774 2433
internal_value=-1.90289e-05 -0.000171982 -0.0026824 -0.0109554 -0.0128817 6.16532e-05 -0.00313847 -0.00233586 0.0225282 0.000253444 0.00732155 0.00353972 0.000168165 -0.010029
internal_weight=100472 96332.4 8191.52 724.227 703.654 88140.9 4982.74 4841 233.825 83158.1 990.351 4139.36 82167.8 446.753
internal_count=3418945 3397199 223997 12287 11922 3173202 235565 233396 2927 2937637 7946 21746 2929691 11917
cat_boundaries=0 1 2
cat_threshold=24126251 44
is_linear=0
shrinkage=0.03


Tree=253
num_leaves=15
num_cat=4
split_feature=23 7 14 10 16 29 15 27 18 28 27 19 16 1
split_gain=62.1296 54.2976 112.869 103.924 77.7783 119.782 87.1743 80.5159 76.7982 74.1973 71.747 164.397 111.972 88.5537
threshold=0.2142476120088572 2.5000000000000004 155.22000000000003 1.0000000180025095e-35 2.5000000000000004 0 1.0000000180025095e-35 1 112.50000000000001 2 3 0.081720430107526901 19.500000000000004 99.500000000000014
decision_type=2 2 2 2 2 9 2 9 8 9 9 2 2 2
left_child=-1 3 8 4 5 7 10 9 -3 -2 13 -12 -13 -6
right_child=1 2 -4 -5 6 -7 -8 -9 -10 -11 11 12 -14 -15
leaf_value=0.0080615349518460399 -0.022807709639493655 -0.0063939168760065905 -0.0027527743821604083 0.020887836642328749 -0.0090201496560523686 -0.010757725203166955 0.0075440655650688892 -0.0055352043208538029 0.00027812078146549038 0.01232203821177894 0.012659573907009817 -0.0015161817835218482 0.0038249072855411487 -0.00015151563506003189
leaf_weight=840.64773455890827 49.971262860111892 1597.8100536696147 16325.299006254645 233.46510142460465 1191.8477447947953 1245.7095124563202 1881.7873798343353 614.58864387776703 53789.966363171348 620.84424974489957 1205.6479328353889 7148.3619964858517 6982.0859637726098 6731.9889211116824
leaf_count=21730 1647 90590 202637 1864 108672 13328 12694 3610 2730155 45712 33770 49488 42840 60224
internal_value=-5.5145e-05 -0.000123719 -0.000560628 0.000999022 0.000830478 -0.00418113 0.00133516 0.00226182 8.55359e-05 0.00937936 0.000832544 0.00202941 0.00112302 -0.00148457
internal_weight=100460 99619.4 71713.1 27906.3 27672.8 2531.11 25141.7 1285.4 55387.8 670.816 23259.9 15336.1 14130.4 7923.84
internal_count=3418961 3397231 3023382 373849 371985 64297 307688 50969 2820745 47359 294994 126098 92328 168896
cat_boundaries=0 1 2 3 4
cat_threshold=44 2181038080 1733176 2286952748
is_linear=0
shrinkage=0.03


Tree=254
num_leaves=15
num_cat=1
split_feature=7 16 11 6 27 14 11 7 7 14 6 9 11 14
split_gain=50.2311 88.8483 110.46 124.892 151.711 134.714 158.981 242.915 150.323 168.019 114.958 134.464 104.436 132.419
threshold=6.5000000000000009 16.500000000000004 243.50000000000003 5.5000000000000009 0 141.55277777777781 668.50000000000011 20.500000000000004 15.500000000000002 105.59625668449199 4.5000000000000009 1.0000000180025095e-35 233.50000000000003 99.358974358974379
decision_type=2 2 2 2 9 2 2 2 2 2 2 2 2 2
left_child=-1 -2 12 5 -5 6 7 8 -4 -10 -8 -12 -3 -14
right_child=1 2 3 4 -6 -7 10 -9 9 -11 11 -13 13 -15
leaf_value=0.00058788486072940203 0.00045030077386385873 -0.0037457398884142628 0.0026804149163057946 -0.0094529906822126801 -0.0016625115329733421 -0.0025265942887707895 -0.012341919969718632 -0.020701562457649713 0.037452230930489619 0.0049511618102752245 -0.020269907149784872 0.036879448390410227 -0.030867216390615716 -0.0022615926895309287
leaf_weight=50701.160889643244 26148.472841447918 1014.4305488636019 3360.2516180214006 2925.403332247166 9686.56993372133 4647.9715075170388 69.828165905433707 356.66298640193418 253.97639983263798 327.23613960039802 41.687297539319843 296.06856560101733 364.81370834307745 242.26740616594907
leaf_count=906571 1426634 69732 111401 432506 217295 149895 9128 28815 6651 21870 634 1862 26643 9039
internal_value=-7.65959e-05 -0.000753975 -0.00208898 -0.00153095 -0.00347897 0.00109573 0.00467338 0.00297269 0.00511967 0.0191933 0.0225567 0.0297868 -0.00964268 -0.0194741
internal_weight=100437 49735.6 23587.2 21965.7 12612 9353.68 4705.71 4298.13 3941.46 581.213 407.584 337.756 1621.51 607.081
internal_count=3418676 2512105 1085471 980057 649801 330256 180361 168737 139922 28521 11624 2496 105414 35682
cat_boundaries=0 2
cat_threshold=2148663552 8
is_linear=0
shrinkage=0.03


Tree=255
num_leaves=15
num_cat=3
split_feature=0 14 17 19 23 27 25 5 27 27 14 14 15 7
split_gain=68.8993 107.688 89.1702 67.6075 57.564 68.2301 56.0408 55.7709 106.155 78.0725 56.8821 51.3488 50.5485 54.7561
threshold=187.50000000000003 180.15625000000003 37.500000000000007 0.065591397849462371 1.6597332572489651 0 30.262365591397852 1.0000000180025095e-35 1 2 148.12771739130437 150.12000000000003 1.0000000180025095e-35 1.5000000000000002
decision_type=2 2 10 2 2 9 2 2 9 9 2 2 2 2
left_child=1 6 3 -2 5 -3 7 8 -1 10 -9 -12 13 -5
right_child=2 4 -4 12 -6 -7 -8 9 -10 -11 11 -13 -14 -15
leaf_value=-0.025913924317902477 0.016338937644606033 0.0014422755802313263 -0.0048384145905387933 0.0047713906994104752 0.0046088608677429836 -0.0058611234157923469 -0.0022626083806642806 -0.012959277527387777 0.00025828441884048596 0.01907371463690603 0.0061616864777024605 -0.011495473922541712 0.0098975183411711375 -0.00073815445806496409
leaf_weight=128.74464877415448 363.90146609395742 1443.2559395772405 1270.759573917836 3480.8165669776499 701.90118184918538 5693.0203676328529 8193.7315141712315 185.93525217846036 73043.471532861935 297.34116623736918 1546.0321521610022 163.01397759094834 870.09373040497303 3041.3054843172431
leaf_count=1197 2065 21605 6731 17780 4475 56107 364107 875 2912154 1606 8154 738 4225 17794
internal_value=2.50391e-05 -0.000221925 0.00252528 0.00373221 -0.00358392 -0.00439026 9.34858e-05 0.00034967 0.000208375 0.00506336 0.00274104 0.00447176 0.00310948 0.00220254
internal_weight=100423 91396.4 9026.88 7756.12 7838.18 7136.28 83558.3 75364.5 73172.2 2192.32 1894.98 1709.05 7392.22 6522.12
internal_count=3419613 3371018 48595 41864 82187 77712 3288831 2924724 2913351 11373 9767 8892 39799 35574
cat_boundaries=0 1 2 3
cat_threshold=1217497120 536870912 1679884288
is_linear=0
shrinkage=0.03


Tree=256
num_leaves=15
num_cat=1
split_feature=23 21 15 16 23 16 22 16 11 11 16 18 28 6
split_gain=53.8451 83.3355 58.3149 79.3893 80.2048 68.735 60.588 78.4444 73.619 72.8299 58.6332 56.7938 58.3804 53.2472
threshold=0.73202771777756481 0.46995938843764934 1.0000000180025095e-35 31.500000000000004 2.3334014405268877 12.500000000000002 68.670027173913056 14.500000000000002 4.5000000000000009 513.50000000000011 7.5000000000000009 602.50000000000011 0 5.5000000000000009
decision_type=2 2 2 2 2 2 2 2 2 2 2 10 9 2
left_child=1 -1 6 4 -4 -6 7 -2 11 13 -11 12 -8 -10
right_child=2 -3 3 -5 5 -7 8 -9 9 10 -12 -13 -14 -15
leaf_value=0.00025880801429227929 0.0036329659715405205 0.0057184114316342358 -0.00021532688751334654 0.0072304414842590849 -0.0020221717564888027 0.0074496487194762179 0.0013913129677452867 -0.0012308610647420112 0.0017407828090439924 0.0014643135164593289 -0.0040335032529734346 -0.016155016937620746 -0.013987923313037177 -0.0010109854189484855
leaf_weight=8751.3430776500609 5766.5153838216793 3530.7327841718215 21580.063517167233 1660.5359936710447 963.67507962184027 2419.6303337092977 673.70780865103006 6183.6118448519846 8209.339456909569 2115.2332822224125 9984.199187201797 492.67464875103906 320.45128967589699 27614.321822964819
leaf_count=298650 338723 87465 548939 9089 7109 13720 9310 354562 171786 135869 608466 3988 2389 827243
internal_value=-3.20259e-05 0.00182862 -0.00029178 0.000880708 0.000458058 0.00475197 -0.000800524 0.00111628 -0.00126413 -0.00106007 -0.00307233 -0.00783622 -0.00370159 -0.00038036
internal_weight=100266 12282.1 87984 26623.9 24963.4 3383.31 61360.1 11950.1 49409.9 47923.1 12099.4 1486.83 994.159 35823.7
internal_count=3417308 386115 3031193 578857 569768 20829 2452336 693285 1759051 1743364 744335 15687 11699 999029
cat_boundaries=0 1
cat_threshold=608391
is_linear=0
shrinkage=0.03


Tree=257
num_leaves=15
num_cat=5
split_feature=9 27 11 7 27 27 11 27 11 15 14 11 27 8
split_gain=53.7521 98.4755 90.9055 87.1933 85.6501 83.9273 74.1357 61.3182 98.1409 83.1942 81.0098 63.4906 203.508 61.3233
threshold=1.0000000180025095e-35 0 694.50000000000011 2.5000000000000004 1 2 64.500000000000014 3 518.50000000000011 2.5000000000000004 1.0000000180025095e-35 507.50000000000006 4 8.5000000000000018
decision_type=2 9 2 2 9 9 2 9 2 2 2 2 9 2
left_child=2 3 5 -2 -4 -1 -3 10 11 -10 -7 13 -13 -9
right_child=1 6 4 -5 -6 7 -8 8 9 -11 -12 12 -14 -15
leaf_value=-0.024425966990768166 0.01972115533063273 0.034574568684762018 -0.026838455224266894 -0.00037625832148085526 -0.00083652232232784803 -0.040299932101503136 0.0048037763472549826 1.3667813325931668e-05 -0.0030049277882960063 0.0042796355805897026 0.0033151201533535252 0.026557579251980962 -0.0016712427209979192 0.050754500850375875
leaf_weight=117.92470006924123 197.09811899834312 75.590441620908678 214.08608547854237 10099.85608802631 243.88092362554744 37.623808965086937 4515.6353707690723 60840.768269037828 16229.521809536265 1544.4769637587015 5070.9063168643042 328.92116793082096 712.8215715396218 20.443999439477921
leaf_count=3489 1708 607 13911 522557 7286 159 67896 1822647 688196 8893 263778 9629 7889 157
internal_value=-2.10909e-05 0.00164221 -0.000311209 1.0302e-05 -0.0136266 -0.000239226 0.00528983 -0.000202394 -0.000406833 -0.00237173 0.00298024 0.000157304 0.00749734 3.15459e-05
internal_weight=100250 14888.2 85361.4 10297 457.967 84903.4 4591.23 84785.5 79677 17774 5108.53 61903 1041.74 60861.2
internal_count=3418802 592768 2826034 524265 21197 2804837 68503 2801348 2537411 697089 263937 1840322 17518 1822804
cat_boundaries=0 2 3 4 6 7
cat_threshold=3297177644 3 2315255808 536871168 1082163200 11 2147622912
is_linear=0
shrinkage=0.03


Tree=258
num_leaves=15
num_cat=0
split_feature=19 25 25 18 18 11 18 1 1 1 17 16 9 14
split_gain=52.6047 108.672 160.7 150.056 54.4268 61.0842 150.76 106.186 219.156 76.2731 75.6894 75.0144 64.7947 82.0132
threshold=0.98387096774193561 2.9838709677419359 3.1311827956989249 1717.5000000000002 13.500000000000002 233.50000000000003 238.50000000000003 299.00000000000006 239.00000000000003 99.500000000000014 37.500000000000007 35.500000000000007 1.0000000180025095e-35 98.763157894736864
decision_type=2 2 2 10 8 2 8 2 2 2 10 2 2 2
left_child=4 -2 3 -3 -1 7 9 8 11 -7 -8 12 -6 -14
right_child=1 2 -4 -5 5 6 10 -9 -10 -11 -12 -13 13 -15
leaf_value=-0.0058906516502392411 -0.029431125730197866 -0.032002505673695669 -0.0038564580160668238 0.033547704542118861 0.00058486515808366612 -0.03485094986056838 2.7469207844230946e-05 0.0077506463967628265 -0.023781014208427445 -0.0015254864009863135 -0.0037970035893149473 0.016871147939989256 -0.012600890039856096 0.0096907835070292204
leaf_weight=1346.3814253637102 137.7756764421938 37.062786235008389 3870.8225760654313 183.27645359281451 30862.471139197936 170.55576070176903 54357.236135859624 2079.2207400836051 323.23210572823882 96.771284212358296 5092.7277629323071 265.03252670262009 167.28260930650868 1272.4565303662093
leaf_count=27193 2108 491 178493 2344 841128 8025 2123072 10523 2799 2620 181257 1770 8804 28028
internal_value=-4.78001e-05 -0.00332201 -0.00243577 0.0224269 9.64165e-05 0.00018161 -0.000401481 0.00117733 0.000761564 -0.0228379 -0.000300209 0.00100587 0.000875184 0.00709378
internal_weight=100262 4228.94 4091.16 220.339 96033.4 94687 59717.3 34969.7 32890.5 267.327 59450 32567.2 32302.2 1439.74
internal_count=3418655 183436 181328 2835 3235219 3208026 2314974 893052 882529 10645 2304329 879730 877960 36832
is_linear=0
shrinkage=0.03


Tree=259
num_leaves=15
num_cat=4
split_feature=28 11 23 24 4 16 27 12 2 28 16 16 22 27
split_gain=59.2721 57.7181 48.8101 46.5957 54.7832 121.023 130.165 103.901 99.1643 69.15 78.9038 65.695 61.2572 50.0214
threshold=0 4.5000000000000009 0.1563139714322955 0.60301136015731871 1.0000000180025095e-35 9.5000000000000018 1 0.94281045751633996 99.500000000000014 2 3.5000000000000004 28.500000000000004 52.937804347826095 3
decision_type=9 2 2 8 2 2 9 2 2 9 2 2 2 9
left_child=1 -1 -2 -4 7 6 8 9 -6 12 -11 13 -5 -7
right_child=2 -3 3 4 5 11 -8 -9 -10 10 -12 -13 -14 -15
leaf_value=-0.015974320771004882 0.011196996016126205 -0.0013999883961878211 -0.00071621884998191473 0.01272539308423626 0.00050071973738399073 -0.0049327659749090463 -0.0027390011507766382 0.025690313210555277 0.0080656812782460147 -0.0054315113418621575 0.0010474267374260212 -0.0097951474798850004 0.002823812928492916 -0.00049541245910472405
leaf_weight=247.76358887553215 375.14184357924387 14500.308163399575 25199.209496033611 589.53648298420012 2633.3407858158462 2696.1579790627584 2825.7889015912078 160.1027843952179 3823.7790318480693 1866.6799791306257 17957.720342986286 834.56900803546887 11820.294554291293 14761.246552712983
leaf_count=2384 10152 341930 754428 35719 326631 61688 158066 1523 214319 18439 137159 100446 93321 1163377
internal_value=0.000110976 -0.00164478 0.000413836 0.000366257 0.00082112 -0.000161667 0.00262805 0.00165767 0.0049734 0.00153751 0.000436902 -0.00157747 0.00329253 -0.00118408
internal_weight=100292 14748.1 85543.6 85168.4 59969.2 27574.9 9282.91 32394.3 6457.12 32234.2 19824.4 18292 12409.8 17457.4
internal_count=3419582 344314 3075268 3065116 2310688 2024527 699016 286161 540950 284638 155598 1325511 129040 1225065
cat_boundaries=0 1 2 3 4
cat_threshold=262164 3356557312 3688833 68157696
is_linear=0
shrinkage=0.03


Tree=260
num_leaves=15
num_cat=2
split_feature=24 30 26 28 4 16 6 16 1 19 12 11 11 11
split_gain=55.8105 54.5353 59.4369 51.6858 50.5768 120.156 93.8311 147.46 87.6754 84.5549 81.2239 56.2371 214.05 149.52
threshold=0.60301136015731871 0 60.500000000000007 1 1.0000000180025095e-35 25.500000000000004 5.5000000000000009 18.500000000000004 124.50000000000001 0.91827956989247317 0.94281045751633996 660.50000000000011 607.50000000000011 694.50000000000011
decision_type=8 1 2 9 2 2 2 2 2 2 2 2 2 2
left_child=-1 -2 3 -3 10 6 9 -8 -7 11 -5 12 -6 -13
right_child=1 2 -4 4 5 8 7 -9 -10 -11 -12 13 -14 -15
leaf_value=-0.0010345474089772436 0.0015111802296759215 -0.0014489430163977719 -0.0079726760381308142 0.0018570057644018906 0.0041150797103249939 -0.024197945049869635 0.00065779294809355129 -0.0090564268243173707 -0.0045148363627747993 0.018491836695027793 0.034510494636769709 0.034597999612167737 -0.026313489052681278 -0.012426524593401172
leaf_weight=29364.601798008196 29326.610119147692 14512.99613204354 861.12827415915672 13879.617750747595 2482.4622286707163 304.14086564385798 6275.0228951440658 1811.5840598042123 614.35390941007063 345.87966817896813 67.903619598597288 155.14850344602019 226.09109470061958 99.038078333251178
leaf_count=837724 933184 341733 53947 124251 12398 95807 690531 247995 75327 2309 666 919 1944 854
internal_value=6.53788e-05 0.000520545 -0.000177567 -1.27907e-05 0.000781163 -0.000619696 0.000222057 -0.00151926 -0.0110517 0.0044772 0.00201844 0.0028354 0.00156634 0.0162991
internal_weight=100327 70962 41635.4 40774.2 26261.2 12313.7 11395.2 8086.61 918.495 3308.62 13947.5 2962.74 2708.55 254.187
internal_count=3419589 2581865 1648681 1594734 1253001 1128084 956950 938526 171134 18424 124917 16115 14342 1773
cat_boundaries=0 1 2
cat_threshold=6 1250008
is_linear=0
shrinkage=0.03


Tree=261
num_leaves=15
num_cat=3
split_feature=20 5 27 11 9 15 11 18 11 27 25 27 14 18
split_gain=50.5899 85.3293 66.7003 60.3597 57.1606 53.5906 63.1816 98.8343 97.6277 154.381 88.7372 70.9699 70.9216 64.9259
threshold=5.7754784946236564 1.0000000180025095e-35 0 1.5000000000000002 1.5000000000000002 1.5000000000000002 233.50000000000003 238.50000000000003 132.50000000000003 1 6.1801075268817209 2 99.029411764705898 1542.5000000000002
decision_type=2 2 9 2 2 2 2 8 2 9 2 9 2 10
left_child=1 2 -1 -2 -4 6 8 12 9 -5 -11 -9 -8 -13
right_child=3 -3 4 5 -6 -7 7 11 -10 10 -12 13 -14 -15
leaf_value=0.0065945999931886316 -0.0087832954925361455 0.021472169456918943 0.00035436524469657711 -0.021243370784108442 0.027660840683290843 0.0019450146990004178 -0.034742659543281526 -0.0045012114647071154 0.0032061642324961331 0.0021614007775786195 -0.0017868793595447979 0.00010744661602049117 -0.00016754687926918299 -0.00246885699262781
leaf_weight=1857.4932906855829 754.6888707249891 190.57012667320669 12194.358117272262 308.49309636838734 68.386352314264514 8832.1937658144161 134.55079616291914 4994.9269714225084 8767.0073809630703 8441.2777848530095 13029.524001913844 27597.344874398666 88.11151603423059 12926.718688697903
leaf_count=63833 11441 2078 755324 3307 3086 93519 6200 161655 269764 165129 219533 1131737 2645 527663
internal_value=-6.68864e-05 0.00158445 0.00131454 -0.000342092 0.000508475 -0.000267148 -0.000523282 -0.0012288 0.000533197 -0.000542873 -0.00023447 -0.00113102 -0.0211226 -0.00071423
internal_weight=100186 14310.8 14120.2 85874.8 12262.7 85120.1 76288 45741.7 30546.3 21779.3 21470.8 45519 222.662 40524.1
internal_count=3416914 824321 822243 2592593 758410 2581152 2487633 1829900 657733 387969 384662 1821055 8845 1659400
cat_boundaries=0 2 3 4
cat_threshold=1111492632 8 4210688 53872652
is_linear=0
shrinkage=0.03


Tree=262
num_leaves=15
num_cat=3
split_feature=28 11 6 1 27 16 7 27 16 16 19 21 16 16
split_gain=49.0429 51.6223 47.6568 125.413 128.656 112.005 83.5775 70.8563 254.727 86.1902 80.9523 76.2205 68.2948 61.6874
threshold=0 4.5000000000000009 5.5000000000000009 99.500000000000014 1 20.500000000000004 11.500000000000002 2 8.5000000000000018 5.5000000000000009 0.70483870967741946 0.26773769708552325 19.500000000000004 1.0000000180025095e-35
decision_type=9 2 2 2 9 2 2 9 2 2 2 2 2 2
left_child=1 -1 -2 4 -4 6 -6 8 13 11 12 -9 -10 -5
right_child=2 -3 3 7 5 -7 -8 9 10 -11 -12 -13 -14 -15
leaf_value=-0.015303411558320996 0.0016213938489561988 -0.0013437720220594595 0.017982058107203071 0.01597905377220684 -0.00065382512780618211 -0.013328551507168902 -0.0082347562559415711 -0.0054627272962410158 0.0037837330433260147 0.00051900522842653724 -0.0050450921539957382 -0.00013548826480542516 -0.0023253249117960732 0.0067724982193541998
leaf_weight=241.5234741459135 19446.314301116741 14114.048738245852 228.85505418293178 828.26543060550466 4503.5341249254998 1074.2508643018082 1844.1780033994 4608.3689567507245 4048.5797093184665 35908.88507828908 2462.4013469512574 5082.56838545762 2775.0408672820777 3136.3349063093774
leaf_count=2317 520966 333578 1537 53947 614717 207506 328766 84224 244382 324341 215038 158365 143958 185316
internal_value=4.38799e-05 -0.00157858 0.000315038 -6.69387e-05 -0.00367994 -0.00436855 -0.00285724 0.000402822 0.00233288 -0.000158538 -0.000383412 -0.00266907 0.00129931 0.00869943
internal_weight=100303 14355.6 85947.6 66501.3 7650.82 7421.96 6347.71 58850.4 13250.6 45599.8 9286.02 9690.94 6823.62 3964.6
internal_count=3418958 335895 3083063 2562097 1152526 1150989 943483 1409571 842641 566930 603378 242589 388340 239263
cat_boundaries=0 1 2 4
cat_threshold=20 272662528 3355514944 9
is_linear=0
shrinkage=0.03


Tree=263
num_leaves=15
num_cat=1
split_feature=18 7 14 10 2 16 17 27 0 16 15 16 16 1
split_gain=48.9685 47.3336 109.784 84.7729 63.9517 63.3409 126.106 104.126 151.4 135.49 61.5187 61.0746 88.8842 287.102
threshold=13.500000000000002 2.5000000000000004 154.11032388663969 1.0000000180025095e-35 1399.5000000000002 25.500000000000004 33.500000000000007 0 140.00000000000003 29.500000000000004 1.0000000180025095e-35 32.500000000000007 25.500000000000004 138.50000000000003
decision_type=8 2 2 2 2 2 10 9 2 2 2 2 2 2
left_child=-1 3 11 5 -4 6 -2 8 9 -7 -9 12 -3 -14
right_child=1 2 4 -5 -6 7 -8 10 -10 -11 -12 -13 13 -15
leaf_value=-0.0057069908029228518 -0.0010352753154617091 0.00061178029803704971 -0.0028169403133068279 0.019667578078719428 0.0066237028311577142 0.0002559628952364975 0.0079920332611822381 0.0048403423609086641 0.0018450104141089889 -0.026167501578353722 0.016791060046490433 0.010023681565738891 -0.02092942583686646 -0.00072671717712587591
leaf_weight=1342.8030195785686 14682.150404649321 49155.508914162056 16369.962922178209 219.42195508815348 671.38386830687523 342.52771842712536 1537.6633131180424 4786.3932614554651 4277.1202119663358 355.30919782072306 421.10774761624634 575.44555872632191 729.11800684698392 4763.9938555007102
leaf_count=27072 248748 2420513 208684 1677 3769 22498 16414 26841 23066 5452 2089 4995 211194 197107
internal_value=-1.87101e-05 5.85888e-05 -0.000339785 0.00113996 -0.00244464 0.000985241 -0.000179033 0.00283967 -0.000269279 -0.0132159 0.00579865 0.000309775 0.000207307 -0.00341161
internal_weight=100230 98887.1 72265.4 26621.7 17041.3 26402.3 16219.8 10182.5 4974.96 697.837 5207.5 55224.1 54648.6 5493.11
internal_count=3420119 3393047 3046262 346785 212453 345108 265162 79946 51016 27950 28930 2833809 2828814 408301
cat_boundaries=0 1
cat_threshold=3226476588
is_linear=0
shrinkage=0.03


Tree=264
num_leaves=15
num_cat=0
split_feature=11 11 24 18 18 11 11 14 16 14 22 17 25 14
split_gain=51.7538 68.9363 52.1281 47.7912 49.7176 73.8612 105.616 183.336 56.1002 53.6619 51.7486 47.5162 44.732 43.912
threshold=694.50000000000011 695.50000000000011 0.49315692860978261 3453.5000000000005 94.500000000000014 233.50000000000003 240.50000000000003 99.029411764705898 24.500000000000004 521.58333333333337 7.7281358695652189 20.500000000000004 5.6887096774193564 154.11032388663969
decision_type=2 2 8 10 8 2 2 2 2 2 2 8 2 2
left_child=2 -2 11 4 10 9 7 8 -7 -6 -4 -1 -12 -8
right_child=1 -3 3 -5 5 6 13 -9 -10 -11 12 -13 -14 -15
leaf_value=-0.0051092111547885464 -0.019385836912853512 -0.0011574947656691115 -0.014857031419882228 -0.0028836925433400715 0.001822455182112684 0.0049330274291388967 0.00084515721333627456 0.0014249357550254296 -0.034100477171452169 0.0085047861982695556 0.0022902599216315261 -0.0007957644515536981 -0.0031862201720062808 -0.0010955355767239365
leaf_weight=2745.7189603156876 286.4274072078988 533.32919257495087 269.88003926351666 3958.8654375707265 20872.989942222834 37.6447651933413 34265.232627459452 423.69488558510784 262.13981793250423 1139.7853198461235 1958.5771988681518 14087.103701108485 4261.1600344972685 15124.064942467492
leaf_count=27635 7095 29654 14464 140861 608731 8867 1827240 8605 8936 6077 48118 445847 83987 153216
internal_value=-4.00456e-05 -0.00754244 2.1898e-05 0.000332076 0.000494049 0.000720358 8.40669e-05 -0.0112873 -0.0291988 0.00216883 -0.00202087 -0.00149962 -0.0014616 0.000250865
internal_weight=100227 819.757 99406.9 82574 78615.2 72125.6 50112.8 723.479 299.785 22012.8 6489.62 16832.8 6219.74 49389.3
internal_count=3419333 36749 3382584 2909102 2768241 2621672 2006864 26408 17803 614808 146569 473482 132105 1980456
is_linear=0
shrinkage=0.03


Tree=265
num_leaves=15
num_cat=4
split_feature=9 27 11 11 27 4 7 11 27 16 16 8 7 27
split_gain=50.896 100.542 96.8051 85.1381 84.3364 83.1053 101.495 90.6511 228.962 155.401 139.659 87.9242 78.4276 77.8448
threshold=1.0000000180025095e-35 0 64.500000000000014 694.50000000000011 1 1.0000000180025095e-35 2.5000000000000004 668.50000000000011 2 23.500000000000004 18.500000000000004 5.5000000000000009 21.500000000000004 3
decision_type=2 9 2 2 9 2 2 2 9 2 2 2 2 9
left_child=3 5 -3 13 -5 11 -7 10 9 -9 -8 -2 -12 -1
right_child=1 2 -4 4 -6 6 7 8 -10 -11 12 -13 -14 -15
leaf_value=-0.023091498104622098 0.0010484101297550618 0.038965282327797231 0.0047746804357853539 -0.026495261455614434 -0.00046608744206502658 0.019963569405800088 5.7195931149196482e-05 -0.00013308576520010818 -0.0092207680225192788 0.028490722028746685 -0.006143214261975902 0.012951240217591715 -0.018562784129617906 -0.00010732296870810914
leaf_weight=121.83027332508937 1920.4709342289716 74.776809799484909 4617.5395984146744 209.19281306187622 239.62869972572662 189.97174981096759 3565.8808234403841 291.93909785524011 554.87889663130045 410.02551835018676 1827.9145687433193 786.70970228128135 610.31040081661195 84772.195882013068
leaf_count=3581 12828 622 68359 13921 7151 1655 250886 44578 22045 12294 108519 11207 59922 2801879
internal_value=6.97719e-05 0.00169062 0.0053164 -0.000212286 -0.0132294 1.0163e-05 -0.00162548 -0.002193 0.00513068 0.0163703 -0.00372667 0.00451089 -0.00925828 -0.000143312
internal_weight=100193 14850.4 4692.32 85342.8 448.822 10158.1 7450.92 7260.95 1256.84 701.965 6004.11 2707.18 2438.22 84894
internal_count=3419447 592915 68981 2826532 21072 523934 499899 498244 78917 56872 419327 24035 168441 2805460
cat_boundaries=0 2 3 4 5
cat_threshold=3297034686 3 2316306440 2147483648 536871296
is_linear=0
shrinkage=0.03


Tree=266
num_leaves=15
num_cat=4
split_feature=24 27 5 23 22 15 27 16 7 28 6 23 28 11
split_gain=48.4413 71.3749 49.7161 49.3857 83.9043 58.2257 66.725 55.3898 61.7431 57.1118 48.9653 43.0439 42.6662 49.5863
threshold=0.90122148172596062 0 1.0000000180025095e-35 0.77985245664228953 2736.6572445652178 1.5000000000000002 1 11.500000000000002 11.500000000000002 2 2.5000000000000004 2.463462676705142 3 16.500000000000004
decision_type=8 9 2 2 2 2 9 2 2 9 2 2 9 2
left_child=3 10 -3 4 -1 12 -7 9 -9 -8 11 -2 13 -5
right_child=1 2 -4 5 -6 6 7 8 -10 -11 -12 -13 -14 -15
leaf_value=3.8316025119618764e-05 0.0096940389734987541 4.0766405309384107e-05 0.023138030224574724 -0.0085263315199716472 0.0057227250324712146 -0.0048829343596146942 -0.01982646788731077 0.0078727284797696206 -0.00019948477303707984 0.00045509847126150733 0.0032197389235662116 0.037064823677506714 -0.00048210372162212621 -0.0018459109320056726
leaf_weight=10118.381774001289 509.97880779020488 14201.128132306854 83.370632389094681 1072.3908628204372 3037.8590435571969 1073.75922171399 123.46489019645378 2647.5548061388545 1257.7149677078705 1766.2564184269868 5234.0385805023834 56.790669871494174 44401.570775360102 14648.405901943683
leaf_count=359764 16918 863744 508 8161 68838 24274 1541 15636 11081 20200 102941 304 1555781 369707
internal_value=1.01362e-06 0.00131841 0.000177059 -0.000329145 0.00135122 -0.000659163 0.00195732 0.00322824 0.00527364 -0.000982237 0.00412108 0.0124971 -0.000958114 -0.00230066
internal_weight=100233 20085.3 14284.5 80147.4 13156.2 66991.1 6868.75 5794.99 3905.27 1889.72 5800.81 566.769 60122.4 15720.8
internal_count=3419398 984415 864252 2434983 428602 2006381 72732 48458 26717 21741 120163 17222 1933649 377868
cat_boundaries=0 2 3 4 5
cat_threshold=1916868664 9 1778647108 1310720 1048692
is_linear=0
shrinkage=0.03


Tree=267
num_leaves=15
num_cat=3
split_feature=23 24 30 26 19 7 14 27 27 14 9 16 14 16
split_gain=50.5557 45.1927 39.2667 58.8706 55.7202 36.6803 59.1243 107.109 78.1472 67.6603 271.441 74.7452 86.3576 63.07
threshold=0.1563139714322955 0.68625537664598812 0 60.500000000000007 0.40967741935483876 12.500000000000002 99.029411764705898 1 2 136.82971014492759 1.0000000180025095e-35 24.500000000000004 136.37986270022887 9.5000000000000018
decision_type=2 8 1 2 2 2 2 9 9 2 2 2 2 2
left_child=-1 -2 5 4 -4 6 8 9 -3 10 11 12 -8 -14
right_child=1 2 3 -5 -6 -7 7 -9 -10 -11 -12 -13 13 -15
leaf_value=0.009989935419806072 -0.00074519769071606254 0.00099463307339400656 0.0015293963719165817 -0.0078779604034660399 -0.0010014538907699025 -0.00023589609709815426 0.046681722925038235 0.002553409652672436 -0.0098260761578341186 0.0067279202880159913 -0.011239018503532537 0.0072984368234007323 0.040291134439850516 0.16764600438767979
leaf_weight=457.44307186244987 41938.918843647582 3690.7251821045065 13620.740091253305 859.23909822211135 18410.669247218524 7962.7524468577467 149.61511154193431 11845.970879747067 706.18492627516389 460.60130744543858 119.13045246247202 37.653647883562371 6.5808510100468984 9.1307353070005757
leaf_count=11295 1219864 275057 565988 53866 728670 414430 5922 116952 3800 16884 4974 1460 201 357
internal_value=5.03425e-05 4.69193e-06 0.000548063 -0.000133195 7.47556e-05 0.00144421 0.00223079 0.00327388 -0.000765194 0.0139501 0.0246564 0.0456755 0.0543195 0.119906
internal_weight=100275 99817.9 57879 32890.6 32031.4 24988.3 17025.6 12628.7 4396.91 782.712 322.111 202.98 165.327 15.7116
internal_count=3419720 3408425 2188561 1348524 1294658 840037 425607 146750 278857 29798 12914 7940 6480 558
cat_boundaries=0 1 3 4
cat_threshold=6 2174812160 8 2516746240
is_linear=0
shrinkage=0.03


Tree=268
num_leaves=15
num_cat=2
split_feature=23 30 26 22 14 28 9 4 16 6 1 18 8 16
split_gain=49.0558 45.8656 55.3613 75.1095 88.2507 56.5892 48.6766 47.4003 160.64 158.131 152.12 95.8206 164.799 86.0197
threshold=0.57719989237443914 0 60.500000000000007 28.397173913043481 1.0000000180025095e-35 1 1.5000000000000002 1.0000000180025095e-35 25.500000000000004 5.5000000000000009 146.00000000000003 24.500000000000004 1.5000000000000002 16.500000000000004
decision_type=2 1 2 2 2 9 2 2 2 2 2 10 2 2
left_child=-1 -2 3 4 -3 7 -6 -5 9 11 13 -9 -13 -11
right_child=1 2 -4 5 6 -7 -8 8 -10 10 -12 12 -14 -15
leaf_value=0.002469236170620749 0.000650436620437016 0.014561424072440314 -0.00829233413852099 0.00068187709291889621 0.0011499321528755701 -0.0022713883901541061 0.030815267877608764 0.043377711900124537 -0.013019886468760195 -0.0050048054703453748 0.00017082882489877961 -0.020041562611539294 0.0057242848220104879 -0.016021912245324531
leaf_weight=6708.9054432192352 36163.849206102896 547.06046060658991 853.55649010755587 21398.817129531875 3357.1824108035071 17844.942172651296 49.533079113811255 55.506159551441669 1021.9513052264228 2298.4712859408464 5516.0703952154145 238.48608704283834 3333.2931862557307 882.69163190003019
leaf_count=206392 1056895 29555 53822 166819 228457 404729 1706 299 191674 433787 396551 1626 19219 225501
internal_value=-8.5767e-06 -0.000186275 -0.000713444 -0.000599019 0.00338816 -0.000898837 0.00159018 -0.000193149 -0.0015962 -0.000647963 -0.00284246 0.00461316 0.00399878 -0.00806585
internal_weight=100270 93561.4 57397.6 56544 3953.78 52590.2 3406.72 34745.3 13346.5 12324.5 8697.23 3627.29 3571.78 3181.16
internal_count=3417032 3210640 2153745 2099923 259718 1840205 230163 1435476 1268657 1076983 1055839 21144 20845 659288
cat_boundaries=0 1 2
cat_threshold=6 699143
is_linear=0
shrinkage=0.03


Tree=269
num_leaves=15
num_cat=1
split_feature=24 4 12 16 27 6 16 1 11 7 11 18 18 11
split_gain=45.0164 36.8239 105.462 102.519 78.5947 73.0795 85.0494 65.0942 66.1138 62.3763 180.074 106.207 103.771 92.2221
threshold=0.68625537664598812 1.0000000180025095e-35 0.74456521739130443 10.500000000000002 0 5.5000000000000009 23.500000000000004 99.500000000000014 337.50000000000006 9.5000000000000018 210.50000000000003 269.50000000000006 273.50000000000006 606.50000000000011
decision_type=8 2 2 2 9 2 2 2 2 2 2 10 10 2
left_child=-1 2 -2 4 7 9 -7 8 -3 10 -5 -12 -13 -11
right_child=1 3 -4 5 -6 6 -8 -9 -10 13 11 12 -14 -15
leaf_value=-0.00076426244891211336 0.00085250755157718439 0.003162912158667239 0.0092894843897083478 0.0022221127816646905 -0.0019222994650162964 -0.0021550385643447751 -0.0098534639225563835 0.0056971001139813618 -0.0078083602663261403 0.006337228283803161 -0.023765084304461195 0.03649825900801016 -0.008992215381259017 -0.0039257797980868231
leaf_weight=42067.625201379647 29424.393019986805 1493.8241640317719 1395.7310805404559 1970.1956982610282 3090.4235398937017 8933.6433836694341 1509.0411861013854 4995.4802873777226 737.58463413314894 2649.3932259745197 470.97056663082913 53.070654451148584 272.0217951554805 1120.6272261826089
leaf_count=1223119 262027 203964 11161 64319 172078 782890 115487 243333 119330 119616 21697 5006 10279 65198
internal_value=-1.68217e-05 0.000524218 0.00123488 -0.0002782 0.00208023 -0.00171134 -0.00326835 0.00378927 -0.000465478 0.000776332 -0.00264442 -0.0146764 -0.00147684 0.00328635
internal_weight=100184 58116.4 30820.1 27296.3 10317.3 16979 10442.7 7226.89 2231.41 6536.28 2766.26 796.063 325.092 3770.02
internal_count=3419504 2196385 273188 1923197 738705 1184492 898377 566627 323294 286115 101301 36982 15285 184814
cat_boundaries=0 1
cat_threshold=3356577808
is_linear=0
shrinkage=0.03


Tree=270
num_leaves=15
num_cat=3
split_feature=21 25 9 27 27 11 8 11 27 7 4 11 6 6
split_gain=54.8171 136.872 47.7497 99.2231 74.9525 71.0464 63.846 63.0685 92.3585 60.3576 67.7919 98.39 168.449 199.677
threshold=0.97814142379359781 3.376881720430108 1.0000000180025095e-35 0 1 64.500000000000014 1.5000000000000002 694.50000000000011 2 2.5000000000000004 1.0000000180025095e-35 668.50000000000011 5.5000000000000009 4.5000000000000009
decision_type=2 2 2 9 9 2 2 2 9 2 2 2 2 2
left_child=2 -2 4 9 6 -5 -1 -6 -9 -4 -11 -12 13 -13
right_child=1 -3 3 5 7 -7 -8 8 -10 10 11 12 -14 -15
leaf_value=0.0016592698459440586 0.029757637222193493 -0.0057810310193459388 0.016128842758809037 0.039645921423980802 0.00021275836982573423 0.0058596743639022612 -0.0046767988403606233 -0.027526595273122609 0.0015311606619292436 0.0042871597634261665 -0.0026772755710201246 -0.010394875940790849 -0.0016545500997712558 0.031986658260983195
leaf_weight=1939.5508875465021 100.66302087088116 2409.4235915499739 214.95503489812836 56.093142192810774 75497.279408964328 3072.1096368669532 5456.6788774842862 170.65429481375031 220.37514362065122 2656.0680360216647 6944.9065949700307 138.50431166624185 904.98512437520549 355.58934252336621
leaf_count=15646 1734 123907 1812 507 2403476 56443 294787 10674 6453 22687 403761 9897 64282 2620
internal_value=3.20452e-05 -0.00434453 0.000144614 0.00174329 -0.000130728 0.00645735 -0.00301119 0.000150421 -0.0118513 0.00042181 0.00011382 -0.001215 0.00604036 0.0201093
internal_weight=100138 2510.09 97627.7 14343.2 83284.5 3128.2 7396.23 75888.3 391.029 11215 11000.1 8343.99 1399.08 494.094
internal_count=3418686 125641 3293045 562009 2731036 56950 310433 2420603 17127 505059 503247 480560 76799 12517
cat_boundaries=0 2 3 4
cat_threshold=3833905326 11 691209127 2181038080
is_linear=0
shrinkage=0.03


Tree=271
num_leaves=15
num_cat=1
split_feature=2 11 18 11 27 25 23 12 4 18 16 11 8 4
split_gain=49.428 51.4295 129.392 100.285 189.536 92.7461 91.3339 106.775 131.287 87.8209 129.102 116.724 83.0967 78.1775
threshold=1693.5000000000002 233.50000000000003 238.50000000000003 112.50000000000001 0 7.0161290322580649 2.3334014405268877 0.84105263157894739 1.0000000180025095e-35 964.50000000000011 25.500000000000004 240.50000000000003 4.5000000000000009 1.0000000180025095e-35
decision_type=2 2 8 2 9 2 2 2 2 8 2 2 2 2
left_child=1 3 -3 4 -1 -6 7 13 12 10 -10 -11 -9 -4
right_child=-2 2 6 -5 5 -7 -8 8 9 11 -12 -13 -14 -15
leaf_value=-0.023135428686980451 0.0031872708835522742 -0.021173871646738375 -0.0017073345460982441 0.002893124851905726 0.0015968643249101059 -0.0021134217432758028 0.0045340471989343536 0.0032724764412737466 0.0035387506131427573 -0.025135981250496483 -0.010378947188231491 -0.00097633412483083049 0.019053611602740217 -0.0076471614702304418
leaf_weight=314.41163178533316 4166.5125916749239 275.64393639133777 26475.942162305117 12638.930540788337 13351.789018114563 11106.335790553829 2950.2403466397664 697.55617849342525 7948.2151447919896 180.94466022332199 647.84136782656424 16675.301015281584 526.9792370069772 2155.8297490261029
leaf_count=3008 21836 11128 245641 456923 316070 178624 23271 5072 641419 9775 121870 1302168 5254 76736
internal_value=-1.11554e-05 -0.000150081 -0.000705354 0.000718703 -0.000390757 -8.79432e-05 -0.000608148 -0.000882518 0.000483057 2.12546e-05 0.00248876 -0.00123715 0.0100739 -0.00215483
internal_weight=100112 95946 58534.5 37411.5 24772.5 24458.1 58258.8 55308.6 26676.8 25452.3 8596.06 16856.2 1224.54 28631.8
internal_count=3418795 3396959 2442334 954625 497702 494694 2431206 2407935 2085558 2075232 763289 1311943 10326 322377
cat_boundaries=0 1
cat_threshold=4227072
is_linear=0
shrinkage=0.03


Tree=272
num_leaves=15
num_cat=3
split_feature=19 25 25 18 27 6 11 11 24 27 27 14 18 8
split_gain=51.7665 102.054 150.336 149.06 61.3003 63.0132 47.6291 67.5126 45.4991 46.7704 46.7347 45.1163 61.2716 53.0879
threshold=0.98387096774193561 2.9838709677419359 3.1311827956989249 1717.5000000000002 0 5.5000000000000009 694.50000000000011 695.50000000000011 0.49749371859296487 1 2 142.76388888888891 inf 2.5000000000000004
decision_type=2 2 2 10 9 2 2 2 8 9 9 2 8 2
left_child=6 -2 3 -3 5 -4 8 -8 9 -1 11 12 13 -10
right_child=1 2 4 -5 -6 -7 7 -9 10 -11 -12 -13 -14 -15
leaf_value=0.0017521698419257115 -0.029086932306820849 -0.031960223923151267 0.013880117736373579 0.033336899111212882 -0.006172842196012154 -0.0022501365618757415 -0.019553967737999528 -0.00083557284103558788 -9.1769466071787197e-05 -0.0020757215013120201 -0.00019250659139789623 0.00073807832825245633 0.028072473775931004 0.0051492293730807858
leaf_weight=3669.2854514487553 132.64331995230168 37.349507735809311 301.85846623964608 177.77447178633884 2754.2029486496467 776.87726942100562 264.74386086408049 499.41281091608107 2883.7728934795596 13126.623282349901 42454.555113380076 28500.213304864941 88.312377574387938 4382.3548080981709
leaf_count=84179 2088 507 12611 2360 94797 71034 6630 27269 50690 382912 2076710 524062 10000 72170
internal_value=-2.52906e-05 -0.00329266 -0.00244048 0.0219047 -0.00381221 0.00225135 0.000117227 -0.00733768 0.000177203 -0.00123961 0.000481095 0.00127837 0.00337347 0.00306946
internal_weight=100050 4180.71 4048.06 215.124 3832.94 1078.74 95869.3 764.157 95105.1 16795.9 78309.2 35854.7 7354.44 7266.13
internal_count=3418019 183397 181309 2867 178442 83645 3234622 33899 3200723 467091 2733632 656922 132860 122860
cat_boundaries=0 2 4 6
cat_threshold=2696962786 2 1286603520 3 2055314154 8
is_linear=0
shrinkage=0.03


Tree=273
num_leaves=15
num_cat=2
split_feature=30 6 1 1 6 14 18 18 18 14 25 16 1 29
split_gain=40.5462 50.6123 125.949 76.1439 117.087 63.3184 60.7952 60.1903 86.8482 79.7302 56.4251 55.2695 211.601 155.857
threshold=0 5.5000000000000009 130.00000000000003 60.000000000000007 10.500000000000002 147.26679841897237 146.50000000000003 24.500000000000004 29.500000000000004 49.583333333333336 7.245698924731184 25.500000000000004 138.50000000000003 1
decision_type=1 2 2 2 2 2 10 10 10 2 2 2 2 9
left_child=-1 7 3 -3 -5 -4 -6 9 -9 -2 -8 13 -13 -10
right_child=1 2 5 4 6 -7 10 8 11 -11 -12 12 -14 -15
leaf_value=0.00075204233969605684 -0.012872592162585888 0.0017784763097788208 0.0023144993871870192 -0.017205743745968546 -0.012318306772932199 -0.00088286770550029367 8.559446787956061e-05 -0.013544583773379023 0.0056172421659526411 0.040745283457857391 -0.008027426389823027 -0.017784640950097439 0.00098018352604599445 -0.0039129790062326
leaf_weight=38294.81865709275 36.805145399644971 1197.8852240750566 6637.0734672031831 792.74388804961927 750.50200656312518 34782.307654937962 2117.6607638919959 364.15322940819897 5555.6126771280542 74.062708906829357 1212.6975172790699 597.48285999521613 5614.839893858647 2130.3415436260402
leaf_count=1094777 475 15584 194337 189363 130851 766813 376679 7993 56482 379 251564 163003 141384 29466
internal_value=-1.50207e-05 -0.000489891 -0.000962033 -0.00499688 -0.00666222 -0.000370476 -0.00461034 0.00106974 0.000897743 0.0229896 -0.00287016 0.0012771 -0.000827134 0.00297777
internal_weight=100159 61864.2 47490.9 6071.49 4873.6 41419.4 4080.86 14373.3 14262.4 110.868 3330.36 13898.3 6212.32 7685.95
internal_count=3419150 2324373 1925191 964041 948457 961150 759094 399182 398328 854 628243 390335 304387 85948
cat_boundaries=0 1 2
cat_threshold=6 12
is_linear=0
shrinkage=0.03


Tree=274
num_leaves=15
num_cat=2
split_feature=0 14 17 7 14 14 25 5 27 27 16 4 14 14
split_gain=44.9522 94.6109 70.6661 50.9062 130.245 84.9313 50.2345 59.4022 100.235 73.872 61.6706 52.7301 47.5154 47.2743
threshold=187.50000000000003 180.15625000000003 33.500000000000007 2.5000000000000004 298.04545454545456 285.11111111111114 38.114516129032268 1.0000000180025095e-35 0 1 32.500000000000007 1.0000000180025095e-35 149.89444444444447 148.12771739130437
decision_type=2 2 10 2 2 2 2 2 9 9 2 2 2 2
left_child=1 6 -2 4 5 -3 7 8 -1 12 -10 -12 13 -9
right_child=2 3 -4 -5 -6 -7 -8 9 10 -11 11 -13 -14 -15
leaf_value=-0.017770105188722098 0.0034045529911530177 0.0039515357731970289 -0.0029397396411096569 -0.0049248409687892231 0.0041365877524302307 -0.023259889299060654 -0.0028144707280934878 -0.0090424819901500104 8.0971972853367778e-05 0.018763121405496561 0.0096535126899331501 -0.055158288747164844 -0.011957502189544972 0.0060324607492841225
leaf_weight=270.42403231398202 7015.7648648917675 157.45019490551203 2038.5146623458713 5586.6096784688998 1764.4577800505795 297.35339864343405 5146.725904965424 210.62498216237873 74709.668643570505 293.76615775143728 746.1507160384208 10.489725771825759 176.37582666985691 1628.7314692921937
leaf_count=4538 38005 2777 10731 65192 11431 2886 237008 1009 3028648 1578 5736 82 810 8561
internal_value=-3.97885e-05 -0.000240377 0.00197601 -0.00339812 0.000445635 -0.0138515 5.59458e-05 0.000245268 0.000100708 0.0049838 0.000167313 0.00868337 0.00286012 0.00430225
internal_weight=100053 90998.8 9054.28 7805.87 2219.26 454.804 83193 78046.2 75736.7 2309.5 75466.3 756.64 2015.73 1839.36
internal_count=3418992 3370256 48736 82286 17094 5663 3287970 3050962 3039004 11958 3034466 5818 10380 9570
cat_boundaries=0 1 2
cat_threshold=541098240 1680936960
is_linear=0
shrinkage=0.03


Tree=275
num_leaves=15
num_cat=1
split_feature=24 21 5 21 7 10 15 16 16 16 23 12 28 14
split_gain=45.4354 47.8916 35.9111 55.8418 41.7922 87.8815 70.6607 52.036 46.3397 45.9152 48.4775 38.0586 69.4204 53.5397
threshold=0.7775869443379253 0.97814142379359781 1.0000000180025095e-35 0.065575728619206894 2.5000000000000004 1.0000000180025095e-35 1.0000000180025095e-35 15.500000000000002 13.500000000000002 18.500000000000004 2.0250775245228128 0.48913043478260876 0 298.04545454545456
decision_type=8 2 2 2 2 2 2 2 2 2 2 2 9 2
left_child=1 -1 4 -4 5 6 11 -8 -7 -6 -11 12 -2 -14
right_child=2 -3 3 -5 9 8 7 -9 -10 10 -12 -13 13 -15
leaf_value=-0.00045279063402922128 0.0056718965290404851 -0.0060140466898835881 0.024978013609873822 0.0036306026771928206 0.0010222096197440099 0.0073616319764857781 0.003009457662745347 0.018096610248577606 0.041177847082768018 -0.0017473723372284698 0.0070221287353392694 -0.0017313549105743018 -0.0047142644794648941 0.0027156533989359122
leaf_weight=57011.4664225796 3075.752488871105 1427.5896707606735 121.74057935923338 1092.8410032615066 16759.12200826779 69.914690257515758 427.77230929583311 396.26793661853299 76.46117920987308 12491.191505817929 593.34270314616151 2913.3385771538597 1530.0535495392978 2029.4879140928388
leaf_count=1663609 46528 73573 1430 5101 951181 498 9895 2045 633 550561 6501 85618 11198 10945
internal_value=-4.94134e-05 -0.000588745 0.000708642 0.0057891 0.000555623 0.00218151 0.00185449 0.0102778 0.0251855 -1.75107e-05 -0.0013492 0.00112657 0.00238146 -0.000477152
internal_weight=100016 58439.1 41577.3 1214.58 40362.7 10519 10372.7 824.04 146.376 29843.7 13084.5 9548.63 6635.29 3559.54
internal_count=3419316 1737182 1682134 6531 1675603 167360 166229 11940 1131 1508243 557062 154289 68671 22143
cat_boundaries=0 1
cat_threshold=2687269
is_linear=0
shrinkage=0.03


Tree=276
num_leaves=15
num_cat=3
split_feature=28 8 27 3 16 16 16 16 25 3 29 14 16 20
split_gain=45.4429 62.1179 58.6077 134.742 113.554 198.551 69.4003 61.1169 73.2666 120.86 132.218 69.2247 66.565 58.027
threshold=0 1.5000000000000002 1 85.000000000000014 24.500000000000004 23.500000000000004 334.50000000000006 1.0000000180025095e-35 2.0161290322580649 85.000000000000014 2 127.5820105820106 11.500000000000002 4878.9903795698929
decision_type=9 2 9 2 2 2 2 2 2 2 9 2 2 2
left_child=-1 2 3 4 5 -2 -5 -4 9 10 11 -9 -10 -12
right_child=1 -3 7 6 -6 -7 -8 8 12 -11 13 -13 -14 -15
leaf_value=-0.00073813050979217617 -0.0082322761901230529 9.606465494041219e-06 -0.0090758256455121013 0.0103307815988672 -0.019659417571065943 0.034768064840606849 -0.056690177370017567 0.025010086435582481 -0.0028820723755387601 -0.0059005617408410295 0.0027143042959730341 0.010822246694096659 0.003229454401382577 0.039232995665006716
leaf_weight=39983.288573214784 554.76923429663293 44982.093314477126 370.49416790576652 578.91808291524649 497.69953397288918 115.98638434498571 13.264803662896155 534.62268095975742 2043.5409228112549 544.41065037250519 1541.9449450913817 740.06182799674571 7444.0149803860113 39.190181761980057
leaf_count=894349 60357 2318210 6952 4190 13744 2490 66 38061 13219 2214 18723 4251 41932 205
internal_value=4.52383e-05 0.000567289 0.00223783 -0.00289544 -0.00881778 -0.000756012 0.00873648 0.00291965 0.00326744 0.00704524 0.00951433 0.0166572 0.00191292 0.0036208
internal_weight=99984.3 60001 15018.9 1760.64 1168.46 670.756 592.183 13258.3 12887.8 3400.23 2855.82 1274.68 9487.56 1581.14
internal_count=3418963 2524614 206404 80847 76591 62847 4256 125557 118605 63454 61240 42312 55151 18928
cat_boundaries=0 1 3 4
cat_threshold=721652 3355443684 2 36
is_linear=0
shrinkage=0.03


Tree=277
num_leaves=15
num_cat=3
split_feature=9 27 11 6 6 16 7 7 7 27 26 27 11 15
split_gain=44.3551 97.7462 126.067 202.691 199.757 123.671 130.747 85.4411 80.6876 80.1569 70.5481 67.8855 124.62 109.155
threshold=1.0000000180025095e-35 0 668.50000000000011 5.5000000000000009 4.5000000000000009 18.500000000000004 2.5000000000000004 28.500000000000004 19.500000000000004 1 6.5000000000000009 2 518.50000000000011 1.0000000180025095e-35
decision_type=2 9 2 2 2 2 2 2 2 9 2 9 2 2
left_child=9 2 5 4 -4 -2 -7 -6 -8 -1 -3 -11 -13 -14
right_child=1 10 3 -5 7 6 8 -9 -10 11 -12 12 13 -15
leaf_value=-0.024181382183209265 0.00062928832355497912 0.0032073050044433512 -0.016250770894911129 -0.003316712918724013 0.039398916593732743 0.029338071801717179 -0.0052139853077375351 -0.0058936316858544903 -0.017282816532137067 0.0035254061817305963 0.024896501564252691 0.00022211218259767358 -0.004887427305726064 -0.00031900764710120254
leaf_weight=114.99103918438777 2939.3546836294699 8573.6291057502385 89.3580685374327 589.15022813971154 305.5441683656536 76.704539871541783 1179.7585327910492 42.432677237316966 864.11224095907528 4102.0028478712775 136.15733040589839 62178.772967823199 9251.7414399337722 9581.7508030724712
leaf_count=3575 230431 132666 9092 59812 2200 666 59479 214 95830 218872 2619 1854854 508862 240784
internal_value=-6.80667e-06 0.00150934 -0.00140752 0.0081712 0.0236193 -0.00335472 -0.00887469 0.0338748 -0.0103224 -0.000270031 0.00354511 -0.000234574 -0.000425411 -0.00256333
internal_weight=100025 14796.2 6086.42 1026.49 437.335 5059.93 2120.58 347.977 2043.87 85229.3 8709.79 85114.3 81012.3 18833.5
internal_count=3419956 593009 457724 71318 11506 386406 155975 2414 155309 2826947 135285 2823372 2604500 749646
cat_boundaries=0 2 3 5
cat_threshold=3229663392 3 536871168 1073741824 9
is_linear=0
shrinkage=0.03


Tree=278
num_leaves=15
num_cat=1
split_feature=28 7 14 12 4 25 15 18 18 19 14 17 12 14
split_gain=49.1644 40.1113 57.1526 52.273 139.025 96.5476 86.5678 85.2908 127.153 73.7297 72.9409 70.5416 58.9436 57.801
threshold=0 6.5000000000000009 65.250000000000014 0.59545454545454557 1.0000000180025095e-35 2.9838709677419359 2.5000000000000004 269.50000000000006 273.50000000000006 0.7704301075268819 127.5820105820106 25.500000000000004 0.94281045751633996 107.51923076923079
decision_type=9 2 2 2 2 2 2 8 8 2 2 8 2 2
left_child=-1 -2 -3 5 12 9 -7 10 13 -4 -6 -10 -5 -9
right_child=1 2 3 4 7 6 -8 8 11 -11 -12 -13 -14 -15
leaf_value=-0.001620207397373229 0.00089559763208679993 0.023450313137456363 -0.0061690392071662497 0.0061112404445316584 -0.011376094861376158 -0.0016139456689701593 0.006591966513340564 0.044249254580702092 0.0055031444656709208 -0.031026394560581778 0.0023293119399230172 -0.00046788083292100246 0.02220053874285088 -0.0088961423214129389
leaf_weight=14648.127595622558 43670.566986199701 89.182602650718763 2316.6437865716871 1752.6309951134026 1082.7220575332176 11900.627003640169 1280.6388257495128 83.527641939348541 1951.4213397534331 111.70635524764657 515.39730936358683 20244.532454680302 231.3634768538177 23.167520988965407
leaf_count=344500 837968 776 14520 13693 139963 161490 8296 7519 127465 1585 31945 1722975 2091 1934
internal_value=-1.53289e-05 0.000260592 -0.000406226 -0.000458064 0.000368814 -0.00182918 -0.000816253 -0.000264768 0.000215088 -0.0073248 -0.00695738 5.73034e-05 0.00799773 0.0327339
internal_weight=99902.3 85254.1 41583.6 41494.4 25884.8 15609.6 13181.3 23900.8 22302.6 2428.35 1598.12 22196 1983.99 106.695
internal_count=3416720 3072220 2234252 2233476 2047585 185891 169786 2031801 1859893 16105 171908 1850440 15784 9453
cat_boundaries=0 1
cat_threshold=262164
is_linear=0
shrinkage=0.03


Tree=279
num_leaves=15
num_cat=0
split_feature=0 18 25 5 22 23 15 16 4 22 8 14 7 14
split_gain=43.3348 54.0155 48.1237 45.658 66.5523 53.1794 39.0286 58.8618 75.2326 43.3991 47.1894 49.7401 40.0574 106.048
threshold=397.50000000000006 1580.5000000000002 37.524731182795705 1.0000000180025095e-35 23.083907608695654 0.87138996167299065 1.5000000000000002 6.5000000000000009 1.0000000180025095e-35 9752.3463858695668 2.5000000000000004 135.45643939393943 2.5000000000000004 180.15625000000003
decision_type=2 10 2 2 2 2 2 2 2 2 2 2 2 2
left_child=2 -2 3 6 -5 -6 12 -8 9 10 -9 -12 -1 -14
right_child=1 -3 -4 4 5 -7 7 8 -10 -11 11 -13 13 -15
leaf_value=0.00083265107646758433 0.0058055592273040689 -0.0010681019985756273 -0.002557743067756336 0.026103714171339196 0.0094097188255882046 -0.0001556680040498944 -0.0025738652290915741 0.0077247813975811598 -0.0054962016050508402 0.020352223538434692 0.0098609442623770714 0.00039238315615637055 -0.00019252933610248201 -0.0043748053576771057
leaf_weight=22990.068468406098 2531.8094773329794 1732.4436652213335 6555.5212894321885 117.07143581844866 782.10369356349111 1575.38051687181 2004.8749258425087 2015.8269717227668 769.90492957481183 150.13842083141208 599.19348466768861 2971.5670386999846 49056.698001212324 6138.4746075845324
leaf_count=338853 13282 9072 260009 1430 4296 7007 28887 9321 31497 1589 3287 18396 2631349 61509
internal_value=5.46891e-05 0.00301339 -7.71396e-05 0.000105251 0.00412251 0.00302033 -9.4582e-06 0.00191959 0.00330433 0.00448617 0.00405621 0.00198358 -0.000219483 -0.000657728
internal_weight=99991.1 4264.25 95726.8 89171.3 2474.56 2357.48 86696.7 8511.51 6506.63 5736.73 5586.59 3570.76 78185.2 55195.2
internal_count=3419784 22354 3397430 3137421 12733 11303 3124688 92977 64090 32593 31004 21683 3031711 2692858
is_linear=0
shrinkage=0.03


Tree=280
num_leaves=15
num_cat=3
split_feature=24 27 23 20 7 27 14 11 2 15 7 28 6 7
split_gain=42.9258 52.2877 43.7113 42.0124 40.4664 60.4303 44.253 65.9682 63.7506 43.9222 52.7141 58.5331 48.9624 104.251
threshold=0.60301136015731871 0 0.85400189675653737 6575.4046935483875 18.500000000000004 1 82.527777777777786 230.50000000000003 124.50000000000001 1.0000000180025095e-35 3.5000000000000004 2 5.5000000000000009 15.500000000000002
decision_type=8 9 2 2 2 9 2 2 2 2 2 9 2 2
left_child=1 -1 3 -2 5 6 -4 8 -8 12 11 -11 13 -7
right_child=2 -3 4 -5 -6 9 7 -9 -10 10 -12 -13 -14 -15
leaf_value=0.001375049995861992 0.0015904244457270618 -0.0016842081524814979 -0.0080038704384186605 0.011010375174972812 -0.0019422404958812413 0.0015517480040554033 0.02259153689673634 -0.0029171804451095604 0.0008154930213506691 0.024982981883705999 0.0016440514435030577 0.0055175280877020954 -0.00061459453624793689 0.018529266327916259
leaf_weight=6443.0377682596445 12932.44989906915 22795.336604224169 829.62550980132073 439.67122366395779 8289.6428295709193 6747.4359942129813 122.18748358730227 7061.2812853709329 6808.0124906674027 143.55958693753928 8894.3073113407008 1716.9886569664814 16329.484107750584 341.03650424070656
leaf_count=164278 417406 673814 4922 11988 634967 195620 1321 209771 86259 1849 174674 24127 807906 9790
internal_value=-4.34295e-05 -0.00101014 0.00035662 0.00190095 -3.9109e-06 0.000324082 -0.00127524 -0.000876632 0.00120263 0.00101782 0.00260509 0.00719594 0.000289207 0.00237106
internal_weight=99894.1 29238.4 70655.7 13372.1 57283.6 48993.9 14821.1 13991.5 6930.2 34172.8 10754.9 1860.55 23418 7088.47
internal_count=3418692 838092 2580600 429394 2151206 1516239 302273 297351 87580 1213966 200650 25976 1013316 205410
cat_boundaries=0 2 4 5
cat_threshold=1283531344 10 1161044758 2 1064960
is_linear=0
shrinkage=0.03


Tree=281
num_leaves=15
num_cat=2
split_feature=23 21 21 6 11 11 24 14 11 27 14 6 29 8
split_gain=44.1076 67.8998 62.5234 100.338 37.0316 52.9345 34.9988 40.9483 87.6663 74.7901 61.8069 60.461 54.2182 48.073
threshold=0.73202771777756481 0.45903010033444819 0.016364070711896803 5.5000000000000009 694.50000000000011 695.50000000000011 0.91239199604374288 99.029411764705898 478.50000000000006 0 105.59625668449199 5.5000000000000009 1 5.5000000000000009
decision_type=2 2 2 2 2 2 8 2 2 9 2 2 9 2
left_child=1 2 3 -1 6 -6 -2 8 9 12 -9 13 -8 -10
right_child=4 -3 -4 -5 5 -7 7 10 11 -11 -12 -13 -14 -15
leaf_value=0.0469248208326793 -0.00042080020357013756 0.0051512042345992068 -6.9025066635795146e-05 -0.0018316881322147575 -0.018535288378304593 -0.0010370343369451745 0.01875290117573724 0.017365889210917237 0.00017002483072471001 -0.0024978154646823495 0.0019098734991698433 -0.0041496617046625295 0.00096978902684454805 0.037902291902830766
leaf_weight=65.715098456013948 69812.693146294099 3681.3119584971573 8402.1115011869697 88.053826416376978 237.50654123723507 447.94947486557066 254.15744918584824 237.29954331333283 41.231028640875593 5752.8950066709658 10230.320661209291 78.97364148311317 384.93082550447434 114.66390920965932
leaf_count=1524 2116106 91419 286774 6591 6314 26047 26293 3559 2967 481366 348776 10211 9721 1348
internal_value=5.79897e-05 0.00174501 0.000279009 0.0191736 -0.000177714 -0.00711825 -0.000122891 0.0010937 -0.000751595 -0.00141416 0.00226188 0.0172098 0.00823956 0.0279876
internal_weight=99829.8 12237.2 8555.88 153.769 87592.6 685.456 86907.2 17094.5 6626.85 6391.98 10467.6 234.869 639.088 155.895
internal_count=3419016 386308 294889 8115 3032708 32361 3000347 884241 531906 517380 352335 14526 36014 4315
cat_boundaries=0 1 2
cat_threshold=369098752 36
is_linear=0
shrinkage=0.03


Tree=282
num_leaves=15
num_cat=3
split_feature=21 25 9 27 11 27 11 27 4 8 7 11 6 6
split_gain=42.2764 121.23 42.32 75.1866 77.676 65.8296 59.4711 82.3761 57.3927 78.2994 68.6549 62.2481 181.221 186.313
threshold=0.97814142379359781 3.0489247311827961 1.0000000180025095e-35 0 64.500000000000014 1 694.50000000000011 2 1.0000000180025095e-35 5.5000000000000009 2.5000000000000004 668.50000000000011 5.5000000000000009 4.5000000000000009
decision_type=2 2 2 9 2 9 2 9 2 2 2 2 2 2
left_child=2 -2 5 8 -5 -1 -7 -8 9 -4 -10 -12 13 -13
right_child=1 -3 3 4 -6 6 7 -9 10 -11 11 12 -14 -15
leaf_value=-0.02473698779013896 0.029444292961795852 -0.0052177153804145041 0.00096470292154334446 0.039946359191194582 0.0050475682622778675 -0.00010494906335842982 0.0019394039659933026 -0.024427172529871383 0.015959330614576481 0.012200183745296005 -0.0023884138303153727 -0.010427744702725339 -0.0033939468806862476 0.031104230144751135
leaf_weight=87.221056129783392 93.420758941560052 2384.244769855286 1925.5379329621792 57.524000146891922 3060.5210609894712 82606.567823490012 216.25997620075941 203.65842951019295 213.64078176231124 785.262779597193 6889.7823484881083 134.59608626121189 891.47765205940232 345.15934986341745
leaf_count=988 1706 124029 12554 522 56241 2710208 6552 13611 1828 10448 403854 9891 64139 2550
internal_value=-3.0369e-05 -0.00389943 6.80739e-05 0.00157528 0.00568578 -0.000191326 -0.000162244 -0.0114102 0.000423581 0.00422269 -0.0007915 -0.00122658 0.00460857 0.0194549
internal_weight=99894.9 2477.67 97417.2 14303.5 3118.05 83113.7 83026.5 419.918 11185.5 2710.8 8474.66 8261.02 1371.23 479.755
internal_count=3419121 125735 3293386 562027 56763 2731359 2730371 20163 505264 23002 482262 480434 76580 12441
cat_boundaries=0 2 3 4
cat_threshold=3834036406 3 536870912 1418012672
is_linear=0
shrinkage=0.03


Tree=283
num_leaves=15
num_cat=4
split_feature=28 11 18 27 14 8 16 29 20 27 16 21 1 1
split_gain=47.3024 69.2238 39.2428 49.7541 56.2156 55.3162 66.8484 74.0926 59.9898 100.623 95.4021 81.5076 75.7854 65.8673
threshold=0 4.5000000000000009 3497.5000000000005 1 1.0000000180025095e-35 1.5000000000000002 1.5000000000000002 2 501.75431505376349 3 11.500000000000002 0.11472766364070713 99.500000000000014 109.50000000000001
decision_type=9 2 10 9 2 2 2 9 2 9 2 2 2 2
left_child=1 -1 3 4 -2 6 7 -5 9 12 -10 -12 -8 -14
right_child=2 -3 -4 5 -6 -7 8 -9 10 -11 11 -13 13 -15
leaf_value=-0.018457797962805545 -0.045757119563680865 -0.0013925518444696573 -0.0030256198751695764 -0.012720407533530291 0.0027179026147571418 -0.00038268080891127991 -0.010738266742667176 0.0017411611177406503 -0.0043575553252994999 0.0085046548972951361 0.0098908544202544798 0.0012023292814213821 0.035698526834140855 0.0018388894129587924
leaf_weight=216.45834940019995 20.590650737285614 13222.421783696045 3179.3301848846022 604.61347951833159 8176.9367003745865 53922.541456986684 458.84017515648156 662.2624170104973 2601.9965364737436 2785.6068042479455 1066.9535865266807 10791.102738462621 51.997376866172999 2132.7890174956992
leaf_count=2056 84 318269 111705 6795 312203 2427258 36780 24328 21558 55179 11263 75363 327 14490
internal_value=-1.24912e-05 -0.00166753 0.000244954 0.000369882 0.00258742 0.000127366 0.00142738 -0.00525177 0.00185306 0.00454161 0.000843364 0.00198487 0.000330684 0.0026607
internal_weight=99894.4 13438.9 86455.6 83276.2 8197.53 75078.7 21156.2 1266.88 19889.3 5429.23 14460.1 11858.1 2643.63 2184.79
internal_count=3417658 320325 3097333 2985628 312287 2673341 246083 31123 214960 106776 108184 86626 51597 14817
cat_boundaries=0 1 3 4 6
cat_threshold=262160 1744919152 9 18 2152734988 2
is_linear=0
shrinkage=0.03


Tree=284
num_leaves=15
num_cat=3
split_feature=21 25 18 18 27 14 5 1 11 14 10 27 14 27
split_gain=39.8755 118.447 40.2649 41.7113 88.7694 69.5569 68.649 62.3019 57.3418 55.0668 50.9967 82.6486 66.8616 63.2204
threshold=0.97814142379359781 3.376881720430108 18.500000000000004 955.50000000000011 0 865.16666666666686 1.0000000180025095e-35 1.0000000180025095e-35 4.5000000000000009 111.77500000000002 1.0000000180025095e-35 1 133.54692082111441 2
decision_type=2 2 8 10 9 2 2 2 2 2 2 9 2 9
left_child=2 -2 -1 5 6 10 8 -6 -5 -10 13 -12 -13 -4
right_child=1 -3 3 4 7 -7 -8 -9 9 -11 11 12 -14 -15
leaf_value=-0.0040551109967139959 0.029361585841379382 -0.0050365172984425605 -0.0038536928078406851 -0.01255865784776948 0.018226298066757473 0.0055357810969685608 0.02201184886994716 0.00028935060912086113 0.0020016756806340808 -0.0034854985768231414 0.019511437103557697 -0.0028099830245112978 0.0054194178762591973 0.00052986399692978362
leaf_weight=2015.8278781471308 92.672540912404656 2365.5979699444724 3152.3442015671171 531.35123778507113 174.39746145159006 2607.1601068209857 99.089564917609096 27355.145808030386 2016.6738761509769 8941.0848094027024 267.19451723666862 1359.7248564964393 2560.4697922477499 46309.713813246228
leaf_count=38654 1727 124202 41459 7496 1095 13528 465 540959 154239 618408 7766 82837 59606 1726188
internal_value=4.43755e-05 -0.00372836 0.000139642 0.000228344 -0.00052402 0.000751496 -0.0027253 0.000403491 -0.00294292 -0.00247554 0.000518899 0.00369737 0.00255853 0.000249744
internal_weight=99848.4 2458.27 97390.2 95374.4 39117.7 56256.6 11588.2 27529.5 11489.1 10957.8 53649.4 4187.39 3920.19 49462.1
internal_count=3418629 125929 3292700 3254046 1322662 1931384 780608 542054 780143 772647 1917856 150209 142443 1767647
cat_boundaries=0 2 3 4
cat_threshold=2201362989 3 160497728 550503184
is_linear=0
shrinkage=0.03


Tree=285
num_leaves=15
num_cat=1
split_feature=5 20 14 11 12 11 11 28 6 11 7 11 6 2
split_gain=38.9114 78.0377 59.8857 66.3947 39.7514 39.7332 73.3632 38.2317 51.0369 138.256 182.667 156.577 145.116 84.5232
threshold=1.0000000180025095e-35 660.6869220430109 149.89444444444447 243.50000000000003 0.967204301075269 694.50000000000011 695.50000000000011 0 5.5000000000000009 668.50000000000011 20.500000000000004 634.50000000000011 4.5000000000000009 99.500000000000014
decision_type=2 2 2 2 2 2 2 9 2 2 2 2 2 2
left_child=5 -2 4 -4 -3 7 -7 -1 9 10 -9 -12 -11 -10
right_child=1 2 3 -5 -6 6 -8 8 13 12 11 -13 -14 -15
leaf_value=-0.00080278101104611544 0.013556476107411876 -0.007284784210680832 0.0076299089172273448 -0.019331476255116897 0.0049237155202469952 -0.019648178826567234 -0.00010522552532604437 0.002212080018472444 -0.00287797019565606 -0.0060570419787198751 -0.026921798621555172 0.0066694671134712681 0.032886574645224625 0.00053931966535810348
leaf_weight=39616.090428653173 550.48031873162836 281.01454609632492 124.02545040845871 240.21804355829954 1614.3659204095602 265.77211264509242 491.21469416108448 12906.710813002777 8011.7827402268304 129.67488307657186 362.56108128081542 189.7206479961751 253.76449329731986 34827.103480191901
leaf_count=914193 4378 1236 542 1107 7068 7162 29431 364952 1107331 8836 16532 27514 1859 926877
internal_value=-4.09768e-05 0.00343856 0.000968768 -0.0101553 0.00311076 -0.000141757 -0.00698347 -8.79032e-05 0.000411818 0.00199546 0.00148865 -0.0153913 0.0197348 -9.98385e-05
internal_weight=99864.5 2810.1 2259.62 364.243 1895.38 97054.4 756.987 96297.4 56681.3 13842.4 13459 552.282 383.439 42838.9
internal_count=3419018 14331 9953 1649 8304 3404687 36593 3368094 2453901 419693 408998 44046 10695 2034208
cat_boundaries=0 1
cat_threshold=1000054
is_linear=0
shrinkage=0.03


Tree=286
num_leaves=15
num_cat=5
split_feature=15 27 16 23 16 19 27 25 16 16 28 27 22 28
split_gain=41.2842 97.1402 101.944 82.5318 65.4378 93.5659 60.9111 60.5677 57.3395 92.1629 54.6556 56.5345 108.476 52.177
threshold=1.0000000180025095e-35 0 4.5000000000000009 1.185319280042983 11.500000000000002 0.98387096774193561 1 4.8198924731182808 55.500000000000007 23.500000000000004 2 3 60.533119565217397 4
decision_type=2 9 2 2 2 2 9 2 2 2 9 9 2 9
left_child=6 -2 -3 8 5 -5 -1 -7 9 -4 -8 12 -12 -14
right_child=1 2 3 4 -6 7 10 -9 -10 -11 11 -13 13 -15
leaf_value=0.0084286178877700634 0.0059008132005571035 -0.0028640033868709567 0.00079471294370871116 0.00084648258172359634 0.0048017442164903293 -0.031117491081078745 -0.0021125222122424197 0.0087227789251982258 0.0086015250432948699 -0.0056186905768360277 0.0085556798990279823 -0.00065362976298839813 0.0027022802775405722 -0.00088278826290654486
leaf_weight=693.39146858127788 3212.2735616409918 6571.8777338447981 7563.5872860965319 2409.4500597557053 7471.8024187877309 138.28170486167073 13958.351613319945 45.085966560989618 602.13435691781342 2748.651215441525 1729.331602584105 37608.713148756535 6284.8680741721764 8698.4850504600909
leaf_count=20131 214255 246411 79061 16397 51324 2036 345947 675 3071 43877 65288 1980251 88967 260869
internal_value=5.91749e-05 0.000973084 0.00039606 0.00141758 0.00337692 -0.000729309 -0.000348452 -0.0213275 -0.000389349 -0.000915112 -0.000438876 -8.47803e-06 0.00144279 0.000622287
internal_weight=99736.3 30763.1 27550.9 20979 10064.6 2592.82 68973.1 183.368 10914.4 10312.2 68279.7 54321.4 16712.7 14983.4
internal_count=3418560 657107 442852 196441 70432 19108 2761453 2711 126009 122938 2741322 2395375 415124 349836
cat_boundaries=0 2 4 5 7 8
cat_threshold=2285963436 8 564203520 9 1970708 1309016074 2 2115595
is_linear=0
shrinkage=0.03


Tree=287
num_leaves=15
num_cat=3
split_feature=23 30 26 21 23 6 2 28 29 1 6 6 11 11
split_gain=41.5281 38.779 50.7611 57.0678 56.2363 79.993 54.5604 48.8397 45.2686 45.0014 105.97 138.399 193.771 176.594
threshold=0.2142476120088572 0 60.500000000000007 0.016364070711896803 0.73202771777756481 5.5000000000000009 60.000000000000007 1 2 138.50000000000003 5.5000000000000009 4.5000000000000009 668.50000000000011 604.50000000000011
decision_type=2 1 2 2 2 2 2 9 9 2 2 2 2 2
left_child=-1 -2 3 4 5 -3 8 -5 -6 10 11 -9 13 -13
right_child=1 2 -4 7 6 -7 -8 9 -10 -11 -12 12 -14 -15
leaf_value=0.0065935900666154916 0.00071138407800333569 0.045878338010502367 -0.007786723300169978 -0.0022880960527822442 0.0024140181747345385 -0.00054787275656507006 0.00047500112818144518 -0.0076718323505908141 0.016588884607638507 0.00031703938602706028 -0.0053519409031929704 0.0041924656621193509 0.034289502758997635 -0.02780786655569234
leaf_weight=855.23381214868277 37932.870470087626 64.681767067406327 849.7487480994314 12643.888774628402 444.31062460038811 67.916394324274734 2834.3208806124749 1178.7276023302693 383.77249943790957 34776.569452260388 4450.8887705378002 3005.7832731010858 182.03001405508257 162.66052270308137
leaf_count=21742 1091073 1423 54016 283239 9653 5862 197005 128583 24222 795529 770936 31511 1379 2967
internal_value=1.51077e-05 -4.18006e-05 -0.000509858 -0.000407092 0.00315341 0.0222729 0.0024553 -0.000646717 0.0092246 -0.000171822 -0.00206502 0.00116554 0.00427597 0.00254139
internal_weight=99833.4 98978.2 61045.3 60195.6 3795 132.598 3662.4 56400.5 828.083 43756.7 8980.09 4529.2 3350.47 3168.44
internal_count=3419140 3397398 2306325 2252309 238165 7285 230880 2014144 33875 1730905 935376 164440 35857 34478
cat_boundaries=0 1 2 3
cat_threshold=6 1069296 18
is_linear=0
shrinkage=0.03


Tree=288
num_leaves=15
num_cat=5
split_feature=5 27 20 14 11 27 14 24 27 1 29 30 23 14
split_gain=38.7714 115.864 77.7776 59.5591 56.9201 44.1398 54.1963 40.1539 45.0658 49.8119 51.4394 50.5593 44.2899 41.4473
threshold=1.0000000180025095e-35 0 50.85846451612904 149.51190476190479 392.50000000000006 1 148.12771739130437 0.48421571680680997 2 146.00000000000003 3 4 1.5452012551182743 49.583333333333336
decision_type=2 9 2 2 2 9 2 8 9 2 9 1 2 2
left_child=1 -1 -2 5 -5 -4 -7 8 -3 10 11 13 -12 -10
right_child=2 7 3 4 -6 6 -8 -9 9 -11 12 -13 -14 -15
leaf_value=-0.024356030832162947 0.020507081286014413 -0.0032371469193494041 0.0160534327754496 0.0039905368647527731 -0.018902435311653219 -0.011039435858420802 0.0042738289710867339 0.00020497352863271421 0.019567378869492547 0.0016533791104237586 -0.0021137529615501737 -0.007806456830198546 -0.010614529994775872 -0.011486836242193566
leaf_weight=166.03908209886868 221.09351974120364 7021.4939719713293 230.59245285019279 175.68719603121281 218.50699941813946 235.67294607311487 1718.0257744975388 81008.88496252941 230.22306490968913 5669.8573194391793 1835.4782343045808 139.14600068982691 788.03460677142721 45.761027107015252
leaf_count=4240 2456 58970 1129 796 1014 1066 7865 2944314 11641 152207 185793 1704 43882 411
internal_value=-8.17718e-06 -0.000108746 0.00347172 0.00200363 -0.00871506 0.00394111 0.00240957 -6.43532e-05 -0.00145134 -7.54986e-06 -0.00310626 0.0066064 -0.00465251 0.0138938
internal_weight=99704.5 96904.9 2799.58 2578.49 394.194 2184.29 1953.7 96738.9 15730 8708.5 3038.64 415.13 2623.51 275.984
internal_count=3417488 3403162 14326 11870 1810 10060 8931 3398922 454608 395638 243431 13756 229675 12052
cat_boundaries=0 1 2 3 4 5
cat_threshold=536871168 2281701440 289589996 4 8
is_linear=0
shrinkage=0.03


Tree=289
num_leaves=15
num_cat=3
split_feature=23 7 12 18 1 6 7 10 20 27 0 15 27 27
split_gain=45.8888 35.9567 83.9774 90.0586 76.8698 82.4168 87.7867 126.99 70.8671 58.6465 69.9005 57.3203 83.7362 54.3924
threshold=0.25465251348176826 10.500000000000002 0.64142857142857157 1021.5000000000001 99.500000000000014 5.5000000000000009 15.500000000000002 1.0000000180025095e-35 186.75598387096775 0 187.50000000000003 1.0000000180025095e-35 1 2
decision_type=2 2 2 8 2 2 2 2 2 9 2 2 9 9
left_child=-1 9 8 4 5 6 -4 -8 -3 10 -2 -11 -13 -5
right_child=1 2 3 13 -6 -7 7 -9 -10 11 -12 12 -14 -15
leaf_value=0.0058038312787866246 0.011002543587109316 -0.015226813129417309 -0.00037875012475525763 -0.0026617062353791747 0.0050138720933390205 -0.0072538345070901683 0.036361190771850328 -0.0022980117984821862 -0.0025522392938186031 -0.00023462437249798299 0.069659862637906675 -0.0031583049773696013 0.0026974346842119825 0.00084413239551274922
leaf_weight=1208.8182548257755 97.077141331043094 411.70348662766628 1135.5677707736613 9043.9990083518205 5003.9408310544677 1168.5525311649544 157.57108970626723 147.4884935838636 10491.172502692789 46792.4033905057 21.689211444929242 2586.9098330135457 14344.381078780629 7106.2538850022247
leaf_count=32526 4375 2807 38949 905913 315353 260950 4526 6250 150272 1228832 231 23365 185505 258105
internal_value=-3.32906e-06 -7.4648e-05 -0.000852448 0.000147729 0.00283743 -0.00133692 0.00346423 0.017724 -0.0030322 0.000347701 0.0204955 0.000306565 0.00180234 -0.00112027
internal_weight=99717.5 98508.7 34666.2 23763.4 7613.12 2609.18 1440.63 305.06 10902.9 63842.5 118.766 63723.7 16931.3 16150.3
internal_count=3417959 3385433 1943125 1790046 626028 310675 49725 10776 153079 1442308 4606 1437702 208870 1164018
cat_boundaries=0 1 3 5
cat_threshold=27295744 571736384 2 2301730905 2
is_linear=0
shrinkage=0.03


Tree=290
num_leaves=15
num_cat=2
split_feature=0 14 17 19 7 14 27 11 11 12 25 1 27 23
split_gain=41.9315 78.1821 71.5538 50.9842 42.0581 112.506 79.5154 40.7556 62.6666 40.3039 40.2693 38.9621 106.159 113.404
threshold=187.50000000000003 180.15625000000003 37.500000000000007 0.065591397849462371 2.5000000000000004 298.04545454545456 0 694.50000000000011 695.50000000000011 0.48913043478260876 38.819892473118287 138.50000000000003 1 1.7667829727996984
decision_type=2 2 10 2 2 2 9 2 2 2 2 2 9 2
left_child=1 7 3 -2 5 6 -3 10 -9 -7 11 12 -1 -14
right_child=2 4 -4 -5 -6 9 -8 8 -10 -11 -12 -13 13 -15
leaf_value=0.014922839378347735 0.014046018076940914 -0.02098621966160099 -0.0046219080407477499 0.0025184634133173537 -0.0044333357274357809 0.0048556025597824857 0.0059642765528319644 -0.019202513689492797 -0.00050077464873028775 -0.018214799988974198 -0.0024787811904004218 0.00070204921862004541 -0.00025204016894556894 -0.0072150670678465421
leaf_weight=362.18199045024812 361.16129988059402 309.25465936772525 1270.1845206059515 7450.8833792954683 5544.5926953337621 1676.2717257961631 141.07672364450991 247.24464771861676 460.34138683381025 70.069918911904097 4851.2409726834157 59901.056490541087 14633.75580504036 2457.8389870923711
leaf_count=2473 2084 3045 6768 40033 65245 9830 2582 7011 28930 1534 224801 1477435 1434347 112626
internal_value=3.60693e-05 -0.000158638 0.00197935 0.00305313 -0.00304171 0.000471286 -0.0128817 0.000110575 -0.00705341 0.00392004 0.000172324 0.000338616 -0.000908651 -0.00125298
internal_weight=99737.2 90654.9 9082.23 7812.04 7741.27 2196.67 450.331 82913.7 707.586 1746.34 82206.1 77354.8 17453.8 17091.6
internal_count=3418744 3369859 48885 42117 82236 16991 5627 3287623 35941 11364 3251682 3026881 1549446 1546973
cat_boundaries=0 1 2
cat_threshold=37748736 268435456
is_linear=0
shrinkage=0.03


Tree=291
num_leaves=15
num_cat=4
split_feature=30 26 21 23 29 14 28 16 27 2 17 8 3 18
split_gain=42.2364 53.7296 72.7253 44.8576 47.5718 65.1052 41.5848 38.8073 38.2333 75.7423 36.4001 70.1665 121.702 91.2098
threshold=0 21.500000000000004 0.027293358815097948 0.57719989237443914 1 65.250000000000014 2 2.5000000000000004 3 60.000000000000007 33.500000000000007 1.5000000000000002 85.000000000000014 94.500000000000014
decision_type=1 2 2 2 9 2 9 2 9 2 8 2 2 10
left_child=8 2 3 -2 5 6 -5 -7 10 -10 -1 12 13 -12
right_child=1 -3 -4 4 -6 7 -8 -9 9 -11 11 -13 -14 -15
leaf_value=-0.0031632478946550364 0.026775183386318416 -0.0079344269507909369 -0.00064121180030054104 0.021933321413609087 0.0016703629260324108 -0.018476420597704511 -0.0076586019489100514 0.0072092155929241201 0.011226377585083273 0.0010611149318445125 0.019939790915913299 -0.0028820046881382019 -0.0062570963181958735 0.0005045442327954923
leaf_weight=3784.6110962610692 70.222283996874467 846.87633646209724 55670.707420451101 326.06664667837322 4327.1060346001759 80.269177519716322 48.392225535586476 150.90031129401177 673.21949785575271 30658.637852186803 570.08041058899835 1684.49630222423 466.0297454148531 350.91389149567112
leaf_count=80782 3920 54173 1983236 25964 252090 527 827 1388 5872 928292 12319 61212 1880 3846
internal_value=5.18769e-05 -0.000434573 -0.000329833 0.00313449 0.00279258 0.0105925 0.0184791 -0.0017508 0.000835429 0.00127948 -0.00119262 0.00123186 0.0062265 0.0125432
internal_weight=99708.5 61520.5 60673.7 5002.96 4932.73 605.628 374.459 231.169 38188 31331.9 6856.13 3071.52 1387.02 920.994
internal_count=3416328 2322125 2267952 284716 280796 28706 26791 1915 1094203 934164 160039 79257 18045 16165
cat_boundaries=0 1 2 3 5
cat_threshold=6 4 1049089 53740426 2
is_linear=0
shrinkage=0.03


Tree=292
num_leaves=15
num_cat=4
split_feature=15 4 16 27 22 27 9 11 7 14 27 0 16 27
split_gain=36.7354 52.0803 61.3795 49.6658 40.8526 89.0477 70.304 58.4335 60.2616 77.1717 61.3416 58.0469 49.0797 90.6595
threshold=2.5000000000000004 1.0000000180025095e-35 11.500000000000002 0 39.581152173913047 1 1.5000000000000002 10.500000000000002 2.5000000000000004 154.40617848970257 2 280.00000000000006 17.500000000000004 3
decision_type=2 2 2 9 2 9 2 2 2 2 9 2 2 9
left_child=4 2 3 -2 5 -1 -7 -6 12 10 -10 -11 -9 -14
right_child=1 -3 -4 -5 7 6 -8 8 9 11 -12 -13 13 -15
leaf_value=0.0073377442497401697 0.0024305672003974831 -0.0053869556697951687 0.0087102742167573903 -0.014439245638306002 -0.0039866191480081104 0.00031686132256848173 0.031816815100607437 -0.0010359784727423172 0.0040170527081282957 -0.0027567830106132907 -0.00025804575961357147 0.0061039323778781596 -0.00077851579758431123 0.0041542486877796849
leaf_weight=1984.0193705316633 816.54776853695512 518.08107541245408 1578.7875257320702 182.92709985561669 3669.844672340434 11814.127362963511 63.114220726769418 5698.4841829882935 3257.0613678167574 15330.263821193017 39896.109718934633 694.66965645551682 5444.5900991491508 8720.9130799761042
leaf_count=73324 4197 20624 8747 1790 39611 729592 2509 82321 88066 199808 2043722 3848 70358 50489
internal_value=6.92072e-05 0.00328519 0.0050292 -0.000788376 -3.39371e-05 0.00147325 0.000486503 -0.000286534 -0.000114694 -0.000594611 6.55815e-05 -0.00237232 0.00131501 0.00226077
internal_weight=99669.5 3096.34 2578.26 999.475 96573.2 13861.3 11877.2 82711.9 79042.1 59178.1 43153.2 16024.9 19864 14165.5
internal_count=3419006 35358 14734 5987 3383648 805425 732101 2578223 2538612 2335444 2131788 203656 203168 120847
cat_boundaries=0 1 2 3 4
cat_threshold=335806464 1648492544 75567302 3763347500
is_linear=0
shrinkage=0.03


Tree=293
num_leaves=15
num_cat=3
split_feature=17 11 11 27 17 23 16 2 27 16 27 16 25 20
split_gain=41.2368 36.8813 114.358 179.806 82.563 65.2413 70.1391 76.0183 71.6987 67.3193 65.9853 93.7984 62.9693 82.5817
threshold=18.500000000000004 200.50000000000003 144.50000000000003 0 30.500000000000004 2.3334014405268877 16.500000000000004 1693.5000000000002 1 26.500000000000004 2 7.5000000000000009 2.9016129032258067 6057.7533069892488
decision_type=8 2 2 9 10 2 2 2 9 2 9 2 2 2
left_child=-1 2 3 -2 -5 6 10 8 -8 -7 11 -3 13 -12
right_child=1 5 -4 4 -6 9 7 -9 -10 -11 12 -13 -14 -15
leaf_value=-0.0026410526337192694 -0.022580223117498684 0.0055071852653545581 0.0047176319696294166 -0.00027720546015234308 0.004960769617857479 0.0021943013418934264 0.034568117890056815 0.0023366902871638966 -0.0020929855766469684 0.015171336667174209 -0.0027964241370810974 -0.00013806759337193776 0.00061877798876464214 -0.028977392216051188
leaf_weight=5192.4626172188437 300.3738864986226 4856.703282979317 5872.2445457241265 22404.8145275563 3079.7187986753415 2480.1586312871659 37.1577880512923 4105.4943737201393 28184.562839551712 419.92626143165398 5004.9691351568326 5825.6420618887059 11838.771552703343 109.84926352743059
leaf_count=57710 3429 436280 205872 547293 40405 20438 341 21430 1105133 3253 106445 589881 278385 1767
internal_value=-3.83765e-05 0.000104628 0.000939683 7.91452e-05 0.000355816 -0.000315905 -0.000528474 -0.00147712 -0.00203199 0.00407793 0.000581217 0.00242654 -0.000582669 -0.00336426
internal_weight=99712.8 94520.4 31657.2 25784.9 25484.5 62863.2 59963.2 32327.2 28221.7 2900.08 27635.9 10682.3 16953.6 5114.82
internal_count=3418062 3360352 796999 591127 587698 2563353 2539662 1126904 1105474 23691 1412758 1026161 386597 108212
cat_boundaries=0 1 2 3
cat_threshold=4210688 27295744 3355525440
is_linear=0
shrinkage=0.03


Tree=294
num_leaves=15
num_cat=4
split_feature=11 29 5 27 27 9 16 6 1 27 7 14 18 6
split_gain=42.6604 56.0658 34.8447 104.437 84.9196 45.925 41.7401 36.1602 84.8952 121.634 95.8406 95.2941 89.1858 70.5848
threshold=1.0000000180025095e-35 0 1.0000000180025095e-35 1 2 1.5000000000000002 149.50000000000003 5.5000000000000009 99.500000000000014 3 9.5000000000000018 146.39565217391308 180.50000000000003 13.500000000000002
decision_type=2 9 2 9 9 2 2 2 2 9 2 2 8 2
left_child=1 -1 3 -2 5 6 -4 -5 9 -9 12 -10 -11 -14
right_child=2 -3 4 7 -6 -7 -8 8 11 10 -12 -13 13 -15
leaf_value=0.0008592158348570151 -0.025534375514762963 -0.018884823156385778 0.0039566338209098698 0.0010532455466805654 0.017135295260202823 -0.0071523534015459165 -0.026723815298988238 0.01718819813064891 0.0023697636502645761 -0.0081099389914557375 -0.0079720902777442593 -0.00054494730130656482 -0.0056598911587499474 0.0043455333055020477
leaf_weight=276.16453297389671 133.89118008129299 237.81309195607901 1931.6929430281743 21068.509258324862 339.34295778535306 464.41932193189859 39.762884676456451 241.38646056875587 12355.371578479884 1187.3079113191925 3173.6572999466443 55166.918751839316 881.13431515253615 2260.4923447212204
leaf_count=9861 1487 2591 9968 563047 1851 2211 179 1518 400603 195938 586827 1261837 114642 266207
internal_value=-3.29134e-05 -0.00864514 1.17754e-05 -8.35843e-05 0.00332539 0.00131955 0.0033246 -4.52915e-05 -0.00035281 -0.00332772 -0.00400756 -1.15801e-05 -0.00110914 0.0015384
internal_weight=99757.9 513.978 99243.9 96468.7 2775.22 2435.88 1971.46 96334.8 75266.3 7743.98 7502.59 67522.3 4328.93 3141.63
internal_count=3418767 12452 3406315 3392106 14209 12358 10147 3390619 2827572 1165132 1163614 1662440 576787 380849
cat_boundaries=0 1 2 3 4
cat_threshold=44 536870912 1679900672 268435456
is_linear=0
shrinkage=0.03


Tree=295
num_leaves=15
num_cat=2
split_feature=0 27 27 17 3 16 11 16 16 2 18 16 2 6
split_gain=34.8688 60.4719 56.6837 52.544 49.8278 81.6675 47.4843 50.0625 123.264 47.7296 120.802 86.9392 58.1132 51.6829
threshold=187.50000000000003 0 1 40.500000000000007 85.000000000000014 334.50000000000006 40.500000000000007 98.500000000000014 21.500000000000004 99.500000000000014 2702.5000000000005 25.500000000000004 124.50000000000001 3.5000000000000004
decision_type=2 9 9 10 2 2 2 2 2 2 8 2 2 2
left_child=1 6 -2 -4 -3 -6 9 8 -8 13 -11 12 -12 -1
right_child=2 4 3 -5 5 -7 7 -9 -10 10 11 -13 -14 -15
leaf_value=-0.034872680282562449 0.040569088061898996 -6.539483802179515e-05 0.0023850370868152833 -0.0053787804373091582 0.0078383831744496778 -0.05684546811179219 -0.0030160049443234966 -0.0013835758428137378 -0.019339397347894596 -0.016552515617849657 0.042250721512212187 0.059255216670529319 0.0071136015311910787 -0.0019621914560739892
leaf_weight=44.705586284399033 22.825380403548479 84825.53859924397 8142.4498076420277 867.23543801158667 978.13173757027835 16.899101823568344 1184.240573229501 1516.3632324766368 641.48408851074055 148.31937949173152 46.25064167752862 34.844754975289106 417.33830815227702 714.19010131061077
leaf_count=213 226 3269218 43650 4662 8190 84 60746 10578 12015 3724 219 347 2524 3124
internal_value=7.65899e-06 -0.000169614 0.00178498 0.00163539 1.29336e-05 0.00668386 -0.0034614 -0.00541396 -0.00875882 0.00115695 0.00713952 0.0142086 0.0107025 -0.00394425
internal_weight=99600.8 90568.3 9032.51 9009.69 85820.6 995.031 4747.74 3342.09 1825.72 1405.65 646.753 498.434 463.589 758.896
internal_count=3419520 3370982 48538 48312 3277492 8274 93490 83339 72761 10151 6814 3090 2743 3337
cat_boundaries=0 2 3
cat_threshold=7381264 2 10485760
is_linear=0
shrinkage=0.03


Tree=296
num_leaves=15
num_cat=3
split_feature=23 28 27 1 14 27 20 1 6 6 8 18 18 18
split_gain=44.1294 46.1806 65.6341 73.6178 58.7203 48.1144 64.3844 47.8029 145.535 185.47 118.093 153.593 136.139 343.026
threshold=0.4768021282814397 0 1 1.0000000180025095e-35 1.0000000180025095e-35 2 107.0748548387097 99.500000000000014 4.5000000000000009 5.5000000000000009 3.5000000000000004 24.500000000000004 180.50000000000003 269.50000000000006
decision_type=2 9 9 2 2 9 2 2 2 2 2 8 8 8
left_child=-1 5 -3 -4 -5 6 -2 8 -7 10 11 -10 -12 -14
right_child=1 2 3 4 -6 7 -8 -9 9 -11 12 -13 13 -15
leaf_value=0.0029653187149192356 0.008835265819996916 -0.003317051996966565 0.016720325527760718 -0.03993582261879354 -0.00037244931205677041 -0.016109304509991755 0.0014584965305568551 0.00066886280591083199 0.040812330568488445 -0.0044988002552463777 0.023406364077316229 -0.010992570908570368 -0.022036184023861687 0.0073658806421795326
leaf_weight=4323.0403936463408 1261.7185477586463 7889.783855211921 226.21346180699766 32.794563390314579 36544.796109624323 590.67035610415041 6799.8117082382087 31790.090625677956 54.613607563078403 5542.9004913510289 356.59751362982206 700.23394377157092 402.80773937376216 3089.1381659281906
leaf_count=130899 60294 141567 1392 141 861238 158604 127415 855692 251 1036967 3615 6502 5029 29056
internal_value=1.14928e-06 -0.000133368 -0.000835916 -0.000303193 -0.000409012 0.000487388 0.00261076 8.43057e-05 -0.00164628 -0.000802803 0.00364752 -0.00719542 0.00577556 0.00396892
internal_weight=99605.2 95282.2 44693.6 36803.8 36577.6 50588.6 8061.53 42527.1 10737 10146.3 4603.39 754.848 3848.54 3491.95
internal_count=3418662 3287763 1004338 862771 861379 2283425 187709 2095716 1240024 1081420 44453 6753 37700 34085
cat_boundaries=0 1 3 5
cat_threshold=3705099 51782207 8 1778848258 8
is_linear=0
shrinkage=0.03


Tree=297
num_leaves=15
num_cat=4
split_feature=23 21 21 6 24 15 27 16 7 27 27 16 27 2
split_gain=35.9603 68.5688 51.1206 88.0994 36.5082 40.1107 49.2078 45.158 55.0465 45.272 36.4952 41.5713 44.2289 50.6277
threshold=0.73202771777756481 0.45903010033444819 0.016364070711896803 5.5000000000000009 0.89680440530298899 1.5000000000000002 0 11.500000000000002 11.500000000000002 1 2 10.500000000000002 3 99.500000000000014
decision_type=2 2 2 2 8 2 9 2 2 9 9 2 9 2
left_child=1 2 3 -1 5 -2 -7 9 -9 -8 -6 12 13 -12
right_child=4 -3 -4 -5 10 6 7 8 -10 -11 11 -13 -14 -15
leaf_value=0.042668822388203249 -0.0008371909893644038 0.0048889664256543458 -0.00031891792278253641 -0.0028604811175603258 0.0034362553507196044 -0.005165921485583441 -0.018223737807771135 0.0067286286353874947 -0.00065477178928432796 1.9063792295222871e-05 0.00020324351988854631 -0.0010022337983408261 -0.0020680347857715384 0.0069495254899479813
leaf_weight=66.954549325397238 61349.43069563061 3684.545913734124 8416.5133121154504 87.237952765775844 4002.1593634807505 851.33369271503761 119.74999791383743 2765.8903162791394 1353.009489293443 1933.3841563975438 1819.7218837630935 9406.4345536325127 1533.6513585830107 2224.8033851762302
leaf_count=1522 2005652 91377 286456 6531 66295 22578 1280 16291 13998 20228 189812 545559 67708 83794
internal_value=-5.46577e-05 0.0014671 -4.35832e-06 0.0170571 -0.000268152 -0.000591333 0.00155607 0.00248828 0.0043037 -0.00114193 0.000895615 0.000214428 0.00226627 0.00390537
internal_weight=99614.8 12255.3 8570.71 154.193 87359.6 68372.8 7023.37 6172.03 4118.9 2053.13 18986.8 14984.6 5578.18 4044.53
internal_count=3419081 385886 294509 8053 3033195 2080027 74375 51797 30289 21508 953168 886873 341314 273606
cat_boundaries=0 1 2 4 5
cat_threshold=1620312064 131072 843071504 1 3356688384
is_linear=0
shrinkage=0.03


Tree=298
num_leaves=15
num_cat=1
split_feature=1 28 21 25 10 4 8 7 5 12 17 19 21 11
split_gain=34.1008 40.467 38.8232 113.642 36.523 68.1873 96.9848 75.2096 73.9181 68.7026 68.6754 60.9742 56.1486 41.367
threshold=1693.5000000000002 0 0.97814142379359781 3.0489247311827961 1.0000000180025095e-35 1.0000000180025095e-35 4.5000000000000009 2.5000000000000004 1.0000000180025095e-35 0.86811594202898557 23.500000000000004 0.098387096774193564 0.10929288103201147 28.500000000000004
decision_type=2 9 2 2 2 2 2 2 2 2 8 2 2 2
left_child=2 -2 4 -4 -1 6 -6 11 10 -8 -9 -7 -10 -12
right_child=1 -3 3 -5 5 7 9 8 12 -11 13 -13 -14 -15
leaf_value=-0.0002609542905137915 0.013366391330027913 0.0018061579188961905 0.029155901725680614 -0.0054967678497611265 0.00063013363549364063 0.027406525535668368 0.0064104384107035268 0.0095758409780966752 0.017298495800706429 0.02029975006191969 -0.032105313592538896 -0.0076683068735534394 0.0021056210563132121 -0.0036065906587817152
leaf_weight=82556.851893181913 283.26981841772795 3886.0741892755032 87.792309596203268 2097.6355177398073 1853.7965484606102 154.49285532115027 977.26940715499222 368.14271837903652 240.85317048244178 477.08984654583037 45.37251399201341 62.031324113719165 2314.7109490633011 4141.0578220866155
leaf_count=2873386 1436 20348 1689 122101 12124 1289 11791 23755 2383 4512 720 542 10688 331574
internal_value=-2.43947e-05 0.00263097 -0.000140499 -0.00409201 -4.77891e-05 0.00160686 0.00518108 -7.47551e-06 -0.000539007 0.0109775 -0.00283009 0.017369 0.0035437 -0.00392305
internal_weight=99546.4 4169.34 95377.1 2185.43 93191.7 10634.8 3308.16 7326.66 7110.14 1454.36 4554.57 216.524 2555.56 4186.43
internal_count=3418338 21784 3396554 123790 3272764 399378 28427 370951 369120 16303 356049 1831 13071 332294
cat_boundaries=0 1
cat_threshold=264197
is_linear=0
shrinkage=0.03


Tree=299
num_leaves=15
num_cat=7
split_feature=18 28 27 8 29 27 27 17 2 16 27 2 21 27
split_gain=36.9456 34.4327 60.6674 58.5522 57.8439 141.613 100.503 75.2584 51.2962 50.369 123.589 112.665 56.7815 50.0596
threshold=7.5000000000000009 0 1 1.5000000000000002 2 3 4 51.500000000000007 60.000000000000007 8.5000000000000018 5 146.00000000000003 0.22402054467271862 6
decision_type=8 9 9 2 9 9 9 8 2 2 9 2 2 9
left_child=-1 2 -2 4 5 7 -6 -3 -4 10 11 -5 -12 -11
right_child=1 3 8 9 6 -7 -8 -9 -10 13 12 -13 -14 -15
leaf_value=-0.0076176253870763539 -0.0036462132484740557 -0.0062066764876091288 0.010442741389518324 0.00057823414626908989 -0.0044393239555218832 0.0027409440789214119 0.0024408027282817515 0.021855845770471033 -0.00030001528176099452 -0.0079967549506449638 -0.0046125796959076452 0.0091576640189895368 0.0008800054902418186 -0.00046415492164599828
leaf_weight=564.58531925873831 5243.120403138455 100.78566457983106 404.35009353607893 2691.2188680174295 2517.1030620618258 4726.2032374376431 7819.9166760533117 570.74638799019158 30501.329541058745 802.70980135910213 2521.0510912635364 2821.4946454623714 5158.1456153430045 33095.57309082232
leaf_count=13815 48784 1845 3211 384828 73210 41751 43077 42049 763255 17119 53304 161965 116507 1653999
internal_value=2.80547e-05 7.17452e-05 -0.000665818 0.000496162 0.00208057 0.00459417 0.000762528 0.0173827 -0.000159079 -3.31805e-05 0.00153955 0.00496119 -0.000922354 -0.000645253
internal_weight=99538.3 98973.7 36148.8 62824.9 15734.8 5397.74 10337 671.532 30905.7 47090.2 13191.9 5512.71 7679.2 33898.3
internal_count=3418719 3404904 815250 2589654 201932 85645 116287 43894 766466 2387722 716604 546793 169811 1671118
cat_boundaries=0 1 3 4 5 7 8 9
cat_threshold=467476 34996796 2 36 33562624 3390120264 1 3356562178 5275906
is_linear=0
shrinkage=0.03


end of trees

feature_importances:
payment_method=552
days_since_last_tx=359
days_to_expire=300
tenure_days=262
n_tx=241
avg_paid=220
unique_songs_m1=211
days_active_m1=192
list_price=190
reg_days=153
city=146
cancel_last=137
n_tx_180d=131
n_lapses=117
days_active_m3=111
amount_paid=109
auto_renew=92
completion_ratio=86
activity_trend=84
n_cancel_365d=72
secs_m1=71
registered_via=71
secs_m3=59
n_cancel=55
plan_days=44
auto_renew_share=38
age=31
discount=19
n_plans=18
gender=15
months_since_active=14

parameters:
[boosting: gbdt]
[objective: binary]
[metric: binary_logloss]
[tree_learner: serial]
[device_type: cpu]
[data_sample_strategy: bagging]
[data: ]
[valid: ]
[num_iterations: 300]
[learning_rate: 0.03]
[num_leaves: 15]
[num_threads: 4]
[seed: 0]
[deterministic: 0]
[force_col_wise: 0]
[force_row_wise: 0]
[histogram_pool_size: -1]
[max_depth: -1]
[min_data_in_leaf: 80]
[min_sum_hessian_in_leaf: 0.001]
[bagging_fraction: 0.8]
[pos_bagging_fraction: 1]
[neg_bagging_fraction: 1]
[bagging_freq: 1]
[bagging_seed: 7719]
[bagging_by_query: 0]
[feature_fraction: 0.8]
[feature_fraction_bynode: 1]
[feature_fraction_seed: 2437]
[extra_trees: 0]
[extra_seed: 11797]
[early_stopping_round: 0]
[early_stopping_min_delta: 0]
[first_metric_only: 0]
[max_delta_step: 0]
[lambda_l1: 0]
[lambda_l2: 1]
[linear_lambda: 0]
[min_gain_to_split: 0]
[drop_rate: 0.1]
[max_drop: 50]
[skip_drop: 0.5]
[xgboost_dart_mode: 0]
[uniform_drop: 0]
[drop_seed: 21238]
[top_rate: 0.2]
[other_rate: 0.1]
[min_data_per_group: 100]
[max_cat_threshold: 32]
[cat_l2: 10]
[cat_smooth: 10]
[max_cat_to_onehot: 4]
[top_k: 20]
[monotone_constraints: ]
[monotone_constraints_method: basic]
[monotone_penalty: 0]
[feature_contri: ]
[forcedsplits_filename: ]
[refit_decay_rate: 0.9]
[cegb_tradeoff: 1]
[cegb_penalty_split: 0]
[cegb_penalty_feature_lazy: ]
[cegb_penalty_feature_coupled: ]
[path_smooth: 0]
[interaction_constraints: ]
[verbosity: -1]
[saved_feature_importance_type: 0]
[use_quantized_grad: 0]
[num_grad_quant_bins: 4]
[quant_train_renew_leaf: 0]
[stochastic_rounding: 1]
[linear_tree: 0]
[max_bin: 255]
[max_bin_by_feature: ]
[min_data_in_bin: 3]
[bin_construct_sample_cnt: 200000]
[data_random_seed: 38]
[is_enable_sparse: 1]
[enable_bundle: 1]
[use_missing: 1]
[zero_as_missing: 0]
[feature_pre_filter: 1]
[pre_partition: 0]
[two_round: 0]
[header: 0]
[label_column: ]
[weight_column: ]
[group_column: ]
[ignore_column: ]
[categorical_feature: 27,28,29,30]
[forcedbins_filename: ]
[precise_float_parser: 0]
[parser_config_file: ]
[objective_seed: 8855]
[num_class: 1]
[is_unbalance: 0]
[scale_pos_weight: 1]
[sigmoid: 1]
[boost_from_average: 1]
[reg_sqrt: 0]
[alpha: 0.9]
[fair_c: 1]
[poisson_max_delta_step: 0.7]
[tweedie_variance_power: 1.5]
[lambdarank_truncation_level: 30]
[lambdarank_norm: 1]
[label_gain: ]
[lambdarank_position_bias_regularization: 0]
[eval_at: ]
[multi_error_top_k: 1]
[auc_mu_weights: ]
[num_machines: 1]
[local_listen_port: 12400]
[time_out: 120]
[machine_list_filename: ]
[machines: ]
[gpu_platform_id: -1]
[gpu_device_id: -1]
[gpu_device_id_list: ]
[gpu_use_dp: 0]
[num_gpu: 1]

end of parameters

pandas_categorical:[["10", "11", "12", "13", "14", "15", "16", "17", "18", "19", "2", "20", "21", "22", "23", "26", "27", "28", "29", "3", "30", "31", "32", "33", "34", "35", "36", "37", "38", "39", "40", "41", "5", "6", "7", "8"], ["1.0", "10.0", "11.0", "12.0", "13.0", "14.0", "15.0", "16.0", "17.0", "18.0", "19.0", "20.0", "21.0", "22.0", "3.0", "4.0", "5.0", "6.0", "7.0", "8.0", "9.0", "missing"], ["13.0", "3.0", "4.0", "7.0", "9.0", "missing"], ["female", "male", "missing", "unknown"]]
