tree
version=v4
num_class=1
num_tree_per_iteration=1
label_index=0
max_feature_idx=30
objective=binary sigmoid:1
feature_names=plan_days list_price amount_paid discount auto_renew cancel_last days_to_expire n_tx n_tx_180d n_cancel n_cancel_365d tenure_days auto_renew_share n_plans avg_paid n_lapses days_since_last_tx age reg_days days_active_m1 secs_m1 days_active_m3 secs_m3 activity_trend completion_ratio unique_songs_m1 months_since_active payment_method city registered_via gender
feature_infos=[0:450] [0:1788] [0:1788] [-1788:149] [0:1] [0:1] [1:31] [1:53] [0:21] [0:12] [0:11] [0:699] [0:1] [1:7] [0:1788] [0:6] [0:616] [10:80] [0:4632] none none none none none none none none -1:31:30:28:26:27:24:25:23:18:21:20:22:17:29:16:11:14:13:8:9:6:4:3:2:5:1:15:35:0:33:7:12:32 -1:0:21:4:16:15:13:6:17:5:3:20:19:2:9:1:12:8:14:18:7:11 -1:3:4:5:1:2 -1:3:1:0:2
tree_sizes=1748 1791 1798 1808 1805 1805 1792 1802 1807 1801 1806 1782 1807 1804 1773 1787 1810 1801 1814 1821 1803 1794 1822 1810 1809 1793 1822 1809 1810 1803 1809 1817 1801 1792 1805 1814 1809 1781 1828 1831 1809 1791 1806 1816 1814 1809 1816 1818 1823 1815 1803 1799 1831 1814 1804 1790 1814 1812 1823 1818 1836 1790 1816 1807 1838 1830 1843 1819 1805 1813 1827 1797 1851 1827 1821 1828 1817 1815 1805 1820 1789 1824 1811 1811 1848 1818 1850 1832 1786 1804 1832 1825 1847 1832 1806 1812 1813 1818 1828 1813 1815 1819 1809 1803 1809 1798 1829 1829 1835 1797 1835 1842 1825 1835 1834 1794 1839 1824 1806 1827 1832 1832 1838 1821 1809 1806 1825 1832 1834 1827 1843 1804 1819 1829 1821 1843 1829 1809 1826 1850 1828 1812 1834 1824 1832 1812 1826 1846 1834 1810 1838 1831 1843 1815 1848 1829 1833 1857 1840 1857 1834 1821 1821 1817 1846 1834 1807 1832 1812 1838 1823 1840 1841 1830 1818 1822 1856 1843 1822 1840 1833 1834 1840 1822 1852 1827 1851 1821 1836 1840 1840 1863 1845 1816 1830 1842 1830 1851 1832 1848 1851 1830 1817 1807 1834 1831 1830 1843 1837 1845 1821 1835 1843 1826 1805 1807 1833 1835 1833 1833 1840 1872 1829 1813 1826 1838 1846 1820 1825 1814 1851 1825 1821 1804 1837 1855 1844 1853 1803 1840 1851 1838 1819 1808 1864 1825 1819 1845 1797 1833 1852 1817 1842 1867 1858 1856 1820 1845 1836 1832 1826 1838 1819 1839 1827 1800 1816 1843 1832 1811 1852 1832 1839 1842 1837 1830 1825 1783 1805 1812 1851 1839 1803 1833 1797 1836 1830 1838 1859 1833 1837 1788 1815 1839 1830 1845 1850 1840 1835 1817

Tree=0
num_leaves=15
num_cat=3
split_feature=2 4 16 5 7 27 6 7 11 27 17 7 27 16
split_gain=998327 211475 86668.6 85672.1 37585.8 18342.6 13744.9 7424.06 8013.36 6848.53 5468.75 4110.65 4031.73 9612.21
threshold=60.000000000000007 1.0000000180025095e-35 6.5000000000000009 1.0000000180025095e-35 3.5000000000000004 0 14.500000000000002 12.500000000000002 422.50000000000006 1 36.500000000000007 2.5000000000000004 2 11.500000000000002
decision_type=2 2 2 2 2 9 2 2 2 9 10 2 9 2
left_child=2 4 6 -3 9 -4 -1 8 -6 10 -2 -11 13 -10
right_child=1 3 5 -5 7 -7 -8 -9 12 11 -12 -13 -14 -15
leaf_value=-2.2431246144346964 -2.5309854273229395 -2.7163777678308643 -2.3522632369724552 -2.4134905639497517 -2.6502457850096572 -2.6182257798863509 -2.5098283612356735 -2.6737224065483653 -2.6949161791014502 -2.5630021060505506 -2.2564677290888246 -2.61111472045086 -2.6046683073639869 -2.3472814300317788
leaf_weight=4624.6916665695608 152.00638333335519 171355.06601938978 321.96580842137337 843.61462099477649 6895.0975297950208 848.07315785437822 182.62166976928711 6248.0746607296169 116.45698277279735 6119.0743275918067 116.15974698215723 2172.734182421118 2868.2659325189888 184.70232030376792
leaf_count=77795 2557 2882477 5416 14191 115987 14266 3072 105103 1959 102933 1954 36549 48249 3107
internal_value=-2.6915 -2.70308 -2.30957 -2.71489 -2.62131 -2.54129 -2.25322 -2.64803 -2.63209 -2.57041 -2.42095 -2.57574 -2.59261 -2.48801
internal_weight=203049 197071 5977.35 172199 24872.6 1170.04 4807.31 16312.6 10064.5 8559.97 268.166 8291.81 3169.43 301.159
internal_count=3415615 3315066 100549 2896668 418398 19682 80867 274405 169302 143993 4511 139482 53315 5066
cat_boundaries=0 1 2 3
cat_threshold=2415919104 131072 131072
is_linear=0
shrinkage=1


Tree=1
num_leaves=15
num_cat=3
split_feature=27 12 6 8 3 5 27 16 27 8 15 7 8 6
split_gain=675446 152552 50672.1 45242.9 35506.6 30300.1 12461.9 11821.9 7435.74 7242.04 6713.01 8715.94 5292.24 3539.98
threshold=0 1.0000000180025095e-35 7.5000000000000009 3.5000000000000004 85.000000000000014 1.0000000180025095e-35 1 22.500000000000004 2 5.5000000000000009 1.0000000180025095e-35 1.5000000000000002 4.5000000000000009 5.5000000000000009
decision_type=9 2 2 2 2 2 9 2 9 2 2 2 2 2
left_child=2 3 7 10 5 6 -3 -1 -6 -4 11 -2 -5 -8
right_child=1 4 9 12 8 -7 13 -9 -10 -11 -12 -13 -14 -15
leaf_value=0.2965005918306432 0.1222316150810836 0.069180780917280055 0.1511937823467927 0.053838308023993156 0.2683477979715716 0.20621933909830298 -0.013877126096072612 0.11370210555311067 0.084059260648419357 0.0090327784643810926 0.14043275723610998 0.061691779774943098 0.0055043140644950904 -0.026054793225535288
leaf_weight=6727.41095841676 3840.4014933109283 1285.5873411260545 2037.4859285540879 2694.8095566518605 383.19379703700542 517.25198909640312 25270.448038041592 335.95764340087771 461.50731627643108 383.28002997115254 3021.3055066615343 4843.0914107076824 8366.8305382952094 143524.66364525631
leaf_count=77729 57526 20780 29736 43590 4919 6860 434298 5090 7137 6055 47483 74487 136512 2466680
internal_value=-9.41472e-05 -0.0121725 0.246965 0.060789 -0.0218623 -0.0228234 -0.0235212 0.287823 0.172046 0.128698 0.101899 0.0884774 0.0172831 -0.0242303
internal_weight=203693 194209 9484.13 22766.4 171443 170598 170081 7063.37 844.701 2420.77 11704.8 8683.49 11061.6 168795
internal_count=3418882 3300272 118610 359598 2940674 2928618 2921758 82819 12056 35791 179496 132013 180102 2900978
cat_boundaries=0 1 3 4
cat_threshold=570558468 272932872 8 2147483648
is_linear=0
shrinkage=0.03


Tree=2
num_leaves=15
num_cat=2
split_feature=27 4 14 6 5 11 15 2 16 15 11 6 16 27
split_gain=527375 153721 35936.2 29742 24690.6 11067.4 12131.9 13649.2 7068.32 4061.53 3608.47 3530.26 52453.9 32817.2
threshold=0 1.0000000180025095e-35 1.0000000180025095e-35 7.5000000000000009 1.0000000180025095e-35 32.500000000000007 1.0000000180025095e-35 844.50000000000011 22.500000000000004 1.0000000180025095e-35 187.50000000000003 5.5000000000000009 25.500000000000004 1
decision_type=9 2 2 2 2 2 2 2 2 2 2 2 2 9
left_child=3 5 -3 8 11 -2 7 10 -1 -5 -7 12 13 -4
right_child=1 2 4 9 -6 6 -8 -9 -10 -11 -12 -13 -14 -15
leaf_value=0.22757603591779438 0.11313944820631235 0.19660449943427891 0.19011813898636609 0.075891504328489803 0.16732706635512448 0.0405652728483126 0.078243602431345372 0.093992982490391633 0.10186215716388333 0.14678916651875734 0.0072653238143651402 -0.026199198966940378 -0.02945740129986419 -0.020104066853224994
leaf_weight=8487.6023488417268 2692.4674045853317 668.47189282625914 1703.514240860939 1467.1296544075012 606.11590346693993 4689.686137471348 8234.944397598505 2714.0279849022627 424.98685282468796 1449.7057773917913 7798.3346511125565 139598.65879429877 22068.866543140262 1099.1955565586686
leaf_count=77795 36504 7847 29636 20483 6793 70312 123969 38259 5862 18342 124905 2454472 383909 19106
internal_value=-9.73259e-05 -0.0120874 -0.0227497 0.194213 -0.0236392 0.05554 0.0489183 0.0330287 0.221594 0.111167 0.0197729 -0.0243439 -0.0139302 0.1083
internal_weight=203704 191874 165745 11829.4 165076 26129.5 23437 15202 8912.59 2916.84 12488 164470 24871.6 2802.71
internal_count=3418194 3295712 2901763 122482 2893916 393949 357445 233476 83657 38825 195217 2887123 432651 48742
cat_boundaries=0 1 2
cat_threshold=570570756 2147483648
is_linear=0
shrinkage=0.03


Tree=3
num_leaves=15
num_cat=2
split_feature=27 2 14 4 5 7 15 6 15 5 7 6 16 27
split_gain=437483 117392 28376.6 25307.1 21147.6 13361 14142.2 12283.7 5988.16 4669.59 3528.5 3419.58 45648.3 24018.4
threshold=0 99.500000000000014 1.0000000180025095e-35 1.0000000180025095e-35 1.0000000180025095e-35 3.5000000000000004 1.0000000180025095e-35 11.500000000000002 1.0000000180025095e-35 1.0000000180025095e-35 10.500000000000002 5.5000000000000009 25.500000000000004 1
decision_type=9 2 2 2 2 2 2 2 2 2 2 2 2 9
left_child=2 7 -1 -4 11 8 -7 -2 -3 10 -8 12 13 -5
right_child=1 5 3 4 -6 6 9 -9 -10 -11 -12 -13 -14 -15
leaf_value=0.16001231145990139 0.18624125160319699 0.0774335835670482 0.042074477401441011 0.15528722102713488 0.14168593627904044 0.014698896694549875 0.085734094023660973 0.05563854530207666 0.1459902156656647 0.15479890189085505 0.041050936896545327 -0.02604498383538071 -0.029365957597641004 -0.020458475550764278
leaf_weight=779.2503197863698 10109.468754775822 8331.9362811893225 5479.0317104905844 1998.5271111279726 693.726523026824 8094.9007684290409 3527.2691471800208 693.64842486381531 1330.7922591120005 574.89952913671732 2902.2540056705475 136474.78211481124 21471.318835832179 1077.0432036034763
leaf_count=7846 79340 109295 81105 29492 6817 125606 47722 9170 16201 5825 42022 2455537 383312 19053
internal_value=-0.000247035 0.0953205 -0.0204865 -0.0213299 -0.0234784 0.0593425 0.0417093 0.177861 0.0868896 0.0729182 0.0655739 -0.0241908 -0.0138815 0.0941939
internal_weight=203539 35565.2 167974 167194 161715 24762.1 15099.3 10803.1 9662.73 7004.42 6429.52 161022 24546.9 3075.57
internal_count=3418343 435181 2983162 2975316 2894211 346671 221175 88510 125496 95569 89744 2887394 431857 48545
cat_boundaries=0 1 2
cat_threshold=3450946515 2147483648
is_linear=0
shrinkage=0.03


Tree=4
num_leaves=15
num_cat=3
split_feature=27 2 3 4 5 7 15 6 15 7 27 6 16 27
split_gain=387711 88565.9 24101.9 23719 18761.5 11117.2 10207.7 8911.98 4985.06 4641.76 3983.83 3421.97 40949.4 18546.1
threshold=0 18.000000000000004 85.000000000000014 1.0000000180025095e-35 1.0000000180025095e-35 5.5000000000000009 1.0000000180025095e-35 10.500000000000002 1.0000000180025095e-35 1.5000000000000002 1 5.5000000000000009 25.500000000000004 2
decision_type=9 2 2 2 2 2 2 2 2 2 9 2 2 9
left_child=2 7 3 -1 11 8 -7 -2 9 -3 -8 12 13 -5
right_child=1 5 -4 4 -6 6 10 -9 -10 -11 -12 -13 -14 -15
leaf_value=0.039077666754723454 0.15918584639257596 0.087548683628084434 0.11483991213141596 0.13183018559578208 0.12452046016866278 0.0080230753520955135 0.048633097278441034 0.051160561229372188 0.11079322779919533 0.047554437220705785 0.10649329723018969 -0.025966100283259047 -0.029260676673056128 -0.020487745246220938
leaf_weight=5672.0717026814818 11430.079033009708 4568.8120438084006 1179.6681449338794 2275.9123892784119 767.44471928477287 6438.2929233983159 4895.1836758181453 732.56421008706093 2631.602449990809 6108.6408819407225 1398.3144400119781 133119.32881828398 20923.532723248005 1052.2174302339554
leaf_count=80993 79024 53580 12125 29472 6772 99815 66789 9243 30410 81900 14435 2451855 383476 18976
internal_value=-0.000277445 0.0858271 -0.0202193 -0.0211939 -0.0233559 0.0546292 0.0345838 0.152684 0.0738011 0.0646743 0.06175 -0.0240779 -0.0137125 0.0840163
internal_weight=203194 38203.5 164990 163811 158138 26040.8 12731.8 12162.6 13309.1 10677.5 6293.5 157371 24251.7 3328.13
internal_count=3418865 435196 2983669 2971544 2890551 346929 181039 88267 165890 135480 81224 2883779 431924 48448
cat_boundaries=0 1 3 4
cat_threshold=3450946515 268705804 8 2147483648
is_linear=0
shrinkage=0.03


Tree=5
num_leaves=15
num_cat=3
split_feature=27 27 4 3 5 7 15 6 15 7 6 16 27 10
split_gain=349519 70015.7 21754.5 22008.7 16762.3 12264.5 7462.86 6633.96 4002.05 4734.16 3374.03 37422 14866 2988.01
threshold=0 1 1.0000000180025095e-35 85.000000000000014 1.0000000180025095e-35 5.5000000000000009 1.0000000180025095e-35 11.500000000000002 1.0000000180025095e-35 2.5000000000000004 5.5000000000000009 25.500000000000004 2 1.0000000180025095e-35
decision_type=9 9 2 2 2 2 2 2 2 2 2 2 9 2
left_child=2 7 -1 4 10 8 -7 -2 9 -3 11 12 -4 -9
right_child=1 5 3 -5 -6 6 -8 13 -10 -11 -12 -13 -14 -15
leaf_value=0.036748329902479414 0.13924810094827836 0.074384595319506891 0.11457983244497633 0.1017047447846364 0.11066927248000742 0.0055081354361477654 0.052042966363245943 0.028273429673013235 0.10086324260018305 0.033161122901748268 -0.025749559598771544 -0.029220229796221089 -0.020423892927803621 0.11955649747878595
leaf_weight=5866.7182448655367 12751.395395353436 7651.871132157743 2548.1204364672303 1280.8829726427794 837.32960809767246 6424.5065078511834 5996.2644101753831 737.09631966799498 2811.1665805950761 3732.7342758886516 130086.91342342645 20362.054843813181 1031.3868190348148 574.26495312154293
leaf_count=81071 80150 86352 29613 12079 6751 99222 76063 9021 29758 50084 2451775 382984 18940 5303
internal_value=-0.000219006 0.0783876 -0.01996 -0.0220921 -0.0231167 0.0497313 0.0279757 0.132544 0.0687984 0.0608725 -0.0238447 -0.0134939 0.0759485 0.0683083
internal_weight=202693 40679.3 162013 156147 154866 26616.5 12420.8 14062.8 14195.8 11384.6 154028 23941.6 3579.51 1311.36
internal_count=3419166 435953 2983213 2902142 2890063 341479 175285 94474 166194 136436 2883312 431537 48553 14324
cat_boundaries=0 1 2 3
cat_threshold=3450946515 570425344 2147483648
is_linear=0
shrinkage=0.03


Tree=6
num_leaves=15
num_cat=5
split_feature=27 14 8 14 12 5 27 8 27 27 6 16 14 28
split_gain=317062 57660 22242.4 19819.6 16164 15123.1 4710.39 4568.28 4523.57 3794.81 3614.28 37059.6 10179.4 2810.26
threshold=0 70.785714285714292 4.5000000000000009 1.0000000180025095e-35 1.0000000180025095e-35 1.0000000180025095e-35 1 3.5000000000000004 2 3 5.5000000000000009 25.500000000000004 140.68699186991873 4
decision_type=9 2 2 2 2 2 9 2 9 9 2 2 2 9
left_child=3 -2 6 -1 7 9 -3 -5 13 -6 11 12 -11 -4
right_child=1 2 8 4 5 -7 -8 -9 -10 10 -12 -13 -14 -15
leaf_value=0.11186880286465246 0.12775769456271732 0.097441604006600221 0.20213259683769449 0.064174594014076061 -0.0034284768536359963 0.099404553721694822 0.060386525199808395 0.0057828220274851964 0.0052570484374664774 0.1118274523004192 -0.02623659401041253 -0.029602246031704235 0.0015427851024498961 0.051680536779968589
leaf_weight=1021.9343444555998 12061.822939440608 3824.771277114749 138.23492117226124 2285.4374900311232 8404.6501630879939 912.23279009759426 17800.659904856235 2551.9242365583777 8510.3813332654536 2375.7971513569355 121435.16866015643 19036.917816665024 1102.7461731880903 559.65660250931978
leaf_count=7821 70012 30097 1238 27583 155888 6816 203733 35845 124467 25552 2339835 367218 16801 6010
internal_value=-0.00024436 0.0721317 0.0503913 -0.0197583 -0.020611 -0.0223152 0.0670174 0.0333779 0.0113423 -0.0230446 -0.024188 -0.0131491 0.0768762 0.0841554
internal_weight=202022 42895.5 30833.7 159127 158105 153268 21625.4 4837.36 9208.27 152355 143951 22515.5 3478.54 697.892
internal_count=3418916 435557 365545 2983359 2975538 2912110 233830 63428 131715 2905294 2749406 409571 42353 7248
cat_boundaries=0 1 2 3 4 5
cat_threshold=3450946515 570556416 537001984 68157632 1048576
is_linear=0
shrinkage=0.03


Tree=7
num_leaves=15
num_cat=2
split_feature=27 2 4 14 5 7 15 6 6 6 2 5 27 7
split_gain=287134 48929.6 19641.7 18763.1 13568.6 6753.53 8759.01 4392.9 3416.21 18293.1 5045.61 2657.48 2252.98 2201.22
threshold=0 99.500000000000014 1.0000000180025095e-35 1.0000000180025095e-35 1.0000000180025095e-35 2.5000000000000004 1.0000000180025095e-35 11.500000000000002 5.5000000000000009 4.5000000000000009 99.500000000000014 1.0000000180025095e-35 1 5.5000000000000009
decision_type=9 2 2 2 2 2 2 2 2 2 2 2 9 2
left_child=2 7 13 -4 8 -3 11 -2 9 -5 -11 -7 -8 -1
right_child=1 5 3 4 -6 6 12 -9 -10 10 -12 -13 -14 -15
leaf_value=0.055193699078108574 0.11350035957055254 0.065170377545789887 0.10136011628746439 -0.028484576426519161 0.089018014089189301 0.013613921711388957 0.081328576727050531 0.041607155601497595 -0.025283109893481384 0.054548047882160507 -0.0010781018168977276 0.13776978124366829 0.04664041368420542 0.018512333185646452
leaf_weight=2427.7762208878994 14657.984499812126 9213.5740245059133 1106.6666043177247 17364.510576941073 973.31542643159628 10500.207403108478 2260.75693859905 808.63083655387163 124589.18137525767 3613.2826816700399 2470.7852650918067 156.5023368448019 7380.066741026938 3743.2259879857302
leaf_count=28710 79536 92573 7873 342270 6805 148766 18929 9176 2454895 49428 41041 1370 85518 52237
internal_value=-0.000276599 0.0665088 -0.0194998 -0.0216574 -0.0225717 0.0438688 0.0341967 0.109745 -0.023306 -0.0128003 0.0319614 0.01545 0.054915 0.03295
internal_weight=201266 44977.7 156289 150118 149011 29511.1 20297.5 15466.6 148038 23448.6 6084.07 10656.7 9640.82 6171
internal_count=3419127 435868 2983259 2902312 2894439 347156 254583 88712 2887634 432739 90469 150136 104447 80947
cat_boundaries=0 1 2
cat_threshold=3450946515 541202440
is_linear=0
shrinkage=0.03


Tree=8
num_leaves=15
num_cat=4
split_feature=27 8 3 27 12 5 8 8 27 6 6 13 7 27
split_gain=263484 42828.8 16147.4 15884.4 14855.5 12596.1 6759.92 3689.54 3673.74 3633.23 18175.2 3927.03 2942.38 2850.91
threshold=0 2.5000000000000004 85.000000000000014 1 1.0000000180025095e-35 1.0000000180025095e-35 5.5000000000000009 4.5000000000000009 2 5.5000000000000009 4.5000000000000009 1.5000000000000002 23.500000000000004 3
decision_type=9 2 2 9 2 2 2 2 9 2 2 2 2 9
left_child=2 3 4 -2 7 8 13 -1 -6 10 -10 -12 -13 -3
right_child=1 6 -4 -5 5 -7 -8 -9 9 -11 11 12 -14 -15
leaf_value=0.05010254724460679 0.10445865663304815 0.029183456165745504 0.077937697190576152 0.060116392505601433 -0.0031932579570893914 0.082541062193459816 -0.0046174486906151047 -0.0023027433136163823 -0.029383409018817599 -0.025992346602403994 0.04773458169130769 -0.020558182179974818 0.094567090317890207 0.065176661993519944
leaf_weight=3155.9019536674023 15865.573389358819 9778.6490943133831 1522.4566458836198 13661.053929872811 8211.0454630330205 1029.6516220271587 5051.6059122309089 1959.532888546586 15949.896520070732 115780.19078626484 4205.4481617696583 1535.3707879558206 228.67292994633317 2506.0263540670276
leaf_count=35947 83942 122434 12090 136335 155531 6794 72700 27404 323182 2337749 56514 25853 2996 20399
internal_value=-0.000245492 0.0620127 -0.019246 0.0840013 -0.0202209 -0.0219705 0.0245954 0.0300315 -0.0227086 -0.0238703 -0.0126715 0.0319785 -0.00558937 0.0366074
internal_weight=200441 46862.9 153578 29526.6 152056 146940 17336.3 5115.43 145911 137700 21919.4 5969.49 1764.04 12284.7
internal_count=3419870 435810 2984060 220277 2971970 2908619 215533 63351 2901825 2746294 408545 85363 28849 142833
cat_boundaries=0 1 2 3 4
cat_threshold=3450946515 570556416 68157632 272926720
is_linear=0
shrinkage=0.03


Tree=9
num_leaves=15
num_cat=5
split_feature=4 8 2 27 27 8 6 16 27 15 27 15 16 27
split_gain=242891 45828.7 15078.3 14831.7 13115.5 6238.45 3775.91 32508.8 7321.1 3068.6 3000.56 2449.38 2006.22 1997.84
threshold=1.0000000180025095e-35 2.5000000000000004 60.000000000000007 0 1 5.5000000000000009 5.5000000000000009 25.500000000000004 2 1.0000000180025095e-35 3 1.0000000180025095e-35 23.500000000000004 4
decision_type=2 2 2 9 9 2 2 2 9 2 9 2 2 9
left_child=1 3 13 -1 -4 11 7 8 -6 -5 -8 -3 -10 -2
right_child=2 5 4 9 6 -7 10 -9 12 -11 -12 -13 -14 -15
leaf_value=0.096835012086516056 0.10347470935689775 0.017446380620866359 0.07425876217829315 0.049219457628687707 0.085073828783260294 -0.0042733931702495717 -0.027046291793756963 -0.028562519914204915 0.086173337171256831 0.080369334803213344 -0.015778931096188192 0.042152362862381255 -0.018094273503165774 0.034772329190037622
leaf_weight=16259.315648674965 827.04579120129347 6670.9214604869485 1267.9507310241461 12668.595542371273 3235.9933431595564 6634.3112561255693 91775.942125931382 18681.612319361418 197.07068967819214 3675.3239073008299 27844.857795126736 7879.9558240175247 1027.3726060837507 766.40006001293659
leaf_count=81144 4915 88236 8947 123621 29930 95859 1896088 383092 1236 34531 560621 84107 19079 7090
internal_value=-0.000287848 0.0541898 -0.0204102 0.0765112 -0.0214257 0.0198359 -0.0222797 -0.0111881 0.061571 0.0561944 -0.0244273 0.0308278 -0.0012459 0.0713405
internal_weight=199413 53788.4 145624 32603.2 144031 21185.2 142763 23142 4460.44 16343.9 119621 14550.9 1224.44 1593.45
internal_count=3418496 507498 2910998 239296 2898993 268202 2890046 433337 50245 158152 2456709 172343 20315 12005
cat_boundaries=0 1 2 3 4 5
cat_threshold=33685504 536875008 2147483648 2166358288 2147483648
is_linear=0
shrinkage=0.03


Tree=10
num_leaves=15
num_cat=2
split_feature=4 8 5 14 27 8 15 16 16 2 27 18 11 15
split_gain=225085 39946.2 25263.7 15054 13430 5775.25 2492.34 2158.73 15615.8 4363.66 2175.3 2218.54 2789.79 2139.74
threshold=1.0000000180025095e-35 2.5000000000000004 1.0000000180025095e-35 1.0000000180025095e-35 0 5.5000000000000009 1.0000000180025095e-35 24.500000000000004 25.500000000000004 109.50000000000001 1 inf 25.500000000000004 1.5000000000000002
decision_type=2 2 2 2 9 2 2 2 2 2 9 8 2 2
left_child=1 4 3 -2 -1 13 -6 10 9 -9 -5 -12 -13 -3
right_child=2 5 -4 7 6 -7 -8 8 -10 -11 11 12 -14 -15
leaf_value=0.090249484387220191 0.079847424002570055 0.023807743075422473 0.079137334854873384 -0.026476957136252734 0.046150691196753885 -0.0042695412008909679 0.073461977095933051 0.045667983420432809 -0.028233503824871411 -0.0040990682731540983 -0.017284469882939486 0.18496313904301567 0.011985032372846314 0.052513803494890023
leaf_weight=16900.592733845115 1298.5873077213764 12032.671172186732 2267.3641471117735 92869.279448289424 13165.555302485824 6623.2411551102996 3902.5632776767015 3850.0948357433081 19911.91553452611 2695.2532475329936 19438.609936326742 100.49835354089737 485.30232732370496 2900.8356022015214
leaf_count=81051 7903 143227 14321 1961716 123751 96057 34519 49456 419030 46306 400407 1996 9933 29455
internal_value=-0.000269242 0.0509896 -0.0201843 -0.021786 0.0712597 0.0190464 0.0523686 -0.0227337 -0.0150196 0.0251773 -0.0245414 -0.0155426 0.0419253 0.029387
internal_weight=198442 55525.5 142917 140650 33968.7 21556.7 17068.1 139351 26457.3 6545.35 112894 20024.4 585.801 14933.5
internal_count=3419128 508060 2911068 2896747 239321 268739 158270 2888844 514792 95762 2374052 412336 11929 172682
cat_boundaries=0 1 2
cat_threshold=33685504 2837447440
is_linear=0
shrinkage=0.03


Tree=11
num_leaves=15
num_cat=0
split_feature=4 8 5 2 2 8 6 6 1 11 2 12 11 11
split_gain=207512 35033.3 23514.1 13891 12664.5 5153.87 3249.55 15093.8 3450.49 2651.41 1658.25 1489.66 1417.97 2457
threshold=1.0000000180025095e-35 2.5000000000000004 1.0000000180025095e-35 60.000000000000007 146.00000000000003 5.5000000000000009 5.5000000000000009 4.5000000000000009 99.500000000000014 668.50000000000011 99.500000000000014 0.7958333333333335 546.50000000000011 478.50000000000006
decision_type=2 2 2 2 2 2 2 2 2 2 2 2 2 2
left_child=1 4 3 -2 -1 -3 7 -5 9 12 -8 -7 13 -9
right_child=2 5 -4 6 -6 11 10 8 -10 -11 -12 -13 -14 -15
leaf_value=0.085101624305880363 0.063257427534088861 0.027646214690269909 0.073253641590804663 -0.028095127375461982 0.049078743055100384 -0.0077865995788803811 -0.028552196794896251 0.03821939360971878 -0.001820900505055978 0.17480826392414769 -0.021296762077660174 0.051457014339719616 -0.026400769371289858 0.15429336231698701
leaf_weight=16968.893689006567 1715.182601749897 15242.128972738981 2393.9548707604408 15654.527990996838 18221.904992461205 6173.5702015385032 53071.02775900811 3478.4603140428662 2458.7752275615931 132.34352358430624 60916.442485090345 406.17922312021255 278.83923592418432 171.40764500945807
leaf_count=77880 12037 172293 14433 341442 161382 90315 1149165 42133 41017 1230 1303887 5464 4100 1767
internal_value=-0.000327816 0.0479325 -0.0199433 -0.021562 0.0664508 0.0180677 -0.0226309 -0.0121223 0.0262278 0.0432062 -0.024675 -0.00412213 0.0387297 0.0437113
internal_weight=197284 57012.7 140271 137877 35190.8 21821.9 136162 22174.4 6519.83 4061.05 113987 6579.75 3928.71 3649.87
internal_count=3418545 507334 2911211 2896778 239262 268072 2884741 431689 90247 49230 2453052 95779 48000 43900
is_linear=0
shrinkage=0.03


Tree=12
num_leaves=15
num_cat=2
split_feature=12 14 2 5 8 2 6 16 29 15 8 7 28 18
split_gain=172689 32035.3 23097.4 21365.2 12726 5200.39 3465.26 27143.3 5754.73 2200.87 2710.35 2683.11 2190.33 1843.27
threshold=1.0000000180025095e-35 70.785714285714292 18.000000000000004 1.0000000180025095e-35 4.5000000000000009 149.50000000000003 5.5000000000000009 25.500000000000004 0 1.0000000180025095e-35 2.5000000000000004 1.5000000000000002 1 1717.5000000000002
decision_type=2 2 2 2 2 2 2 2 9 2 2 2 9 10
left_child=1 -1 -2 5 9 6 7 8 -4 11 -11 -3 13 -6
right_child=2 4 3 -5 12 -7 -8 -9 -10 10 -12 -13 -14 -15
leaf_value=0.08163156526431678 0.066532880854833415 0.048382752774793862 0.070663986074778098 0.068049373059047888 -0.0018757016336657831 0.0032983110504241414 -0.024622516161702308 -0.028567905129249234 -0.022178781549111359 0.067284751880984858 0.036952726853733679 0.024553652763855658 0.00027320153167116926 0.13707016076634088
leaf_weight=15517.226310603321 2868.6496182829142 7397.0875269472599 3633.2498608641326 2465.8848280087113 150.1857044249773 7473.2553415670991 107877.69898861647 16909.30397086218 719.19286355748773 5270.7322525456548 5344.9182637631893 10013.348960317671 10362.913320221007 199.75741868466139
leaf_count=69039 17279 60025 30881 14263 2072 134761 2372775 372053 13840 36792 50621 100584 142945 1510
internal_value=-0.000314154 0.0452093 -0.0177147 -0.0194528 0.0306183 -0.0210328 -0.0224408 -0.0113706 0.0554326 0.0412487 0.0520177 0.03468 0.0028065 0.0754531
internal_weight=196203 54256.2 141947 139079 38738.9 136613 129139 21261.7 4352.44 28026.1 10615.7 17410.4 10712.9 349.943
internal_count=3419440 463588 2955852 2938573 394549 2924310 2789549 416774 44721 248022 87413 160609 146527 3582
cat_boundaries=0 1 2
cat_threshold=40 1048576
is_linear=0
shrinkage=0.03


Tree=13
num_leaves=15
num_cat=1
split_feature=4 1 5 7 11 1 18 6 16 29 15 7 15 16
split_gain=181368 29463.2 19967.5 6097.59 5294.68 5445.82 4155.76 3056.34 23527.3 6107.54 2717.49 3318.63 2163.81 2024.51
threshold=1.0000000180025095e-35 99.500000000000014 1.0000000180025095e-35 9.5000000000000018 28.500000000000004 99.500000000000014 inf 5.5000000000000009 25.500000000000004 0 1.0000000180025095e-35 2.5000000000000004 1.0000000180025095e-35 6.5000000000000009
decision_type=2 2 2 2 2 2 8 2 2 9 2 2 2 2
left_child=1 13 4 10 5 -2 -7 8 9 -6 11 -3 -5 -1
right_child=2 3 -4 12 7 6 -8 -9 -10 -11 -12 -13 -14 -15
leaf_value=0.076193160931521162 -0.021078569050832958 0.040334848441833562 0.063558039050282622 -0.0023482161095426625 0.067573433713067982 0.0071408094544829727 0.084022165704962584 -0.024451758680654859 -0.02819765019127075 -0.021016190151690661 0.050281226305042073 0.015710890491173558 0.023514751010366569 0.033957078749902045
leaf_weight=18136.549867719412 2803.9168714508414 11877.361738279462 2551.9043816924095 5913.0594313070178 3500.3497079126537 1519.3342671319842 1083.672039616853 106204.30773672834 16651.69542330876 874.31295404955745 8559.7061508446932 8419.3397793546319 5734.0304044187069 1084.7788677960634
leaf_count=78939 59829 97159 14227 86188 28386 24410 8450 2383831 375008 17125 71702 100586 62824 10001
internal_value=-0.000313137 0.0432249 -0.0195478 0.0287083 -0.0211472 0.00792712 0.0391677 -0.0223828 -0.011932 0.0499737 0.0361032 0.0301218 0.0103854 0.0738114
internal_weight=194914 59724.8 135189 40503.5 132638 5406.92 2603.01 127231 21026.4 4374.66 28856.4 20296.7 11647.1 19221.3
internal_count=3418665 507399 2911266 418459 2897039 92689 32860 2804350 420519 45511 269447 197745 149012 88940
cat_boundaries=0 1
cat_threshold=40
is_linear=0
shrinkage=0.03


Tree=14
num_leaves=15
num_cat=5
split_feature=4 2 2 8 27 6 16 27 27 27 28 16 18 11
split_gain=168125 27463.3 11132.7 9969.42 9264.06 3517.04 24429.7 4151.79 3120.78 1957.19 2391.34 1923.21 1853.52 1937.21
threshold=1.0000000180025095e-35 99.500000000000014 60.000000000000007 4.5000000000000009 0 5.5000000000000009 25.500000000000004 1 2 3 4 6.5000000000000009 inf 32.500000000000007
decision_type=2 2 2 2 9 2 2 9 9 9 9 2 8 2
left_child=1 11 -2 -3 -4 6 7 -6 -7 10 -5 -1 -10 -14
right_child=2 3 4 9 5 8 -8 -9 12 -11 -12 -13 13 -15
leaf_value=0.072483407751411003 0.05312783416304373 0.036409093490876357 0.052889509737676768 0.11985067378285938 0.061360876224119752 -0.026294959258219036 -0.028002303327550517 -0.0018317270216037277 -0.015611458829224691 0.0011045964887063627 -0.0024640945689626856 0.031585243375485024 0.14156477953573132 0.010571764503250784
leaf_weight=18466.657265432179 1882.3044129610062 29461.156352743506 1527.4137899428606 275.11260524392128 3969.0625940486789 81867.375036548823 16586.359899379313 1231.7611100524664 24969.114279896021 11324.027569130063 297.65999492257833 1098.5431193560362 123.61842346936464 551.30840969085693
leaf_count=78839 12037 256057 9011 1869 29952 1896348 383333 20381 546438 157131 3379 9874 2015 11913
internal_value=-0.00035313 0.0409045 -0.0192936 0.0270496 -0.020336 -0.0212039 -0.0102138 0.0465113 -0.0234329 0.00387054 0.0574371 0.0701888 -0.0142794 0.0347382
internal_weight=193631 60923.2 132708 41358 130826 129299 21787.2 5200.82 107511 11896.8 572.773 19565.2 25644 674.927
internal_count=3418577 507149 2911428 418436 2899391 2890380 433666 50333 2456714 162379 5248 88713 560366 13928
cat_boundaries=0 1 2 3 4 5
cat_threshold=536875008 2147483648 2166358288 131072 1114112
is_linear=0
shrinkage=0.03


Tree=15
num_leaves=15
num_cat=3
split_feature=4 2 14 8 27 6 16 14 27 15 8 16 18 27
split_gain=157856 25058.7 10466.5 9026.44 8830.21 3432.93 22737.7 3602.54 3332.74 1936.37 2061.41 1882.67 1852.08 1785.9
threshold=1.0000000180025095e-35 99.500000000000014 1.0000000180025095e-35 4.5000000000000009 0 5.5000000000000009 25.500000000000004 139.68857758620692 1 1.5000000000000002 1.5000000000000002 6.5000000000000009 inf 2
decision_type=2 2 2 2 9 2 2 2 9 2 2 2 8 9
left_child=1 11 -2 9 -4 6 7 -6 -7 10 -3 -1 -10 -5
right_child=2 3 4 13 5 8 -8 -9 12 -11 -12 -13 -14 -15
leaf_value=0.069085770537416685 0.059182551026677653 0.039577314435487058 0.050357129928884393 0.054354850191460496 0.060333564378634338 -0.026130989262196296 -0.027710912013283899 0.0077492078245095788 -0.01504013490954143 0.05395322613186445 0.022718512272762378 0.029084473544904847 0.034201316265345789 0.0011658719077653628
leaf_weight=18744.937505617738 1518.8237064182758 13936.978693068027 1576.0658041313291 587.23886500298977 3652.3385141119361 80002.94513386488 16224.428459327668 1727.2768801301718 24906.393575083464 4057.8805221244693 12289.02752058953 1124.4649254381657 706.0424545481801 11324.748632214963
leaf_count=78760 7859 108990 9042 5192 27299 1897183 384038 23179 549397 33592 113774 9898 14069 157004
internal_value=-0.000331853 0.0390449 -0.0190861 0.0259631 -0.0200096 -0.020884 -0.00998886 0.0434545 -0.0231145 0.0346651 0.0316788 0.0668236 -0.0136761 0.00383894
internal_weight=192380 62065.3 130314 42195.9 128795 127219 21604 5379.62 105615 30283.9 26226 19869.4 25612.4 11912
internal_count=3419276 507210 2912066 418552 2904207 2895165 434516 50478 2460649 256356 222764 88658 563466 162196
cat_boundaries=0 1 2 3
cat_threshold=536875008 2166358288 131072
is_linear=0
shrinkage=0.03


Tree=16
num_leaves=15
num_cat=3
split_feature=27 0 2 14 8 6 16 8 14 28 8 16 27 18
split_gain=144783 21755.6 10136.2 10074.1 7286.85 3598.27 22612.5 3034.14 2595.1 2366.15 2200.56 2058.93 1991.28 1505.04
threshold=0 22.000000000000004 149.50000000000003 1.0000000180025095e-35 5.5000000000000009 5.5000000000000009 25.500000000000004 4.5000000000000009 140.68699186991873 1 3.5000000000000004 6.5000000000000009 2 1717.5000000000002
decision_type=9 2 2 2 2 2 2 2 2 9 2 2 9 10
left_child=2 11 3 -1 9 6 8 -4 -5 13 -11 -2 -7 -3
right_child=1 4 7 5 -6 12 -8 -9 -10 10 -12 -13 -14 -15
leaf_value=0.074099897939366929 0.066216987604614932 0.047660628470564931 0.022399890104060127 0.057483968714904556 -0.0082717673409929849 -0.025950069851365228 -0.028409457864839699 -0.0074033515263703239 0.0097621040075110896 0.033262002690471477 0.01580915263343538 0.024144379892961143 -0.015311492411877774 0.10747469649952078
leaf_weight=1001.4173656255007 18971.849218450487 1833.7250585779548 6355.5200498327613 3735.7628643102944 5012.6643482893705 78109.225289937109 15097.590910125524 5953.2632571347058 1414.1438875347376 22914.150941483676 9081.7602080255747 1109.5679862648249 20014.501353953034 477.64546814933419
leaf_count=4649 78657 17098 80753 25857 77251 1896950 367381 105158 18169 183892 100777 9671 450431 2995
internal_value=-0.000393748 0.0384827 -0.0179326 -0.0206066 0.0255134 -0.0214085 -0.00989328 0.00798583 0.0443842 0.0304498 0.0283 0.0638936 -0.0237845 0.0598037
internal_weight=191083 59401.4 131681 119373 39319.9 118371 20247.5 12308.8 5149.91 34307.3 31995.9 20081.4 98123.7 2311.37
internal_count=3419689 470341 2949348 2763437 382013 2758788 411407 185911 44026 304762 284669 88328 2347381 20093
cat_boundaries=0 1 2 3
cat_threshold=3449897939 3145728 2166358288
is_linear=0
shrinkage=0.03


Tree=17
num_leaves=15
num_cat=3
split_feature=4 14 5 2 8 6 16 27 15 8 27 7 18 27
split_gain=138379 22156.7 17362.7 9908.94 8504.33 3026.73 18883.2 4319.94 2303.17 2131.29 2029.98 1768.56 1663.36 1460.82
threshold=1.0000000180025095e-35 70.785714285714292 1.0000000180025095e-35 60.000000000000007 4.5000000000000009 5.5000000000000009 25.500000000000004 0 1.0000000180025095e-35 2.5000000000000004 1 1.5000000000000002 inf 2
decision_type=2 2 2 2 2 2 2 9 2 2 9 2 8 9
left_child=1 -1 3 -2 8 6 7 -5 11 -10 -7 -3 -12 -6
right_child=2 4 -4 5 13 10 -8 -9 9 -11 12 -13 -14 -15
leaf_value=0.064894028399479539 0.045847824415953545 0.03665677574532069 0.056312659702769184 0.050432768196525757 0.048273678337862919 -0.025627575023663068 -0.027853961176722924 -0.019262461633852888 0.053405719129973418 0.029999844486355589 -0.016337155572626993 0.018685542027950815 0.033352443831997203 0.001617219390180949
leaf_weight=16999.999645516276 2003.1121748760343 8487.8094398826361 2719.2105842977762 4350.0395405739546 624.90495758503675 81329.845837887377 15346.058142114431 978.53486935794353 7213.6556207463145 6814.0129885971546 18277.196161162108 11761.541051879525 626.20820657908916 12075.911649689078
leaf_count=69946 12010 60162 14279 29612 5207 2016392 383411 19008 44379 57350 423206 106563 11899 163527
internal_value=-0.000366923 0.0355465 -0.0186562 -0.0203152 0.0249253 -0.0214117 -0.0109597 0.0376913 0.0326949 0.0420391 -0.0235674 0.0262199 -0.0146817 0.00395571
internal_weight=189608 63977.8 125630 122911 46977.8 120908 20674.6 5328.57 34277 14027.7 100233 20249.4 18903.4 12700.8
internal_count=3416951 507134 2909817 2895538 437188 2883528 432031 48620 268454 101729 2451497 166725 435105 168734
cat_boundaries=0 1 2 3
cat_threshold=2147483648 2837447440 131072
is_linear=0
shrinkage=0.03


Tree=18
num_leaves=15
num_cat=2
split_feature=27 27 8 14 5 6 6 8 18 18 14 11 11 1
split_gain=128583 25832.4 10010.4 8830.57 8336.07 3196.68 11703.6 3073.06 2001.71 1892.73 1807.77 1700.86 1624.26 1532.84
threshold=0 1 4.5000000000000009 1.0000000180025095e-35 1.0000000180025095e-35 5.5000000000000009 4.5000000000000009 2.5000000000000004 1692.5000000000002 1727.5000000000002 140.68699186991873 668.50000000000011 546.50000000000011 130.00000000000003
decision_type=9 9 2 2 2 2 2 2 8 10 2 2 2 2
left_child=3 7 -3 -1 5 6 -5 -2 -9 -10 11 12 -8 -7
right_child=1 2 -4 4 -6 13 10 8 9 -11 -12 -13 -14 -15
leaf_value=0.067574987114244159 0.060071083543420965 0.027031069217653733 -0.0024321991151225629 -0.028120061466831034 0.058983223320365374 -0.027674984759169404 0.030654032583201762 0.016307752840174734 0.11200863526687793 0.036334352076415319 -0.0084573053774252699 0.099473307554551652 -0.02175689122838002 -0.019959311845292857
leaf_weight=1022.378606647253 20970.543015226722 33454.712160173804 15045.690579816699 12455.602042935789 1161.368108689785 49762.049184046686 4557.8686246946454 2663.3712850064039 441.90555858612061 910.92538563907146 1523.6624561026692 286.97435681521893 601.78703738376498 43403.072823550552
leaf_count=4556 89936 301988 236174 323538 6135 1270411 48041 19815 2342 5678 25603 2350 9603 1072409
internal_value=-0.000318515 0.0306637 0.0178875 -0.0201566 -0.0209474 -0.0217724 -0.0107015 0.0554441 0.0314132 0.061118 0.0204244 0.0285039 0.0245381 -0.0240807
internal_weight=188262 73487.1 48500.4 114775 113752 112591 19425.9 24986.7 4016.2 1352.83 6970.29 5446.63 5159.66 93165.1
internal_count=3418579 655933 538162 2762646 2758090 2751955 409135 117771 27835 8020 85597 59994 57644 2342820
cat_boundaries=0 1 3
cat_threshold=3382789075 570562560 8
is_linear=0
shrinkage=0.03


Tree=19
num_leaves=15
num_cat=3
split_feature=4 2 5 2 7 6 16 27 27 15 7 12 15 28
split_gain=122604 19847.5 15595.1 8869.81 3609.48 2852.96 17132.6 3661.61 2046.11 1838.69 2131.26 1749.18 1636.66 1599.03
threshold=1.0000000180025095e-35 18.000000000000004 1.0000000180025095e-35 60.000000000000007 9.5000000000000018 5.5000000000000009 25.500000000000004 0 1 1.0000000180025095e-35 1.5000000000000002 0.72474747474747481 1.5000000000000002 2
decision_type=2 2 2 2 2 2 2 9 9 2 2 2 2 9
left_child=1 -1 3 -2 9 6 7 -5 -7 10 -3 12 -6 -10
right_child=2 4 -4 5 11 8 -8 -9 13 -11 -12 -13 -14 -15
leaf_value=0.057116845519599647 0.041800241962414712 0.033580825577876602 0.050973207149023807 0.045560186406665829 -0.0015420370296933073 -0.025267300992587519 -0.027649066276153718 -0.019043596849882494 0.031875252591032265 0.037568171770192907 0.014786929291572057 0.043924006898485121 0.027244499525864024 -0.015814214109572677
leaf_weight=20561.380295269191 2060.3318453133106 8872.1172087788582 2861.8521007448435 4549.1379978656769 8988.3172271698713 77705.414846666157 14676.669004481286 952.63174140453339 647.06049883365631 9875.1540404111147 14005.462086290121 1091.2152332365513 2214.7155942544341 17808.630841225386
leaf_count=88319 11993 60228 14341 29573 116150 2017603 383134 18921 11855 71706 137806 12396 20415 423203
internal_value=-0.000341346 0.0326942 -0.0182153 -0.019888 0.0215456 -0.0209809 -0.0107245 0.0344208 -0.0231329 0.0267483 0.0220765 0.00768416 0.00415067 -0.0141242
internal_weight=186870 65608.4 121262 118400 45047 116340 20178.4 5501.77 96161.1 32752.7 22877.6 12294.2 11203 18455.7
internal_count=3417643 507020 2910623 2896282 418701 2884289 431628 48494 2452661 269740 198034 148961 136565 435058
cat_boundaries=0 1 2 3
cat_threshold=2147483648 2837447440 2097152
is_linear=0
shrinkage=0.03


Tree=20
num_leaves=15
num_cat=0
split_feature=4 14 5 2 15 7 16 16 13 2 7 11 7 11
split_gain=115272 19084.8 14537.1 8386.16 3094.35 4343.83 1838.6 10556.4 2163.4 1802.67 1594.14 1546.91 1504.95 1305.66
threshold=1.0000000180025095e-35 70.785714285714292 1.0000000180025095e-35 60.000000000000007 1.0000000180025095e-35 2.5000000000000004 24.500000000000004 25.500000000000004 1.5000000000000002 99.500000000000014 23.500000000000004 297.50000000000006 4.5000000000000009 104.50000000000001
decision_type=2 2 2 2 2 2 2 2 2 2 2 2 2 2
left_child=1 -1 3 -2 5 -3 9 8 11 -5 -10 -8 -6 -11
right_child=2 4 -4 6 12 -7 7 -9 10 13 -12 -13 -14 -15
leaf_value=0.058390002296174782 0.039653210751636227 0.027896118290194439 0.048334993311680348 -0.027273047180971958 0.044630387471556378 0.0050697982042714144 0.010843598665878331 -0.027084271319599534 -0.020268247755104087 -0.00041356987280779058 0.052830905295021088 0.043430523595844407 0.025912301685335547 -0.020095651244468209
leaf_weight=17311.552438296378 2104.6817845702171 14133.672598950565 2898.4413581937551 41734.192538361996 5405.8386924341321 15993.641593232751 2682.271382316947 15700.361058723181 1782.0534018985927 3247.3413436077535 315.12100491300225 2565.2662456557155 13597.126186110079 46050.526586666703
leaf_count=70083 11987 98593 14200 1119679 31626 192991 32001 418462 32875 74452 3363 27197 114483 1176735
internal_value=-0.000353545 0.0313042 -0.0180174 -0.0196731 0.0217593 0.0157789 -0.020768 -0.0131974 0.0164875 -0.0226843 -0.00926444 0.026779 0.0312392 -0.0187992
internal_weight=185522 66441.8 119080 116182 49130.3 30127.3 114077 23045.1 7344.71 91032.1 2097.17 5247.54 19003 49297.9
internal_count=3418727 507776 2910951 2896751 437693 291584 2884764 513898 95436 2370866 36238 59198 146109 1251187
is_linear=0
shrinkage=0.03


Tree=21
num_leaves=15
num_cat=2
split_feature=4 2 5 2 8 6 6 27 8 1 6 18 11 27
split_gain=108440 18228.9 13897.7 7893.45 5410.93 2810.19 10091.8 2042.52 1886 1698.89 1554.87 1426.26 1264.75 1208.87
threshold=1.0000000180025095e-35 99.500000000000014 1.0000000180025095e-35 60.000000000000007 5.5000000000000009 5.5000000000000009 4.5000000000000009 0 2.5000000000000004 119.50000000000001 11.500000000000002 inf 668.50000000000011 1
decision_type=2 2 2 2 2 2 2 9 2 2 2 8 2 9
left_child=1 10 3 13 8 6 -5 -7 -3 12 -1 -9 -8 -2
right_child=2 4 -4 5 -6 7 9 11 -10 -11 -12 -13 -14 -15
leaf_value=0.055319036951074638 0.059081675839987753 0.029166516071269483 0.046146418232178972 -0.026893656484507311 -0.0065203190915836895 -0.024949249331575361 0.024642935414193785 -0.015294143882882735 0.015996256032540776 -0.0027043742224726465 0.018979634927646625 0.029806339658463986 0.10176413784190415 0.013646656147281446
leaf_weight=19686.559892103076 1110.4885266125202 23113.128194615245 2980.2515163719654 12287.121102459729 6202.1231024339795 74325.23954230547 4680.5253434889019 17286.195391770452 16979.219524800777 2476.1700391583145 1121.3913696408272 654.08157116174698 198.67991270124912 1035.0111116915941
leaf_count=79537 4899 160886 14315 341747 90735 2017515 48175 423924 166851 40855 9208 11794 1247 7114
internal_value=-0.000364651 0.0300392 -0.0177971 -0.0194683 0.0195555 -0.0205612 -0.0102571 -0.0227547 0.0235894 0.0175341 0.0533616 -0.0136407 0.0278035 0.0375187
internal_weight=184136 67102.4 117034 114054 46294.5 111908 19642.5 92265.5 40092.3 7355.38 20808 17940.3 4879.21 2145.5
internal_count=3418802 507217 2911585 2897270 418472 2885257 432024 2453233 327737 90277 88745 435718 49422 12013
cat_boundaries=0 1 2
cat_threshold=2837447440 2147483648
is_linear=0
shrinkage=0.03


Tree=22
num_leaves=15
num_cat=1
split_feature=4 2 5 2 7 6 6 27 13 7 12 15 7 6
split_gain=101923 17452.7 12875.8 7501.51 2868.77 2747.16 9719.62 2069.71 1699.34 1593.9 1511.94 1507.95 1626.87 1505.3
threshold=1.0000000180025095e-35 99.500000000000014 1.0000000180025095e-35 60.000000000000007 9.5000000000000018 5.5000000000000009 4.5000000000000009 0 1.5000000000000002 23.500000000000004 0.78416149068322993 1.0000000180025095e-35 1.5000000000000002 10.500000000000002
decision_type=2 2 2 2 2 2 2 9 2 2 2 2 2 2
left_child=1 13 3 -2 11 6 -5 -7 -8 -10 -6 12 -3 -1
right_child=2 4 -4 5 10 7 8 -9 9 -11 -12 -13 -14 -15
leaf_value=0.053641251270750569 0.036028603710711857 0.028754204866242142 0.043500384180785064 -0.026752864629377288 0.0033572743001387549 -0.024730490805682837 0.025240610558018406 -0.013257171104227751 -0.02056376691474204 0.051969764292700539 0.041773070100676137 0.032689946775251527 0.012727904441217722 0.018419436037369171
leaf_weight=19685.77470368892 2170.0025599077344 9389.5391546785831 3026.9375191181898 11996.161465488374 11556.12026963383 72643.028998121619 5555.7785613760352 17686.83207597211 1545.6594708412886 330.03431929275393 1001.0303650274873 10444.396954193711 14516.26454025507 1157.5965007916093
leaf_count=79445 12018 60257 14281 342051 138036 2017784 59306 434943 27802 3087 10715 71585 137889 9352
internal_value=-0.000342014 0.0288446 -0.0175439 -0.0191951 0.0186941 -0.0202872 -0.0100523 -0.0224884 0.0169062 -0.00778037 0.00642279 0.0231797 0.0190235 0.0516861
internal_weight=182705 67750.7 114954 111927 46907.4 109757 19427.6 90329.9 7431.47 1875.69 12557.2 34350.2 23905.8 20843.4
internal_count=3418551 507279 2911272 2896991 418482 2884973 432246 2452727 90195 30889 148751 269731 198146 88797
cat_boundaries=0 1
cat_threshold=2837447440
is_linear=0
shrinkage=0.03


Tree=23
num_leaves=15
num_cat=1
split_feature=4 1 5 3 8 6 6 27 13 8 15 6 18 7
split_gain=96478.4 16610.7 12366.7 7040.4 4804.98 2753.05 9197.31 2031.03 1661.45 1617.48 1558.06 1445.27 1402.49 1399.25
threshold=1.0000000180025095e-35 18.000000000000004 1.0000000180025095e-35 85.000000000000014 5.5000000000000009 5.5000000000000009 4.5000000000000009 0 1.5000000000000002 2.5000000000000004 1.0000000180025095e-35 11.500000000000002 inf 23.500000000000004
decision_type=2 2 2 2 2 2 2 9 2 2 2 2 8 2
left_child=1 11 3 5 9 6 -2 -7 -8 10 -3 -1 -9 -10
right_child=2 4 -4 -5 -6 7 8 12 13 -11 -12 -13 -14 -15
leaf_value=0.052055762970525131 -0.026488209911797705 0.022242166672367378 0.041947719499561054 0.034190202699149547 -0.0065788186051177902 -0.024627662529208619 0.024106535577345545 -0.01488973133200181 -0.020881065691289103 0.014715550315626552 0.039757073978530864 0.017381118461029087 0.029371600720886952 0.046384282095343309
leaf_weight=19631.264472320676 11694.148966901004 17793.213364504278 3073.8518243730068 2189.791943050921 6226.6522680111229 71008.024788815528 5664.4088937602937 16835.890775293112 1519.5667080059648 17355.865368850529 6154.3254332318902 1146.2864805534482 669.04190431162715 339.71016472578049
leaf_count=79292 341761 124224 14268 11962 90879 2017962 59492 423806 27745 166625 37047 9169 11859 3113
internal_value=-0.000377609 0.027769 -0.0173929 -0.0190527 0.0179871 -0.0201353 -0.00984231 -0.0223699 0.0160307 0.0216906 0.0267448 0.0501437 -0.0131889 -0.00857263
internal_weight=181302 68307.6 112994 109921 47530.1 107731 19217.8 88513 7523.69 41303.4 23947.5 20777.6 17504.9 1859.28
internal_count=3419204 507236 2911968 2897700 418775 2885738 432111 2453627 90350 327896 161271 88461 435665 30858
cat_boundaries=0 1
cat_threshold=2837447440
is_linear=0
shrinkage=0.03


Tree=24
num_leaves=15
num_cat=3
split_feature=27 1 14 8 5 6 16 27 8 1 16 28 14 18
split_gain=91021.8 19190.4 6692.66 6672.24 5937.19 2907.94 15186.9 2292.23 1779.17 1617.58 1491.53 1163.7 826.083 990.782
threshold=0 99.500000000000014 1.0000000180025095e-35 5.5000000000000009 1.0000000180025095e-35 5.5000000000000009 25.500000000000004 1 2.5000000000000004 130.00000000000003 6.5000000000000009 2 154.11032388663969 1704.5000000000002
decision_type=9 2 2 2 2 2 2 9 2 2 2 9 2 8
left_child=2 10 -1 8 5 6 7 -4 11 -7 -2 -3 13 -10
right_child=1 3 4 -5 -6 9 -8 -9 12 -11 -12 -13 -14 -15
leaf_value=0.054714476426188006 0.050956624433558771 0.050318545298972561 0.038747548121242863 -0.0087992409186445544 0.043819348060260888 -0.026924481281422295 -0.027819412120937515 -0.022562219788622762 0.013142094382095281 -0.018476260641605076 0.018168860215453643 0.023134903040070456 0.0043695143475389955 0.032884426408007837
leaf_weight=1098.7056098729372 19465.5723516047 1509.5550949089229 4887.9719628766179 8829.8587888590991 1306.4946837872267 43183.409436795861 12582.080435555428 614.28418954461813 11337.181038856506 38681.629797514528 1335.7968209311366 25376.0173461698 6732.9270100295544 2866.3491413779557
leaf_count=4567 78749 10968 29575 151843 6086 1269276 366625 12842 111787 1071087 9952 184903 84267 26082
internal_value=-0.000329285 0.0242059 -0.018896 0.01516 -0.0196972 -0.0205279 -0.00963977 0.0319293 0.0195839 -0.0229329 0.0488521 0.0246903 0.0130256 0.0171282
internal_weight=179808 77453.3 102355 56651.9 101256 99949.4 18084.3 5502.26 47822 81865 20801.4 26885.6 20936.5 14203.5
internal_count=3418609 658551 2760058 569850 2755491 2749405 409042 42417 418007 2340363 88701 195871 222136 137869
cat_boundaries=0 1 2 3
cat_threshold=3382789011 2147483648 3145728
is_linear=0
shrinkage=0.03


Tree=25
num_leaves=15
num_cat=2
split_feature=12 0 5 8 2 6 16 8 29 2 16 11 18 28
split_gain=76621.6 19489.2 10202.7 6807.49 6586.09 2799.23 14497.1 1882.96 1872.73 1753.74 1715.48 1262.51 2058.14 1170.92
threshold=0.95742753623188415 22.000000000000004 1.0000000180025095e-35 5.5000000000000009 60.000000000000007 5.5000000000000009 25.500000000000004 2.5000000000000004 0 99.500000000000014 6.5000000000000009 104.50000000000001 inf 1
decision_type=2 2 2 2 2 2 2 2 9 2 2 2 8 9
left_child=1 10 4 7 -2 6 8 13 -6 -7 -1 12 -11 -3
right_child=2 3 -4 -5 5 9 -8 -9 -10 11 -12 -13 -14 -15
leaf_value=0.049520615356504628 0.034560378102936759 0.033991091704004134 0.042665160553053728 -0.009834483141668255 0.036548547517272406 -0.026970983600484878 -0.027429851275946215 0.011113344705408862 -0.020464204078090402 -0.010321318327731883 0.013974204584149795 -0.01946871611008252 0.057666434714602081 0.019452348974171276
leaf_weight=19411.582417048514 2040.1224067881703 6876.8997922390699 2492.0456792712212 9573.1499582491815 5044.4460207819939 37892.278640896082 12275.387785445899 20128.8097140342 574.35724508389831 2348.5736379958689 1304.9983139783144 39305.247205231339 482.13467742502689 18772.69283529371
leaf_count=78794 10112 45390 11228 174018 30660 1143492 366549 219919 12288 59528 9744 1115137 8654 134242
internal_value=-0.000347584 0.0224617 -0.0172825 0.0131713 -0.0187774 -0.019889 -0.00916163 0.0179824 0.0307467 -0.0222875 0.0472822 -0.0180752 0.00127483 0.0233723
internal_weight=178523 76068.1 102455 55351.6 99962.5 97922.4 17894.2 45778.4 5618.8 80028.2 20716.6 42136 2830.71 25649.6
internal_count=3419755 662107 2757648 573569 2746420 2736308 409497 399551 42948 2326811 88538 1183319 68182 179632
cat_boundaries=0 1 2
cat_threshold=40 3147777
is_linear=0
shrinkage=0.03


Tree=26
num_leaves=15
num_cat=2
split_feature=27 1 14 8 5 16 16 13 16 1 8 15 27 7
split_gain=81727.1 17306.1 6168.48 5692.04 5319.77 1918.94 9267.93 1666.92 1512.61 1463.84 1450.31 1394.48 1385.93 1278.91
threshold=0 18.000000000000004 1.0000000180025095e-35 5.5000000000000009 1.0000000180025095e-35 24.500000000000004 25.500000000000004 1.5000000000000002 6.5000000000000009 130.00000000000003 3.5000000000000004 1.0000000180025095e-35 1 23.500000000000004
decision_type=9 2 2 2 2 2 2 2 2 2 2 2 9 2
left_child=2 8 -1 10 5 9 7 -7 -2 -4 11 -3 -12 -9
right_child=1 3 4 -5 -6 6 -8 13 -10 -11 12 -13 -14 -15
leaf_value=0.051724415055219401 0.048291631323324147 0.017351889846463655 -0.026280231367932224 -0.0082755117765698077 0.039602747856622135 0.023748183956762009 -0.026973822366011747 -0.020072055535728942 0.015510584543480749 -0.017922063211072786 0.03380975222904789 0.030360517540460839 0.0066086574730620856 0.043803188756126522
leaf_weight=1112.416370421648 19269.675721801817 23479.74662771821 39921.538246229291 8676.7928018197417 1360.1814947277308 5366.4208218604326 13209.524838414043 1589.6342816390097 1357.2615166679025 35768.02035792172 1934.2114739641547 10845.05314559117 12799.184434771538 341.9590578339994
leaf_count=4557 78572 183939 1233812 151560 6170 56227 400912 31250 9912 1024394 11024 72175 151401 3269
internal_value=-0.000324733 0.0225463 -0.018489 0.0141219 -0.019292 -0.0201252 -0.0119841 0.0151475 0.0461355 -0.0223308 0.0180833 0.0214628 0.0102091 -0.00874711
internal_weight=177032 78361.9 98669.7 57735 97557.3 96197.1 20507.5 7298.01 20626.9 75689.6 49058.2 34324.8 14733.4 1931.59
internal_count=3419174 658583 2760591 570099 2756034 2749864 491658 90746 88484 2258206 418539 256114 162425 34519
cat_boundaries=0 1 2
cat_threshold=3382789011 537001984
is_linear=0
shrinkage=0.03


Tree=27
num_leaves=15
num_cat=2
split_feature=4 14 27 14 8 6 16 1 14 8 12 8 28 18
split_gain=76930.4 14612.3 5638.34 5808.69 3910.43 2889.7 13834.9 2492.24 1569.79 1305.13 1081.5 1019.48 997.997 2364.06
threshold=1.0000000180025095e-35 70.785714285714292 0 1.0000000180025095e-35 3.5000000000000004 5.5000000000000009 25.500000000000004 130.00000000000003 141.16002844950216 5.5000000000000009 0.81980519480519487 3.5000000000000004 1 1704.5000000000002
decision_type=2 2 9 2 2 2 2 2 2 2 2 2 9 10
left_child=1 -1 -2 -4 -3 6 8 -7 11 12 -11 -5 13 -6
right_child=2 4 3 5 9 7 -8 -9 -10 10 -12 -13 -14 -15
leaf_value=0.04832531728775151 0.017369320821334269 0.022563541052372165 0.049474654174966451 0.0050372185505656525 -0.0167394578802499 -0.0264648761624178 -0.026681399145817165 -0.015975960050874323 0.0032436520877501909 -0.0083996924012459846 0.041035155837784401 0.043167931841783261 0.0089907425368144899 0.086377772328761621
leaf_weight=16937.752655804157 4235.7503006905317 33304.767244406044 1136.5518464446068 753.67586635053158 342.1273949444294 40107.66276178509 12205.552405189723 41481.069328878075 1695.1202429793775 6163.4985426142812 424.81627675890923 3886.9209627509117 12173.73692753911 480.04701743274927
leaf_count=69754 46263 214841 4625 4475 2748 1267088 379103 1162124 22041 90205 5059 21751 121471 2413
internal_value=-0.000351205 0.0240752 -0.0165179 -0.0179354 0.0163083 -0.0187029 -0.00801149 -0.0211324 0.027954 0.00567016 -0.00520638 0.0369776 0.011184 0.0429778
internal_weight=175329 69826.7 105502 101267 52889 100130 18541.3 81588.7 6335.72 19584.2 6588.31 4640.6 12995.9 822.174
internal_count=3413961 506491 2907470 2861207 436737 2856582 427370 2429212 48267 221896 95264 26226 126632 5161
cat_boundaries=0 1 2
cat_threshold=537923648 1048576
is_linear=0
shrinkage=0.03


Tree=28
num_leaves=15
num_cat=3
split_feature=27 1 14 5 6 16 7 27 1 27 15 7 16 11
split_gain=73128 16206.2 5657.7 5102.57 2684.97 12652.6 2397.57 1727.99 1619.65 1609.23 1338.51 2022.5 1254.59 697.119
threshold=0 99.500000000000014 1.0000000180025095e-35 1.0000000180025095e-35 5.5000000000000009 25.500000000000004 17.500000000000004 1 130.00000000000003 2 1.5000000000000002 2.5000000000000004 6.5000000000000009 92.500000000000014
decision_type=9 2 2 2 2 2 2 9 2 9 2 2 2 2
left_child=2 12 -1 4 5 7 9 13 -6 10 11 -3 -2 -4
right_child=1 6 3 -5 8 -7 -8 -9 -10 -11 -12 -13 -14 -15
leaf_value=0.048151041014775284 0.046006073489980516 0.01899384137640071 0.0065050829015923231 0.038734911678909793 -0.026382842662085321 -0.027431569375313287 -0.0071032685590966043 -0.021322258808092236 -0.017578593194431932 0.028975891601966668 0.027136376005742164 0.0056097857836399836 0.01616231980081289 0.037052296279074602
leaf_weight=1146.7856083214283 19061.169699899852 17250.48674717173 792.71295188367367 1363.3028239309788 39153.464402955025 11385.024708077312 4901.0560548342764 596.7826504483819 36206.101982630789 6368.5308011211455 5280.0666145980358 24727.864333275706 1359.5822247862816 4445.5553982332349
leaf_count=4647 78701 120920 4660 6126 1268150 366709 79939 12827 1069560 35746 42694 289959 9753 24946
internal_value=-0.000333476 0.0210069 -0.0180518 -0.0188624 -0.019711 -0.00902252 0.0129805 0.0268947 -0.0221532 0.0148161 0.0128985 0.0111101 0.04402 0.0323699
internal_weight=174038 78948.8 95089.7 93942.9 92579.6 17220.1 58528 5835.05 75359.6 53626.9 47258.4 41978.4 20420.8 5238.27
internal_count=3415337 657712 2757625 2752978 2746852 409142 569258 42433 2337710 489319 453573 410879 88454 29606
cat_boundaries=0 1 2 3
cat_threshold=3382821779 2147483648 341049416
is_linear=0
shrinkage=0.03


Tree=29
num_leaves=15
num_cat=2
split_feature=12 1 5 2 8 6 16 2 29 16 8 18 11 28
split_gain=61666.1 16559.1 8943.57 5466.29 5260.21 2539.42 11875.9 1711.29 1479.91 1371.81 1357.29 1248.57 1709.9 926.955
threshold=0.95742753623188415 18.000000000000004 1.0000000180025095e-35 60.000000000000007 5.5000000000000009 5.5000000000000009 25.500000000000004 99.500000000000014 0 6.5000000000000009 2.5000000000000004 inf 104.50000000000001 1
decision_type=2 2 2 2 2 2 2 2 9 2 2 8 2 9
left_child=1 9 3 -2 10 6 8 -7 -5 -1 13 -9 -13 -3
right_child=2 4 -4 5 -6 7 -8 11 -10 -11 -12 12 -14 -15
leaf_value=0.044997022790299622 0.030075241491226593 0.029001054451938825 0.038759024192385243 0.030437859462172281 -0.0092646501957326065 -0.026409184187629917 -0.026946397687238121 -0.018812423362034751 -0.020730732356017412 0.014051590946362824 0.0095670562099835245 0.051047062205486701 -0.0088878370461416886 0.016373093259153187
leaf_weight=18855.327516712248 2079.8438904732466 7218.7016762718558 2566.2684062421322 5367.4837654270232 9363.8738058526069 34352.072999224067 11115.673816205934 36435.399547550827 557.26909144967794 1385.1058384478092 20727.627370307222 511.90649826824665 2599.2755241394043 19610.937637323514
leaf_count=78431 10098 45169 11179 30618 174629 1143329 366295 1095919 12269 9878 219947 8619 78146 134050
internal_value=-0.00037462 0.0195749 -0.016479 -0.0180033 0.0112872 -0.0191032 -0.00866274 -0.0215105 0.0256388 0.0428801 0.0153339 -0.0172548 0.000986943 0.0197886
internal_weight=172747 77161.6 95585.2 93018.9 56921.1 90939.1 17040.4 73898.7 5924.75 20240.4 47557.3 39546.6 3111.18 26829.6
internal_count=3418576 662104 2756472 2745293 573795 2735195 409182 2326013 42887 88309 399166 1182684 86765 179219
cat_boundaries=0 1 2
cat_threshold=40 3147777
is_linear=0
shrinkage=0.03


Tree=30
num_leaves=15
num_cat=2
split_feature=27 1 14 8 6 16 1 28 16 8 14 18 14 14
split_gain=66010.1 14939.3 5145.55 4421.83 2733.38 12311.4 2129.07 1414.54 1313.33 1274.03 911.728 852.414 1613.03 1003.96
threshold=0 18.000000000000004 1.0000000180025095e-35 5.5000000000000009 5.5000000000000009 25.500000000000004 130.00000000000003 1 6.5000000000000009 3.5000000000000004 139.68857758620692 1717.5000000000002 149.89444444444447 82.527777777777786
decision_type=9 2 2 2 2 2 2 9 2 2 2 8 2 2
left_child=2 8 -1 7 5 10 -6 11 -2 -9 -4 12 -3 -13
right_child=1 3 4 -5 6 -7 -8 9 -10 -11 -12 13 -14 -15
leaf_value=0.045390579563918086 0.044103120829564468 0.050408256310683373 0.032090673315644781 -0.0079202550008895586 -0.026013771751285154 -0.027009075904835384 -0.015797459377963671 0.017333297572322756 0.013985451245703202 0.0065918617735524661 0.0054701102064822075 0.012095872490612069 -0.01604675133936961 0.063841089807167919
leaf_weight=1148.9362338632345 18715.389547646046 659.98737391829491 4780.0219149142504 8509.654173437506 37367.006797935814 10903.942435514182 36104.864211739972 33871.84248560667 1401.8508732244372 14066.714806925505 1528.5742741338909 466.306550655514 653.2096253708005 1225.4285557158291
leaf_count=4624 78480 3788 25522 151823 1270185 367150 1075635 241962 9894 154559 18360 2760 4490 10491
internal_value=-0.000342533 0.0196565 -0.0176713 0.0120971 -0.0184727 -0.00771133 -0.0209936 0.0154409 0.0420052 0.0141787 0.0256424 0.0354021 0.0173652 0.0495937
internal_weight=171404 79570.4 91833.3 59453.1 90684.4 17212.5 73471.9 50943.5 20117.2 47938.6 6308.6 3004.93 1313.2 1691.74
internal_count=3419723 658247 2761476 569873 2756852 411032 2345820 418050 88374 396521 43882 21529 8278 13251
cat_boundaries=0 1 2
cat_threshold=3382789011 3145728
is_linear=0
shrinkage=0.03


Tree=31
num_leaves=15
num_cat=2
split_feature=27 1 14 5 8 6 6 1 28 8 8 13 15 7
split_gain=62392.6 14621.1 4956.54 4634.49 4142.98 2496.47 7223.68 1606.86 1353.29 1321.93 1148.29 1139.6 1129.39 1074.04
threshold=0 18.000000000000004 1.0000000180025095e-35 1.0000000180025095e-35 5.5000000000000009 5.5000000000000009 4.5000000000000009 146.00000000000003 1 3.5000000000000004 3.5000000000000004 1.5000000000000002 1.0000000180025095e-35 23.500000000000004
decision_type=9 2 2 2 2 2 2 2 9 2 2 2 2 2
left_child=2 9 -1 5 8 6 -4 -7 -3 -2 12 -8 -10 -13
right_child=1 4 3 -5 -6 7 11 -9 10 -11 -12 13 -14 -15
leaf_value=0.044175210601978265 0.043129953463004356 0.033880166159172151 -0.026715214326071643 0.03642190090048536 -0.0079544576997562181 -0.025957795223068021 0.019289285605920296 -0.016930324612400557 0.0127734388156915 0.011115819296336095 0.0062964138498856678 -0.020687933041061379 0.024520628125491391 0.037451825233003201
leaf_weight=1158.482195481658 18769.568940252066 3116.2922622002661 9066.1784739494324 1372.747392937541 8436.6288093440235 36450.93797734566 5850.8276373483241 34600.313969049603 23518.254738580436 1238.2279881834984 14159.993698757142 1360.0928742922843 10727.638502962887 361.06411084905267
leaf_count=4659 80037 22037 323787 6065 151494 1269980 56572 1070797 173591 8449 154690 25927 68509 3002
internal_value=-0.000351831 0.0189408 -0.017452 -0.018256 0.0115326 -0.0191124 -0.00865141 -0.0215619 0.0147237 0.0411493 0.01348 0.0129776 0.0164539 -0.00847672
internal_weight=170187 79966.6 90220.6 89062.2 59958.8 87689.4 16638.2 71051.3 51522.2 20007.8 48405.9 7571.98 34245.9 1721.16
internal_count=3419596 658807 2760789 2756130 570321 2750065 409288 2340777 418827 88486 396790 85501 242100 28929
cat_boundaries=0 1 2
cat_threshold=3382821779 3147776
is_linear=0
shrinkage=0.03


Tree=32
num_leaves=15
num_cat=1
split_feature=12 14 8 2 29 10 11 16 16 18 8 15 8 15
split_gain=52541.9 15133.8 4732.72 4404.79 1942.1 3840.29 4492.72 1941.57 6610.35 1941.01 1381.81 1610.05 1033.63 763.069
threshold=0.95742753623188415 49.583333333333336 5.5000000000000009 60.000000000000007 0 1.0000000180025095e-35 28.500000000000004 24.500000000000004 25.500000000000004 inf 2.5000000000000004 1.0000000180025095e-35 5.5000000000000009 1.5000000000000002
decision_type=2 2 2 2 9 2 2 2 2 8 2 2 2 2
left_child=1 -1 10 -2 7 -6 9 -5 -9 -7 11 -3 -8 -12
right_child=3 2 -4 4 5 6 12 8 -10 -11 13 -13 -14 -15
leaf_value=0.043644796404253547 0.02705767413989393 0.014185783558532299 -0.0081841231919667166 -0.023779242394718094 -0.015449939562051597 0.066274931671557347 0.023886449453201987 0.014377608481138469 -0.028972237555442006 0.39833733120981535 0.0060914661308446635 0.029289677701796163 -0.0031474152153401999 0.019907544323128797
leaf_weight=16140.550798926502 2108.01586766541 20717.895056633279 9730.6243492513895 39732.318050052971 30999.486988376826 27.989357044920325 2352.1801599767059 5539.8201412223279 7385.3124622702599 36.97382065653801 17565.183030638844 9162.4652741942555 2772.2709470968693 4524.1328671351075
leaf_count=69515 10117 136513 179368 1378456 957228 157 25183 61119 259648 746 188163 52298 64319 36941
internal_value=-0.000309712 0.0177828 0.0110168 -0.0157937 -0.0168107 -0.0114483 0.0124322 -0.0204897 -0.0103925 0.258442 0.014612 0.018818 0.00926367 0.00892192
internal_weight=168795 77840.9 61700.3 90954.4 88846.4 36188.9 5189.41 52657.5 12925.1 64.9632 51969.7 29880.4 5124.45 22089.3
internal_count=3419771 662798 593283 2756973 2746856 1047633 90405 1699223 320767 903 413915 188811 89502 225104
cat_boundaries=0 1
cat_threshold=8
is_linear=0
shrinkage=0.03


Tree=33
num_leaves=15
num_cat=3
split_feature=4 2 5 2 6 16 8 27 27 16 18 15 8 28
split_gain=55827.5 11584.6 8272.29 4359.97 2232.54 9950.31 2156.68 1916.87 1800.69 1271.56 959.105 932.609 1097.23 955.583
threshold=1.0000000180025095e-35 18.000000000000004 1.0000000180025095e-35 60.000000000000007 5.5000000000000009 25.500000000000004 5.5000000000000009 0 1 6.5000000000000009 inf 1.5000000000000002 1.5000000000000002 2
decision_type=2 2 2 2 2 2 2 9 9 2 8 2 2 9
left_child=1 9 3 -2 5 8 11 -6 -5 -1 -9 12 13 -3
right_child=2 6 -4 4 7 -7 -8 10 -10 -11 -12 -13 -14 -15
leaf_value=0.041487638486637127 0.023875781476795477 0.030373117377596015 0.031271493610063719 0.027654060980398847 -0.022824153082717336 -0.025915858131437656 -0.004850843241242726 -0.012642902729914713 -0.018314884465586458 0.011935603725151076 0.022238587494927201 0.025334877962682786 0.008177367085839965 0.0142899724648697
leaf_weight=18197.86835898459 2293.0984375849366 4400.7189619988203 3312.662080809474 5524.3019644171 57537.854407351464 10736.656955838203 5861.5015145502985 15012.424814902246 885.34534158185124 1413.1377557292581 743.74110485240817 6159.3925974443555 21421.441167838871 13937.047893963754
leaf_count=78586 11882 24615 14287 29558 2018241 383278 90804 423500 19030 9758 11819 39946 179399 84407
internal_value=-0.000369937 0.0197226 -0.0153048 -0.0169689 -0.0180048 -0.00825894 0.012285 -0.0202845 0.0213172 0.0393589 -0.0109881 0.0144724 0.012789 0.0181754
internal_weight=167437 71391.1 96046.1 92733.4 90440.3 17146.3 51780.1 73294 6409.65 19611 15756.2 45918.6 39759.2 18337.8
internal_count=3419110 507515 2911595 2897308 2885426 431866 419171 2453560 48588 88344 435319 328367 288421 109022
cat_boundaries=0 1 2 3
cat_threshold=2837447440 2147483648 3147777
is_linear=0
shrinkage=0.03


Tree=34
num_leaves=15
num_cat=2
split_feature=27 1 14 8 6 16 1 8 28 8 10 7 13 7
split_gain=53443.2 12940.9 4326.26 3283.34 2496.9 10645 2133.61 1299.6 1165.29 965.045 752.97 799.057 746.188 841.045
threshold=0 99.500000000000014 1.0000000180025095e-35 5.5000000000000009 5.5000000000000009 25.500000000000004 146.00000000000003 4.5000000000000009 1 3.5000000000000004 1.0000000180025095e-35 2.5000000000000004 1.5000000000000002 23.500000000000004
decision_type=9 2 2 2 2 2 2 2 9 2 2 2 2 2
left_child=2 7 -1 8 5 12 -6 -2 -3 -10 -8 -12 -4 -14
right_child=1 3 4 -5 6 -7 10 -9 9 -11 11 -13 13 -15
leaf_value=0.041291485163680627 0.040264486147437877 0.030864521423395772 0.02839798087751377 -0.0071470830191092049 -0.025412990290753688 -0.026577450877821464 -0.016428468932775723 0.00462689500924531 0.014742440918308531 0.0055171655974502968 0.12655263200370895 -0.0039812835413887433 -0.0081625516877887275 0.044652224549067518
leaf_weight=1137.4552721977234 18562.86200734973 3154.7648784741759 4982.8242044448853 8262.6214060001075 34148.65345804207 9954.465682124719 29930.07919501327 969.31496534496546 35101.522042937577 14391.074879426509 41.659013096243143 3976.4511267114431 1150.4029512926936 354.050063341856
leaf_count=4566 81858 21613 28406 151499 1269988 366885 976335 7048 241824 154830 301 98365 13281 2019
internal_value=-0.00031361 0.0172461 -0.0168007 0.0104341 -0.0175848 -0.00709158 -0.0201182 0.0384962 0.0131934 0.0120577 -0.0147915 -0.00259678 0.0228082 0.004288
internal_weight=166118 80442.2 85676 60910 84538.6 16441.7 68096.8 19532.2 52647.4 49492.6 33948.2 4018.11 6487.28 1504.45
internal_count=3418818 658672 2760146 569766 2755580 410591 2344989 88906 418267 396654 1075001 98666 43706 15300
cat_boundaries=0 1 2
cat_threshold=3382789011 3145728
is_linear=0
shrinkage=0.03


Tree=35
num_leaves=15
num_cat=3
split_feature=27 1 14 5 6 16 1 7 6 27 27 4 18 15
split_gain=50388.3 12526.3 4145.44 4063.94 2363.83 9679.52 1604.47 1547.65 1296.44 1265.1 1196.51 1167.93 1044.69 935.975
threshold=0 99.500000000000014 1.0000000180025095e-35 1.0000000180025095e-35 5.5000000000000009 25.500000000000004 130.00000000000003 17.500000000000004 7.5000000000000009 1 2 1.0000000180025095e-35 inf 1.5000000000000002
decision_type=9 2 2 2 2 2 2 2 2 9 9 2 8 2
left_child=2 8 -1 4 5 9 -6 10 -2 -4 11 13 -13 -3
right_child=1 7 3 -5 6 -7 -8 -9 -10 -11 -12 12 -14 -15
leaf_value=0.039769155349425468 0.039889302081417326 0.0097713394484585849 -0.021424939940499287 0.033358407542813794 -0.025383367667535989 -0.026676909152864539 -0.016012917214404874 -0.0063525411476262695 0.0096197386009979329 0.025532369840038885 0.023275914573228827 -0.0090518627951276156 0.024173073072800904 0.02307110583758441
leaf_weight=1157.2614681720734 17845.332613401115 38636.308765854686 562.2562233582139 1395.8700773715973 33310.309752054513 9648.4884700980037 32500.119261078537 4816.7735392078757 1372.1018556281924 5665.3108268976212 6688.0100356601179 4675.8253422994167 1040.3892855457962 5431.7905882075429
leaf_count=4653 78790 307542 12800 6050 1269290 367010 1070936 79955 9445 29618 35610 100448 9922 36806
internal_value=-0.000376188 0.0165942 -0.0165946 -0.0173821 -0.0182496 -0.00785856 -0.0207561 0.00996962 0.0377287 0.0212967 0.0113619 0.0097543 -0.00300153 0.0114111
internal_weight=164746 80506.5 84239.6 83082.4 81686.5 15876.1 65810.4 61289.1 19217.4 6227.57 56472.3 49784.3 5716.21 44068.1
internal_count=3418875 658518 2760357 2755704 2749654 409428 2340226 570283 88235 42418 490328 454718 110370 344348
cat_boundaries=0 1 2 3
cat_threshold=3382821779 1208025344 341049448
is_linear=0
shrinkage=0.03


Tree=36
num_leaves=15
num_cat=2
split_feature=27 1 3 5 8 16 16 2 16 13 28 7 8 7
split_gain=48248.8 12027.4 3905.62 3839.27 3009.03 1480.94 6522.99 1422.38 1278.55 1033.32 1008.58 968.96 907.137 898.404
threshold=0 18.000000000000004 85.000000000000014 1.0000000180025095e-35 5.5000000000000009 24.500000000000004 25.500000000000004 130.00000000000003 6.5000000000000009 1.5000000000000002 1 9.5000000000000018 3.5000000000000004 23.500000000000004
decision_type=9 2 2 2 2 2 2 2 2 2 9 2 2 2
left_child=2 8 3 5 10 7 9 -1 -2 11 -3 -7 -12 -11
right_child=1 4 -4 -5 -6 6 -8 -9 -10 13 12 -13 -14 -15
leaf_value=-0.024780972866389285 0.039335522418240329 0.02864504977593078 0.030960127596284557 0.03211984115494531 -0.0070733221288222202 0.0042168550256207272 -0.025987657986876828 -0.01567777667745732 0.01009641943681361 -0.01917989453443765 0.013927423985161488 0.02890391244930399 0.0050343439048419446 0.032969223955662388
leaf_weight=31605.141213739291 17557.801747813821 3231.6931254826486 1539.1714490056038 1391.5964935272932 8237.2390492074192 2785.0000731665641 10394.663099329919 30234.995166152716 1458.5842365920544 1493.5325868558139 35671.859393797815 2942.8285356350243 14529.20990337804 370.19757338613272
leaf_count=1236410 78474 21661 8277 5979 151577 29343 400196 1019818 9793 31056 242069 26737 154745 3273
internal_value=-0.000272765 0.0162337 -0.0163662 -0.0172655 0.00980358 -0.0181268 -0.0105491 -0.0203305 0.0370935 0.0105906 0.0124054 0.0169033 0.0113515 -0.00880925
internal_weight=163444 80686.4 82757.1 81218 61670 79826.4 17986.2 61840.1 19016.4 7591.56 53432.8 5727.83 50201.1 1863.73
internal_count=3419408 658319 2761089 2752812 570052 2746833 490605 2256228 88267 90409 418475 56080 396814 34329
cat_boundaries=0 1 2
cat_threshold=3382789011 3145728
is_linear=0
shrinkage=0.03


Tree=37
num_leaves=15
num_cat=0
split_feature=4 2 5 2 6 6 2 8 8 18 7 13 7 15
split_gain=45695.8 9970.09 7205.86 3755.09 2020.56 5654.55 1972.93 1657 1232.79 1198.79 1230.82 861.421 938.976 852.595
threshold=1.0000000180025095e-35 18.000000000000004 1.0000000180025095e-35 60.000000000000007 5.5000000000000009 4.5000000000000009 99.500000000000014 5.5000000000000009 3.5000000000000004 inf 12.500000000000002 1.5000000000000002 23.500000000000004 1.5000000000000002
decision_type=2 2 2 2 2 2 2 2 2 8 2 2 2 2
left_child=1 8 3 -2 5 -5 -6 13 -1 -8 -11 -7 -13 -3
right_child=2 7 -4 4 6 11 9 -9 -10 10 -12 12 -14 -15
leaf_value=0.038396366486469387 0.021426956919693853 0.011172931987497907 0.028399196710056585 -0.024674917158207781 -0.025446831998479989 0.015875994132476319 -0.016590156800751488 -0.0042526807725813886 0.0081152974276967743 0.029694038453771408 -0.010985168314072662 -0.019701098511671292 0.033053895032796758 0.022953566235754841
leaf_weight=17556.436466567218 2328.1552174538374 40897.411024145782 3394.0926034748554 8521.3959521297365 28703.547938404605 6131.6237702555954 36543.286313332617 5777.3422439619899 1300.235465221107 1032.5310646574944 1899.1448343284428 1363.6399077437818 389.58663496002555 6393.8960477262735
leaf_count=79909 11939 288353 14364 341562 1149367 59350 1216126 90558 8652 22423 64734 27790 3133 39856
internal_value=-0.000268796 0.0175717 -0.014478 -0.0161527 -0.0171873 -0.00773453 -0.0194618 0.0109133 0.0363089 -0.0151094 0.00334722 0.0105743 -0.00796619 0.0127662
internal_weight=162232 71925.3 90307 86912.9 84584.8 16406.2 68178.5 53068.6 18856.7 39475 2931.68 7884.85 1753.23 47291.3
internal_count=3418116 507328 2910788 2896424 2884485 431835 2452650 418767 88561 1303283 87157 90273 30923 328209
is_linear=0
shrinkage=0.03


Tree=38
num_leaves=15
num_cat=3
split_feature=27 1 14 5 8 6 16 1 14 27 28 8 15 15
split_gain=43192.6 11206.8 3569.62 3622.06 2591.17 2219.14 8706.84 1644.8 1348.27 1099.1 939.335 797.215 861.852 658.836
threshold=0 18.000000000000004 1.0000000180025095e-35 1.0000000180025095e-35 5.5000000000000009 5.5000000000000009 25.500000000000004 130.00000000000003 70.785714285714292 1 2 3.5000000000000004 1.0000000180025095e-35 1.0000000180025095e-35
decision_type=9 2 2 2 2 2 2 2 2 9 9 2 2 2
left_child=2 8 -1 5 10 6 9 -7 -2 -4 -3 12 -12 -10
right_child=1 4 3 -5 -6 7 -8 -9 13 -11 11 -13 -14 -15
leaf_value=0.036831170906998653 0.039558663421295714 0.026757648933552505 0.023270380992263244 0.030480902106832308 -0.0067377311525689725 -0.024973038228083857 -0.026337087884383069 -0.015213402414293907 -0.00078974561099478743 -0.020944051364580201 0.0096475148908519784 0.0044960031596175658 0.019632911837866172 0.027357460154597148
leaf_weight=1136.6581873446703 14970.327968522906 3365.8693993128836 5825.438608109951 1437.3393429815769 8139.9433157630265 31078.008126739413 9016.7010757178068 31102.477572763339 1056.0892751291394 547.90615295618773 24719.742150902748 14670.199965637177 11354.110239982605 2567.6014005169272
leaf_count=4596 69029 22152 29807 6088 151754 1269716 367040 1070809 7079 12832 173221 154617 68235 12115
internal_value=-0.000325469 0.0151454 -0.0159312 -0.0166927 0.00904236 -0.0175672 -0.00736724 -0.0200916 0.0355838 0.0194703 0.0114163 0.0103909 0.0127908 0.0191563
internal_weight=160988 80843.9 80144.5 79007.9 62249.9 77570.5 15390 62180.5 18594 6373.34 54109.9 50744.1 36073.9 3623.69
internal_count=3419090 658202 2760888 2756292 569979 2750204 409679 2340525 88223 42639 418225 396073 241456 19194
cat_boundaries=0 1 2 3
cat_threshold=3382821779 2147483648 3147776
is_linear=0
shrinkage=0.03


Tree=39
num_leaves=15
num_cat=1
split_feature=12 14 8 3 6 16 1 8 10 28 15 7 8 11
split_gain=36388.5 12174.2 3216.07 2982.09 2140.08 8744.77 2761.25 2457.54 1111.02 963.835 898.669 936.607 782.762 756.007
threshold=0.97512285012285027 49.583333333333336 4.5000000000000009 85.000000000000014 5.5000000000000009 25.500000000000004 99.500000000000014 5.5000000000000009 1.0000000180025095e-35 0 1.0000000180025095e-35 1.5000000000000002 2.5000000000000004 25.500000000000004
decision_type=2 2 2 2 2 2 2 2 2 9 2 2 2 2
left_child=1 -1 10 4 5 -2 -6 8 9 -8 11 -3 -12 -10
right_child=3 2 -4 -5 6 -7 7 -9 13 -11 12 -13 -14 -15
leaf_value=0.03887557061772396 0.019746299334026819 0.015976883112448759 -0.0023092608800996139 0.020681720828206584 -0.025009906549056292 -0.025129514480764302 0.027593707758688139 -0.015943337671264896 0.14712106517740181 -0.010774532355151059 0.023920824752362683 0.0046627216985585026 0.011682412830564091 0.019823236850426269
leaf_weight=14710.413687072694 6954.1603270284832 11127.640137061477 17608.388222925365 2125.7743174508214 27181.961908193305 8919.6518531441689 699.0036936942488 29744.381536979228 41.887922871857882 3462.7701202239841 9415.0167123246938 16131.472060598433 9405.5018744431436 2073.1940651256591
leaf_count=69137 45066 60195 279666 10029 1142109 366040 11074 1046928 365 105519 52115 131893 72276 24184
internal_value=-0.000300369 0.0142782 0.00859626 -0.0143755 -0.0153181 -0.00546986 -0.0177914 -0.0123438 0.00471345 -0.00428479 0.0127635 0.00928177 0.0178057 0.0224126
internal_weight=159601 78398.4 63688 81202.8 79077 15873.8 63203.2 36021.2 6276.86 4161.77 46079.6 27259.1 18820.5 2115.08
internal_count=3416596 665282 596145 2751314 2741285 411106 2330179 1188070 141142 116593 316479 192088 124391 24549
cat_boundaries=0 1
cat_threshold=2097152
is_linear=0
shrinkage=0.03


Tree=40
num_leaves=15
num_cat=2
split_feature=27 1 3 8 6 16 2 16 28 18 18 18 8 15
split_gain=39082.4 10512.4 3254.14 2322.42 2226.87 8470.2 2060.52 1198.64 795.867 768.255 1553.1 837.501 645.073 719.883
threshold=0 18.000000000000004 85.000000000000014 5.5000000000000009 5.5000000000000009 25.500000000000004 130.00000000000003 6.5000000000000009 1 1717.5000000000002 1683.5000000000002 1727.5000000000002 3.5000000000000004 1.0000000180025095e-35
decision_type=9 2 2 2 2 2 2 2 9 10 10 10 2 2
left_child=2 7 4 8 5 -1 -6 -2 9 10 -3 -11 13 -10
right_child=1 3 -4 -5 6 -7 -8 -9 12 11 -12 -13 -14 -15
leaf_value=0.019003065524001734 0.03672584269436515 0.026921299462147722 0.027496526828053515 -0.0065232995422946248 -0.024589061517193957 -0.025865011071955327 -0.013521497137273466 0.008731909436174393 0.0090569329283721207 0.074387094458132061 -0.03837177171285111 0.0035265162572142923 0.004499476366819459 0.01809658743236783
leaf_weight=6750.5113700143993 16672.702130034566 2275.6861802451313 1552.9220521077514 8064.1493550948799 29705.255230668932 8622.2412792127579 30886.081049857661 1501.2671366408467 24990.822160534561 489.98931740224361 382.13519252091646 216.36735999211669 14778.85397959128 11615.603745143861
leaf_count=43661 78548 16112 8324 151634 1270428 366956 1070586 9843 173383 2071 2126 1397 154809 68557
internal_value=-0.000254177 0.0143189 -0.0154796 0.00850662 -0.0163605 -0.0061625 -0.0189478 0.034414 0.0107205 0.0248519 0.0175227 0.0527171 0.0097881 0.0119257
internal_weight=158505 80987.6 77517 62813.6 75964.1 15372.8 60591.3 18174 54749.5 3364.18 2657.82 706.357 51385.3 36606.4
internal_count=3418435 658480 2759955 570089 2751631 410617 2341014 88391 418455 21706 18238 3468 396749 241940
cat_boundaries=0 1 2
cat_threshold=3382789011 3145728
is_linear=0
shrinkage=0.03


Tree=41
num_leaves=15
num_cat=1
split_feature=4 14 2 29 10 6 16 8 8 18 8 12 12 8
split_gain=37210.9 9712.03 2772.65 1956.69 2808.7 2445.46 6984.62 1634.29 1287.47 1669.93 1042.93 965.9 811.553 722.582
threshold=1.0000000180025095e-35 49.583333333333336 60.000000000000007 0 1.0000000180025095e-35 5.5000000000000009 25.500000000000004 5.5000000000000009 4.5000000000000009 inf 2.5000000000000004 0.71130952380952395 0.59545454545454557 1.5000000000000002
decision_type=2 2 2 9 2 2 2 2 2 8 2 2 2 2
left_child=1 -1 -2 5 -5 6 -4 12 9 -6 13 -9 -3 -11
right_child=2 7 3 4 8 -7 -8 11 -10 10 -12 -13 -14 -15
leaf_value=0.037727956222834716 0.018247408868688478 0.011049440112061373 0.020013900669751505 -0.013311626920025141 0.019709217533949632 -0.022659866437362661 -0.028552770818847075 -0.0078251756193506924 -0.001506038187462823 0.034180407233276068 0.032159828836465905 0.034724124908622096 0.028711396320816426 0.24700012794091927
leaf_weight=14316.75064098835 2380.255249813199 49038.829215459526 4923.7373313158751 30876.710205415264 2181.6128244455904 34640.402320407331 5807.349499842152 5779.4055132716894 4297.8329613432288 19.195029968395829 61.453666346147656 522.67606467008591 2458.3304756209254 60.504220290109515
leaf_count=68978 12069 326904 25253 1059796 18880 1440569 254135 88843 98141 288 1324 6673 15972 921
internal_value=-0.000252872 0.015608 -0.0136703 -0.0145873 -0.0095072 -0.0187793 -0.00626917 0.0101284 0.00822063 0.0262109 0.125853 -0.00429131 0.0118931 0.196803
internal_weight=157365 72116 85249.1 82868.8 37497.3 45371.5 10731.1 57799.2 6620.6 2322.77 141.153 6302.08 51497.2 79.6993
internal_count=3418746 507370 2911376 2899307 1179350 1719957 279388 438392 119554 21413 2533 95516 342876 1209
cat_boundaries=0 1
cat_threshold=8
is_linear=0
shrinkage=0.03


Tree=42
num_leaves=15
num_cat=4
split_feature=27 0 5 3 6 16 8 16 27 27 28 18 18 18
split_gain=35359.3 9687.37 3231.65 3255.5 2032.92 7438.83 1989.3 1257.92 1025.97 972.41 815.763 722.537 1472.5 736.284
threshold=0 22.000000000000004 1.0000000180025095e-35 85.000000000000014 5.5000000000000009 25.500000000000004 5.5000000000000009 6.5000000000000009 1 2 3 1717.5000000000002 1683.5000000000002 1727.5000000000002
decision_type=9 2 2 2 2 2 2 2 9 9 9 10 10 10
left_child=2 7 3 4 5 9 10 -2 -6 -1 11 12 -3 -13
right_child=1 6 -4 -5 8 -7 -8 -9 -10 -11 -12 13 -14 -15
leaf_value=0.020496493822117764 0.035497392915406392 0.026123571226847813 0.029205988604547414 0.027158569491580097 -0.021557851469094919 -0.025996266781468998 -0.0060202599117434889 0.0063482044027685794 -0.011881736259347613 -0.021141223336689857 0.0090815263661979083 0.070956656721489833 -0.03814936375072836 0.0043597992424912703
leaf_weight=5965.0890647694468 16247.807232931256 2301.5911019779742 1453.3792028129101 1542.5241326987743 44772.857211623341 8151.7279567625374 7961.0225619226694 1451.9702056869864 12775.791281580925 544.54312850162387 51951.183678030968 501.21856799721718 371.83252636343241 212.87900954857469
leaf_count=29578 78715 16031 6131 8225 1898643 366154 151532 9560 439395 12808 396644 2090 2099 1363
internal_value=-0.000266952 0.0134856 -0.0150787 -0.0159538 -0.0168751 -0.00690179 0.00800084 0.0331067 -0.0194158 0.0170097 0.010018 0.0242743 0.0171733 0.0511374
internal_weight=156205 80999.5 75205.9 73752.5 72210 14661.4 63299.7 17699.8 57548.6 6509.63 55338.7 3387.52 2673.42 714.098
internal_count=3418968 658034 2760934 2754803 2746578 408540 569759 88275 2338038 42386 418227 21583 18130 3453
cat_boundaries=0 1 2 3 4
cat_threshold=3382821779 2166358800 2147483648 3145728
is_linear=0
shrinkage=0.03


Tree=43
num_leaves=15
num_cat=2
split_feature=27 1 14 6 6 1 8 14 27 8 13 7 11 11
split_gain=33451.3 9666.56 2956.01 1994.59 4266.88 2115.99 1831.08 1223.31 797.507 747.792 674.399 796.362 754.299 702.903
threshold=0 18.000000000000004 1.0000000180025095e-35 5.5000000000000009 4.5000000000000009 130.00000000000003 5.5000000000000009 70.785714285714292 1 3.5000000000000004 1.5000000000000002 23.500000000000004 297.50000000000006 668.50000000000011
decision_type=9 2 2 2 2 2 2 2 9 2 2 2 2 2
left_child=2 7 -1 4 -4 -5 8 -2 9 -3 12 -12 -6 -13
right_child=1 6 3 5 10 -7 -8 -9 -10 -11 11 13 -14 -15
leaf_value=0.033169782188365152 0.03679398773983647 0.010485978812525757 -0.022461322424362769 -0.02412185734838497 0.003572776432611802 -0.01264117344715842 -0.0058955643101466469 0.017024987962067258 0.018914331888714813 0.0022562092450447335 -0.018729391007698992 -0.033864536301420313 0.024720824201947475 0.05560837501801226
leaf_weight=1132.8938362300396 13907.02482406795 34663.290419805795 7223.3690161053091 27871.739269006997 3010.810754366219 30008.849683549255 7943.2870686110109 3536.0411826744676 7072.0907386951149 13930.900742970407 1278.1882230043411 109.46289428323507 3061.0479896515608 278.06587990373373
leaf_count=4647 69045 231559 325377 1269759 30052 1074950 151838 19048 36540 150431 26020 1370 26399 1635
internal_value=-0.00031011 0.0130022 -0.014896 -0.015646 -0.00588111 -0.0181699 0.00757827 0.0327876 0.00950099 0.00812511 0.00959816 -0.00730825 0.0142366 0.0303134
internal_weight=155027 81052.6 73974.4 72841.5 14960.9 57880.6 63609.6 17443.1 55666.3 48594.2 7737.58 1665.72 6071.86 387.529
internal_count=3418670 658461 2760209 2755562 410853 2344709 570368 88093 418530 381990 85476 29025 56451 3005
cat_boundaries=0 1 2
cat_threshold=3382821779 341049352
is_linear=0
shrinkage=0.03


Tree=44
num_leaves=15
num_cat=3
split_feature=27 1 5 3 8 28 16 16 2 13 8 27 7 8
split_gain=31597 9358.16 3043.09 2984.55 1746.73 1268.49 1184.67 4974.49 1377.59 843.212 856.053 741.523 735.367 710.495
threshold=0 18.000000000000004 1.0000000180025095e-35 85.000000000000014 5.5000000000000009 1 24.500000000000004 25.500000000000004 130.00000000000003 1.5000000000000002 3.5000000000000004 2 23.500000000000004 3.5000000000000004
decision_type=9 2 2 2 2 9 2 2 2 2 2 9 2 2
left_child=2 5 3 6 11 -2 8 9 -1 10 -8 -3 -11 -13
right_child=1 4 -4 -5 -6 -7 7 -9 -10 12 -12 13 -14 -15
leaf_value=-0.023524378367753819 0.037639292156409813 0.01884352250836481 0.028643765162326962 0.025833267757830309 -0.005798969925348397 0.019990166521431853 -0.012168283062775108 -0.024941574477560114 -0.013869734597083532 -0.01976827273057007 0.018748632230708585 0.010142644157031568 0.027289263720011545 0.0021760290725553392
leaf_weight=26397.466082651168 11840.670056670904 6271.9393080472946 1427.9099735468626 1531.9162733405828 8077.9854055792093 5441.7015378028154 963.41772277839482 8711.6206137966365 26823.661837438121 1413.198330918327 4914.146544020623 35676.085625385866 378.03340454027057 14041.147434018552
leaf_count=1235044 60140 31139 6007 8204 157706 28271 8908 398624 1013345 30878 47039 236631 3251 152737
internal_value=-0.000311757 0.0125251 -0.014703 -0.0155756 0.00724165 0.0321169 -0.0164873 -0.00943155 -0.0186588 0.00818852 0.0136797 0.00912319 -0.00982725 0.00789121
internal_weight=153911 81349.5 72561.4 71133.5 64067.2 17282.4 69601.5 16380.4 53221.1 7668.8 5877.56 55989.2 1791.23 49717.2
internal_count=3417924 666624 2751300 2745293 578213 88411 2737089 488700 2248389 90076 55947 420507 34129 389368
cat_boundaries=0 1 2 4
cat_threshold=3382723475 2097153 537008132 11
is_linear=0
shrinkage=0.03


Tree=45
num_leaves=15
num_cat=4
split_feature=27 1 5 3 6 16 8 2 6 27 27 28 15 8
split_gain=30083.8 8993.11 3016.16 2745.25 1839.86 6720.34 1624.71 1531.18 1234.6 867.697 717.657 699.311 689.238 728.464
threshold=0 18.000000000000004 1.0000000180025095e-35 85.000000000000014 5.5000000000000009 25.500000000000004 5.5000000000000009 130.00000000000003 7.5000000000000009 1 2 3 1.5000000000000002 1.5000000000000002
decision_type=9 2 2 2 2 2 2 2 2 9 9 9 2 2
left_child=2 8 3 4 5 9 10 -6 11 -1 12 -2 13 -3
right_child=1 6 -4 -5 7 -7 -8 -9 -10 -11 -12 -13 -14 -15
leaf_value=0.018822848590785635 0.038052352052903173 0.010702464018904368 0.028366955408905211 0.024433136462691116 -0.023868358222332794 -0.02575609361307836 -0.0055462460620109271 -0.013792929078930174 0.0053588194554833471 -0.02183342010757815 0.017764331300787688 0.023680617616515024 0.017039979256880149 0.0028321436125037778
leaf_weight=6046.6125811934471 11216.084396287799 18718.736680004746 1449.7923702299595 1527.2235238403082 26643.82986298576 7616.458457402885 8023.0230228472501 27688.183681374416 1478.3571234866977 505.07954587973654 7149.8014072030783 4396.2254858240485 6082.7916025407612 24357.408528998494
leaf_count=29579 57393 111932 6063 8188 1270645 365354 157415 1059700 9544 12374 36536 21556 41144 231323
internal_value=-0.000246017 0.0122212 -0.0144476 -0.0153364 -0.0162235 -0.00659477 0.00708356 -0.0187342 0.0315657 0.0156811 0.00888316 0.0340468 0.00758597 0.00625236
internal_weight=152900 81422.4 71477.2 70027.4 68500.2 14168.2 64331.8 54332 17090.7 6551.69 56308.7 15612.3 49158.9 43076.1
internal_count=3418746 666843 2751903 2745840 2737652 407307 578350 2330345 88493 41953 420935 78949 384399 343255
cat_boundaries=0 1 2 3 4
cat_threshold=3382723475 2147483648 341114888 2097153
is_linear=0
shrinkage=0.03


Tree=46
num_leaves=15
num_cat=2
split_feature=4 14 5 2 12 8 27 16 16 18 1 27 15 8
split_gain=28922 8516.75 5471.6 2398.53 1253.73 1565.01 973.28 1475.25 5154.93 891.824 716.446 678.672 663.508 733.289
threshold=1.0000000180025095e-35 49.583333333333336 1.0000000180025095e-35 60.000000000000007 0.71130952380952395 5.5000000000000009 0 24.500000000000004 25.500000000000004 inf 146.00000000000003 1 1.5000000000000002 1.5000000000000002
decision_type=2 2 2 2 2 2 9 2 2 8 2 9 2 2
left_child=1 -1 3 11 5 12 7 10 -9 -8 -5 -2 13 -3
right_child=2 4 -4 6 -6 -7 9 8 -10 -11 -12 -13 -14 -15
leaf_value=0.035284941716343249 0.031914958667247882 0.012235126795483929 0.024105552716591393 -0.02315452010798752 0.029423734642615391 -0.0072048330454661837 -0.010506795324346466 0.0087786854963856527 -0.027221928612212554 0.019741241397747553 -0.015340611546781024 -0.00016890551263136402 0.017903299221637661 0.0044301676549012908
leaf_weight=13253.487408056855 1136.2982215583324 20100.275266155601 3481.8430993109941 25203.068864425644 2506.8762153238058 5667.9024478308856 15109.414587596431 7340.8781080506742 6984.971525631845 930.42179097793996 18194.943553376943 1238.5539541617036 7124.599154740572 23502.112322770059
leaf_count=69047 4859 108920 14429 1234300 18976 88988 487934 79430 341562 13726 727789 7141 40991 180439
internal_value=-0.000198917 0.0135576 -0.0126657 -0.0143475 0.00866825 0.00774511 -0.015303 -0.0171204 -0.0087751 -0.00874563 -0.0198789 0.0153229 0.00941563 0.00802838
internal_weight=151776 72155.3 79620.4 76138.6 58901.8 56394.9 73763.7 57723.9 14325.8 16039.8 43398 2374.85 50727 43602.4
internal_count=3418531 507361 2911170 2896741 438314 419338 2884741 2383081 420992 501660 1962089 12000 330350 289359
cat_boundaries=0 1 2
cat_threshold=2837447440 2147483648
is_linear=0
shrinkage=0.03


Tree=47
num_leaves=15
num_cat=1
split_feature=4 1 5 3 16 27 16 16 8 18 1 12 7 18
split_gain=27321.4 7247.05 5067.27 2333.55 1159.97 919.234 1442.7 5027.04 889.807 834.517 724.412 711.67 688.062 663.095
threshold=1.0000000180025095e-35 18.000000000000004 1.0000000180025095e-35 85.000000000000014 6.5000000000000009 0 24.500000000000004 25.500000000000004 2.5000000000000004 inf 146.00000000000003 0.72474747474747481 15.500000000000002 42.500000000000007
decision_type=2 2 2 2 2 9 2 2 2 8 2 2 2 10
left_child=1 4 3 5 -1 6 10 -8 -3 -7 -2 12 -10 -12
right_child=2 8 -4 -5 -6 9 7 -9 11 -11 13 -13 -14 -15
leaf_value=0.033037124030904266 -0.02298082723066279 0.011447686861557253 0.022949363238668981 0.015170748814305452 0.0060180510506598487 -0.010432706444883942 0.0085542043498090196 -0.027195133969026519 0.005253425353143432 0.018603944203814737 0.001542284267692758 0.029658400141063676 -0.0075225329767519182 -0.017058254171031888
leaf_weight=15023.435085214674 24641.956556618214 29484.275969900191 3468.5021594464779 2367.4284394085407 1581.0254270881414 14978.867782346904 7379.7492132298648 6802.4947170782834 20492.097252685577 946.23371981456876 1933.2308979406953 925.71719028055668 4654.8746533952653 15994.433317780495
leaf_count=78436 1233907 161125 14321 11995 9956 488545 79614 341398 187535 13752 75801 9900 60485 651671
internal_value=-0.000249767 0.0130753 -0.0124969 -0.0141354 0.030465 -0.0150903 -0.0168785 -0.00859363 0.0078775 -0.00870089 -0.0196423 0.00383988 0.0028883 -0.0150525
internal_weight=150674 72161.4 78512.9 75044.4 16604.5 72677 56751.9 14182.2 55557 15925.1 42569.6 26072.7 25147 17927.7
internal_count=3418441 507437 2911004 2896683 88392 2884688 2382391 421012 419045 502297 1961379 257920 248020 727472
cat_boundaries=0 1
cat_threshold=2837447440
is_linear=0
shrinkage=0.03


Tree=48
num_leaves=15
num_cat=4
split_feature=27 1 14 6 6 1 8 14 28 27 7 15 28 8
split_gain=25586.8 8236.44 2491.44 1807.8 3662.86 1971.56 1405.25 1227.69 660.714 623.876 611.048 588.577 560.089 510.916
threshold=0 18.000000000000004 1.0000000180025095e-35 5.5000000000000009 4.5000000000000009 146.00000000000003 5.5000000000000009 70.785714285714292 1 2 13.500000000000002 1.0000000180025095e-35 3 3.5000000000000004
decision_type=9 2 2 2 2 2 2 2 9 9 2 2 9 2
left_child=2 7 -1 4 9 -5 8 -2 -3 -4 12 -9 -7 -10
right_child=1 6 3 5 -6 10 -8 11 13 -11 -12 -13 -14 -15
leaf_value=0.030701596681340038 0.034377512224177904 0.020422837641496869 -0.02685668777537786 -0.02328718333038644 0.0089074412309522958 0.027402774071876052 -0.0055803957513144492 -0.0038942623377914314 0.0089003098365868227 -0.004616080299095493 -0.013996636995868479 0.02260799767997082 -0.0059183079780190453 0.0024066208590775998
leaf_weight=1108.7029765546322 12811.904743671417 3540.3099707644433 4954.8882223702967 25002.221096232533 7682.9953290130943 484.32467941939831 7951.8075435236096 1094.515123963356 38203.515671446919 1494.3288184069097 22148.614511275664 2422.6511979550123 5458.7202823609114 15261.593709120527
leaf_count=4652 68968 22132 264574 1270494 85101 16552 157665 7048 242472 59418 859710 12092 191813 156345
internal_value=-0.000353957 0.0110202 -0.0138834 -0.0146213 -0.00508528 -0.0171593 0.00623341 0.0300674 0.00788141 -0.0217537 -0.0117048 0.0143619 -0.00316253 0.00704545
internal_weight=149621 81286.3 68334.8 67226.1 14132.2 53093.9 64957.2 16329.1 57005.4 6449.22 28091.7 3517.17 5943.04 53465.1
internal_count=3419036 666722 2752314 2747662 409093 2338569 578614 88108 420949 323992 1068075 19140 208365 398817
cat_boundaries=0 1 2 3 4
cat_threshold=3382756243 3147776 2147483904 2097152
is_linear=0
shrinkage=0.03


Tree=49
num_leaves=15
num_cat=1
split_feature=4 14 5 3 15 7 27 16 16 8 18 1 11 18
split_gain=24462.3 7928.48 4751 2047.56 1123.36 1058.92 882.301 1378.29 4741.47 837.291 783.048 716.188 628.201 618.523
threshold=1.0000000180025095e-35 49.583333333333336 1.0000000180025095e-35 85.000000000000014 1.0000000180025095e-35 1.5000000000000002 0 24.500000000000004 25.500000000000004 2.5000000000000004 inf 146.00000000000003 32.500000000000007 71.500000000000014
decision_type=2 2 2 2 2 2 9 2 2 2 8 2 2 10
left_child=1 -1 3 6 5 -3 7 11 -9 -6 -8 -2 -12 -13
right_child=2 4 -4 -5 9 -7 10 8 -10 -11 12 13 -14 -15
leaf_value=0.033935852935879585 -0.022594483641721182 0.011851215044815001 0.022304815408354082 0.01374933872872819 0.019843689200214457 0.0009134842385262388 -0.010052064633773427 0.0081814376753161673 -0.026913129955001839 0.0081873491167618224 0.054221631051230131 0.0008816639382237954 0.0017511938161347727 -0.016639168096713116
leaf_weight=12557.312882810831 23585.038120826706 11742.851445794106 3452.4945852458477 2364.9495593756437 9299.0676028206944 24765.852698098868 14729.862121140584 7396.4944223742932 6516.4985333066434 13746.934268832207 295.04073956981301 2054.6539381109178 670.63913995958865 15435.322120660916
leaf_count=68809 1234288 60156 14223 11953 44932 231569 488144 79495 341643 102122 2490 80844 11241 646937
internal_value=-0.000262657 0.0122736 -0.0120797 -0.0137051 0.00770556 0.00443178 -0.0146239 -0.0164155 -0.00825673 0.0128913 -0.00833077 -0.0191827 0.0178218 -0.014581
internal_weight=148613 72112 76501 73048.5 59554.7 36508.7 70683.5 54988 13913 23046 15695.5 41075 965.68 17490
internal_count=3418846 507588 2911258 2897035 438779 291725 2885082 2383207 421138 147054 501875 1962069 13731 727781
cat_boundaries=0 1
cat_threshold=2837447440
is_linear=0
shrinkage=0.03


Tree=50
num_leaves=15
num_cat=3
split_feature=4 14 5 2 12 8 27 18 28 18 18 18 17 27
split_gain=23384.4 7743.57 4406.09 1960.94 1095.24 1296.78 881.617 706.141 622.655 1045.35 1026.91 927.379 755.73 614.253
threshold=1.0000000180025095e-35 49.583333333333336 1.0000000180025095e-35 60.000000000000007 0.59545454545454557 5.5000000000000009 0 inf 1 1704.5000000000002 1683.5000000000002 1727.5000000000002 36.500000000000007 2
decision_type=2 2 2 2 2 2 9 8 9 8 10 10 10 9
left_child=1 -1 3 13 5 8 -5 -8 9 10 12 -11 -3 -2
right_child=2 4 -4 6 -6 -7 7 -9 -10 11 -12 -13 -14 -15
leaf_value=0.033557631583857384 0.029070521456753057 0.010587807512262046 0.021083023742088185 -0.016234586080103901 0.024619897820973357 -0.0072646954035660068 -0.0097708869463049696 0.016571567657702228 0.0057674492649792035 0.065747518012498812 -0.036828988080360787 0.0097934585176259453 0.041990629187024259 -0.0013732907393936987
leaf_weight=12382.265650704503 1134.9888584911823 13925.423374667764 3473.1513608396053 54094.121396306902 3180.5167267210782 5533.143913988024 14587.000734927133 976.30079457908869 34933.726762801409 610.70166329294443 394.8134987950325 473.22665344923735 724.82284987717867 1250.1576316058636
leaf_count=69035 4940 90642 14268 2382611 24088 87452 487905 13734 225396 2604 2162 2915 3574 7098
internal_value=-0.000246864 0.0119656 -0.0119164 -0.0135076 0.00749246 0.00652953 -0.0144235 -0.00811223 0.00802438 0.0129004 0.0108567 0.0413504 0.0121442 0.0132358
internal_weight=147674 72158.6 75515.7 72042.6 59776.4 56595.9 69657.4 15563.3 51062.7 16129 15045.1 1083.93 14650.2 2385.15
internal_count=3418424 507868 2910556 2896288 438833 414745 2884250 501639 327293 101897 96378 5519 94216 12038
cat_boundaries=0 1 2 3
cat_threshold=2837447440 3148033 2147483648
is_linear=0
shrinkage=0.03


Tree=51
num_leaves=15
num_cat=4
split_feature=27 1 5 14 6 16 1 28 8 27 28 8 16 13
split_gain=22069.8 7493.85 2309.61 2224.34 1677.61 5748.35 1537.43 1217.86 1129.52 740.143 548.978 535.875 570.27 566.115
threshold=0 18.000000000000004 1.0000000180025095e-35 1.0000000180025095e-35 5.5000000000000009 25.500000000000004 130.00000000000003 1 5.5000000000000009 2 3 3.5000000000000004 24.500000000000004 1.5000000000000002
decision_type=9 2 2 2 2 2 2 9 2 9 9 2 2 2
left_child=2 7 3 -1 5 9 -6 -2 10 11 -3 12 -5 -13
right_child=1 8 -4 4 6 -7 -8 -9 -10 -11 -12 13 -14 -15
leaf_value=0.028450831025108037 0.034668735483147625 0.0187011530691467 0.024060462577643625 0.067754049084572582 -0.022831922634968443 -0.024826077235063769 -0.012259983494508402 0.01671256361148955 -0.0048649246232541502 -0.020320037680501196 0.0064941713566591883 0.025978123719109947 -0.011048196714110604 0.0007187876688229672
leaf_weight=1091.1804179549217 10599.551805987954 3529.8177904058248 1467.0526192486286 90.527037441730499 23544.932656463236 6731.1547047942877 26118.112361559644 5109.2566324844956 7876.7062956690788 500.18911445699632 54044.146886413917 4203.8184011280537 851.4217065423727 985.83243947476149
leaf_count=4653 60279 21634 6029 522 1270333 365124 1063973 28195 157823 12459 399044 19003 4290 5790
internal_value=-0.000203443 0.0102545 -0.0131445 -0.0139982 -0.0147336 -0.0052974 -0.0172724 0.0288627 0.00578956 0.0145246 0.00724726 0.0173748 -0.003411 0.0211809
internal_weight=146744 81159.5 65584.2 64117.2 63026 13362.9 49663 15708.8 65450.7 6631.79 57574 6131.6 941.949 5189.65
internal_count=3419151 666975 2752176 2746147 2741494 407188 2334306 88474 578501 42064 420678 29605 4812 24793
cat_boundaries=0 1 2 3 4
cat_threshold=3382756243 2097153 2147483648 3145728
is_linear=0
shrinkage=0.03


Tree=52
num_leaves=15
num_cat=2
split_feature=4 14 5 2 6 16 2 12 8 18 27 11 27 17
split_gain=20997.2 7287.19 4177.34 1783.25 1444 5047.28 1766.81 1030.6 1116.53 998.544 886.607 587.606 562.382 551.065
threshold=1.0000000180025095e-35 49.583333333333336 1.0000000180025095e-35 60.000000000000007 5.5000000000000009 25.500000000000004 99.500000000000014 0.82971014492753636 5.5000000000000009 7.5000000000000009 0 380.50000000000006 1 33.500000000000007
decision_type=2 2 2 2 2 2 2 2 2 10 9 2 9 10
left_child=1 -1 3 12 5 10 -6 8 13 11 -5 -8 -2 -3
right_child=2 7 -4 4 6 -7 9 -9 -10 -11 -12 -13 -14 -15
leaf_value=0.032639526630421724 0.028001131187269525 0.0065260624639292431 0.020476681570286266 0.016547560592677264 -0.023108831592790844 -0.023132949780477155 0.020917682552372734 0.029307817002405499 -0.0062814345784341571 -0.01351690851043684 -0.016559656226891314 -0.0068329645614355061 -0.0013608827877637699 0.015854185972966221
leaf_weight=11970.204954877496 1106.4366112202406 45988.754688628018 3499.0527587532997 6171.9211659133434 20717.756004262716 7184.9921308364719 1213.8330102209002 1807.5535533130169 5713.7579595185816 30180.616501295939 818.09308018907905 1578.8905162978917 1243.0777634233236 6505.9792340174317
leaf_count=69057 4876 296893 14315 29655 1148572 383472 25895 13052 90773 1214403 19087 63773 7085 37444
internal_value=-0.000256641 0.0112678 -0.0115109 -0.0131052 -0.0139947 -0.0054776 -0.0162432 0.00700472 0.00631165 -0.0119289 0.0126709 0.00523178 0.0125857 0.00768243
internal_weight=145701 71986.3 73714.7 70215.6 67866.1 14175 53691.1 60016 58208.5 32973.3 6990.01 2792.72 2349.51 52494.7
internal_count=3418352 507219 2911133 2896818 2884857 432214 2452643 438162 425110 1304071 48742 89668 11961 334337
cat_boundaries=0 1 2
cat_threshold=2147483648 2147483648
is_linear=0
shrinkage=0.03


Tree=53
num_leaves=15
num_cat=4
split_feature=27 14 5 14 6 6 8 2 4 27 15 7 28 28
split_gain=19885.5 6986.01 2141.45 2044.37 1665.92 3766.35 1338.58 1325.73 985.673 783.395 676.26 729.241 672.71 624.93
threshold=0 49.583333333333336 1.0000000180025095e-35 1.0000000180025095e-35 5.5000000000000009 4.5000000000000009 4.5000000000000009 130.00000000000003 1.0000000180025095e-35 1 1.0000000180025095e-35 1.5000000000000002 2 3
decision_type=9 2 2 2 2 2 2 2 2 9 2 2 9 9
left_child=2 8 3 -1 5 -5 10 -6 -2 12 11 13 -8 -3
right_child=1 6 -4 4 7 -7 9 -9 -10 -11 -12 -13 -14 -15
leaf_value=0.027543381802994038 0.032416304897181995 0.048808862761948173 0.022845962697282025 -0.023809341548515349 -0.022149042143014778 0.0087570037999799826 0.049996335027663118 -0.012173193695414846 -0.0023670156693740524 -0.0031275284010954646 0.012488121763866405 0.0016016942138303222 0.0038339204577873373 0.0098001777024046312
leaf_weight=1065.7504965215921 11716.932136654854 371.89885419048369 1481.9958152621984 5497.2889626342803 22950.562066577375 7632.5274216532707 461.10703133046627 25113.842851236463 782.02013769000769 16048.504383295774 20600.267800655216 18091.501162923872 733.19581262022257 12228.658953417093
leaf_count=4610 68846 2662 6055 322098 1274139 85148 2198 1060049 3327 251465 122045 143105 5085 67892
internal_value=-0.000247042 0.00961339 -0.0127819 -0.0136324 -0.0143499 -0.00487889 0.00585268 -0.016937 0.03024 -0.00137845 0.00828352 0.00546112 0.0219503 0.0110018
internal_weight=144776 81034.1 63742 62260 61194.2 13129.8 68535.1 48064.4 12499 17242.8 51292.3 30692.1 1194.3 12600.6
internal_count=3418724 666625 2752099 2746044 2741434 407246 594452 2334188 72173 258748 335704 213659 7283 70554
cat_boundaries=0 1 2 3 4
cat_threshold=3382756243 537001984 3211520 2097152
is_linear=0
shrinkage=0.03


Tree=54
num_leaves=15
num_cat=4
split_feature=4 2 5 2 6 16 2 28 18 27 17 7 28 27
split_gain=18854.2 5914.12 3771.51 1644.16 1379.27 4844.09 1680.47 1272.34 919.066 848.403 629.941 607.702 583.681 524.681
threshold=1.0000000180025095e-35 18.000000000000004 1.0000000180025095e-35 60.000000000000007 5.5000000000000009 25.500000000000004 99.500000000000014 0 inf 1 28.500000000000004 12.500000000000002 2 3
decision_type=2 2 2 2 2 2 2 9 8 9 8 2 9 9
left_child=1 7 3 -2 5 9 -6 -1 13 -5 -3 -10 -12 -8
right_child=2 10 -4 4 6 -7 8 -9 11 -11 12 -13 -14 -15
leaf_value=0.033542402616030781 0.011976461721350102 0.0030716137441694925 0.019266274169609916 0.016125451246532859 -0.022615849071933158 -0.022942896613641899 -0.0080494733715784743 0.014925279640532038 0.021796791443881722 -0.0165514210133372 0.029083447498974634 -0.0069226476054775454 0.0084363299370236924 -0.016265206416177447
leaf_weight=10031.017778106034 2359.5074551478028 28509.679256949574 3507.1434473544359 6233.3580253273249 19853.662546589971 6922.4645171016455 11572.217985149473 5014.1329658254981 1144.1042155157775 800.42740812152624 1284.6682416237891 1574.5392820369452 27107.618399865925 17996.162887752056
leaf_count=60031 12111 219638 14304 29656 1149743 383379 405362 28332 22497 18952 6318 64698 193005 811348
internal_value=-0.000215102 0.0106448 -0.0110725 -0.0126271 -0.0135055 -0.00512863 -0.0157476 0.0273714 -0.0115237 0.0124045 0.00622178 0.00516711 0.00938476 -0.0130584
internal_weight=143911 71947.1 71963.6 68456.4 66096.9 13956.2 52140.7 15045.2 32287 7033.79 56902 2718.64 28392.3 29568.4
internal_count=3419374 507324 2912050 2897746 2885635 431987 2453648 88363 1303905 48608 418961 87195 199323 1216710
cat_boundaries=0 1 2 3 4
cat_threshold=2097153 2147483648 3147904 1149583427
is_linear=0
shrinkage=0.03


Tree=55
num_leaves=15
num_cat=4
split_feature=27 1 5 3 28 8 29 27 17 11 9 7 11 14
split_gain=17977 6505.36 1912.87 1890.01 1169.23 919.507 536.796 502.896 634.724 455.457 5456.23 694.56 398.11 397.673
threshold=0 18.000000000000004 1.0000000180025095e-35 85.000000000000014 1 5.5000000000000009 2 3 29.500000000000004 32.500000000000007 1.0000000180025095e-35 2.5000000000000004 32.500000000000007 70.785714285714292
decision_type=9 2 2 2 9 2 9 9 10 2 2 2 2 2
left_child=2 4 3 6 13 7 -1 12 -9 10 -8 -12 -3 -2
right_child=1 5 -4 -5 -6 -7 9 8 -10 -11 11 -13 -14 -15
leaf_value=-0.016367489941600945 0.035084107006895064 0.010699798796182098 0.021235430668625786 0.020133415198101051 0.015121883007787731 -0.0046190032254808779 -0.007338469896050785 0.0071089915082347211 0.019000491695207129 -0.011163424313631745 0.43485039174923834 0.018193536720889452 0.0013017339214880499 0.014636499238527027
leaf_weight=35560.148804607801 8877.4891335964203 5070.5404793694615 1487.0470348447561 1492.683797635138 4981.9533770903945 7772.8903725091368 539.2826685551554 28316.328097103164 4711.6955255307257 22895.036082789302 28.879432177171111 4.1959957126528016 20273.682514797896 949.56984719634056
leaf_count=1710360 54674 32964 6048 8241 28216 157587 22416 183993 26618 1005178 579 131 177505 5200
internal_value=-0.000213368 0.00909663 -0.0123675 -0.0131956 0.0270702 0.00507362 -0.0140387 0.00636435 0.00880326 -0.010498 0.0159111 0.384078 0.00318107 0.0330763
internal_weight=142961 80954.1 62007.3 60520.2 14809 66145.1 59027.5 58372.2 33028 23467.4 572.358 33.0754 25344.2 9827.06
internal_count=3419710 666757 2752953 2746905 88090 578667 2738664 421080 210611 1028304 23126 710 210469 59874
cat_boundaries=0 1 2 3 4
cat_threshold=3382756243 2097153 8 72613896
is_linear=0
shrinkage=0.03


Tree=56
num_leaves=15
num_cat=1
split_feature=4 14 5 2 6 16 2 12 7 18 29 15 7 17
split_gain=17056.9 6577.02 3386.08 1478.02 1364.31 4623.2 1686.21 945.854 1093.54 882.11 832.961 747.294 705.17 560.34
threshold=1.0000000180025095e-35 49.583333333333336 1.0000000180025095e-35 60.000000000000007 5.5000000000000009 25.500000000000004 99.500000000000014 0.71130952380952395 14.500000000000002 inf 0 1.0000000180025095e-35 1.5000000000000002 36.500000000000007
decision_type=2 2 2 2 2 2 2 2 2 8 9 2 2 10
left_child=1 -1 3 -2 5 10 -6 8 11 -8 -5 12 -3 -13
right_child=2 7 -4 4 6 -7 9 -9 -10 -11 -12 13 -14 -15
leaf_value=0.031246245309834886 0.011232036459082774 0.0098171916132556714 0.017942206539649244 0.015716781124821652 -0.022410238076458859 -0.02256095035935321 -0.012661573646293778 0.023785569621721795 -0.0066493890977511122 0.0052399550216704104 -0.01863093855485563 0.0099225165373488453 0.0007224291992579088 0.028223805668954133
leaf_weight=11113.768202967942 2324.2543094754219 12085.957714654505 3514.1375059038401 6319.8844703361392 19142.178697651252 6689.373710045591 28895.392372081056 2616.9124942533672 6114.3343538492918 2709.1011696271598 698.64497913792729 17256.578982971609 21010.311107810587 1649.0709651857615
leaf_count=68829 11942 60296 14299 31070 1149259 383584 1217250 19058 73695 87133 17620 102062 174846 8355
internal_value=-0.000250468 0.0100288 -0.010757 -0.0122675 -0.013115 -0.00471675 -0.0153835 0.00614571 0.00535101 -0.011127 0.0122914 0.0067621 0.00404381 0.0115203
internal_weight=142140 71846.9 70293 66778.8 64454.6 13707.9 50746.7 60733.2 58116.3 31604.5 7018.53 52001.9 33096.3 18905.6
internal_count=3419298 507141 2912157 2897858 2885916 432274 2453642 438312 419254 1304383 48690 345559 235142 110417
cat_boundaries=0 1
cat_threshold=40
is_linear=0
shrinkage=0.03


Tree=57
num_leaves=15
num_cat=3
split_feature=4 14 29 6 16 8 12 7 1 15 7 28 27 1
split_gain=16023.6 6327.78 1850.8 1818.5 4387.76 1405.2 906.707 1069.94 724.045 676.183 633.235 585.35 467.546 613.681
threshold=1.0000000180025095e-35 49.583333333333336 0 5.5000000000000009 25.500000000000004 4.5000000000000009 0.64142857142857157 12.500000000000002 146.00000000000003 1.0000000180025095e-35 1.5000000000000002 1 2 99.500000000000014
decision_type=2 2 9 2 2 2 2 2 2 2 2 9 9 2
left_child=1 11 3 4 -2 12 7 9 -5 10 -3 -1 13 -4
right_child=2 6 5 8 -6 -7 -8 -9 -10 -11 -12 -13 -14 -15
leaf_value=0.034417759141288452 0.014394458260749631 0.0096303860365768434 -0.0042526081717586808 -0.023178961501423942 -0.026915881579217402 -0.0093392398721523755 0.02195725742706045 -0.0048188204341120464 -0.012844802956844781 0.011566077470132248 0.00094792923815106107 0.017332683639208278 -0.0011686620916096901 0.020995141551264272
leaf_weight=8539.2805781960487 5212.0739939808846 12114.652213826776 1319.7855311986059 16451.397463701665 4160.1096239387989 24273.994285148568 3022.6087763495743 8364.1827700026333 9706.7408159021288 17296.260711856186 20106.320967748761 2386.740129172802 5867.1326673431322 2519.7760312762111
leaf_count=54696 25362 60185 65632 1004394 254165 981309 22032 95945 437864 97590 162828 14194 125634 17822
internal_value=-0.000223257 0.00971336 -0.0104914 -0.0152781 -0.00394322 -0.00547994 0.00594171 0.005105 -0.0193448 0.00678134 0.00421261 0.0307349 0.00416553 0.0122858
internal_weight=141341 71830 69511 35530.3 9372.18 33980.7 60904 57881.4 26158.1 49517.2 32221 10926 9706.69 3839.56
internal_count=3419652 507470 2912182 1721785 279527 1190397 438580 416548 1442258 320603 223013 68890 209088 83454
cat_boundaries=0 1 2 3
cat_threshold=8 2097153 2692812864
is_linear=0
shrinkage=0.03


Tree=58
num_leaves=15
num_cat=3
split_feature=27 14 5 14 6 6 2 8 27 14 18 8 27 18
split_gain=15344.1 5926.96 1760.13 1722.55 1406.55 3275.41 1268.97 1031.04 976.192 603.988 747.174 578.473 546.448 1034.49
threshold=0 49.583333333333336 1.0000000180025095e-35 1.0000000180025095e-35 5.5000000000000009 4.5000000000000009 130.00000000000003 3.5000000000000004 1 149.89444444444447 100.50000000000001 1.5000000000000002 2 1704.5000000000002
decision_type=9 2 2 2 2 2 2 2 9 2 8 2 9 8
left_child=2 8 3 -1 5 -5 -6 9 -2 10 -3 -12 13 -9
right_child=1 7 -4 4 6 -7 -8 12 -10 -11 11 -13 -14 -15
leaf_value=0.025597337487384613 0.030617484266685677 0.00014589545355185384 0.020435420054230807 -0.023255489864200014 -0.02115666640836324 0.0080316514389104001 -0.011015271135539313 -0.0049054566133120555 -0.0037899686394319374 0.0048733482925197432 0.024460904280583163 0.011222346024118124 -0.0011514517906493279 0.03444597128199979
leaf_weight=1044.5381570458412 10716.916498184204 3736.8231458887458 1491.0797842144966 4995.7148488163948 20868.55257488694 7578.7010010518134 23742.17273876071 1258.9479857981205 802.59442847594619 25581.708147928119 4264.304216016084 9799.787678129971 23384.153987023979 1149.475319467485
leaf_count=4625 68891 25420 6050 322389 1273744 85010 1059887 7873 3405 159382 22150 58139 316310 5296
internal_value=-0.000211575 0.00831947 -0.0117381 -0.0125643 -0.0132618 -0.00439934 -0.0157597 0.00500244 0.0282434 0.00782645 0.0120698 0.0152378 0.000252397 0.013825
internal_weight=140415 80694.7 59720.8 58229.7 57185.1 12574.4 44610.7 69175.2 11519.5 43382.6 17800.9 14064.1 25792.6 2408.42
internal_count=3418571 666866 2751705 2745655 2741030 407399 2333631 594570 72296 265091 105709 80289 329479 13169
cat_boundaries=0 1 2 3
cat_threshold=3382756243 301989888 537006080
is_linear=0
shrinkage=0.03


Tree=59
num_leaves=15
num_cat=2
split_feature=27 1 5 3 8 16 16 1 8 13 11 11 9 30
split_gain=14478.5 5722.9 1636.94 1627.58 1097.21 815.627 3268.95 1226.14 740.888 636.963 784.867 579.17 967.391 538.714
threshold=0 18.000000000000004 1.0000000180025095e-35 85.000000000000014 2.5000000000000004 24.500000000000004 25.500000000000004 130.00000000000003 5.5000000000000009 1.5000000000000002 297.50000000000006 668.50000000000011 1.0000000180025095e-35 1
decision_type=9 2 2 2 2 2 2 2 2 2 2 2 2 1
left_child=2 4 3 5 13 7 9 -1 -3 10 -7 -11 -13 -2
right_child=1 8 -4 -5 -6 6 -8 -9 -10 11 -12 12 -14 -15
leaf_value=-0.020824850454522776 0.033061473693303679 0.0054667042829284499 0.019524442840255628 0.018677195200676545 0.0034786283363881219 -0.00034709211032141028 -0.022647681731473798 -0.010526291467516671 -0.0044246997236227804 -0.021955334353034248 0.021396040983368378 -0.028494401362418022 0.050488034846357291 0.019462204114055137
leaf_weight=19386.793318648823 8195.216072037816 58845.608729703352 1484.8521260023117 1479.7685960531235 1792.428536452353 2895.9713112656027 6496.5471344711259 22465.070580411702 7707.1327979341149 1158.573518987745 3085.6404994297773 251.94972973130643 310.5483803730458 4045.0719751864672
leaf_count=1234154 53987 420580 6015 8275 10590 29818 399024 1014529 157893 28153 26307 3643 2339 23891
internal_value=-0.000276078 0.00799141 -0.0115646 -0.0123693 0.0254023 -0.0131893 -0.00697559 -0.0152972 0.00432118 0.00624368 0.0108709 -0.00983525 0.0151231 0.0286122
internal_weight=139601 80585.5 59015.7 57530.9 14032.7 56051.1 14199.2 41851.9 66552.7 7702.68 5981.61 1721.07 562.498 12240.3
internal_count=3419198 666941 2752257 2746242 88468 2737967 489284 2248683 578473 90260 56125 34135 5982 77878
cat_boundaries=0 1 2
cat_threshold=3382756243 12
is_linear=0
shrinkage=0.03


Tree=60
num_leaves=15
num_cat=1
split_feature=27 14 5 14 1 15 7 16 16 1 13 11 7 11
split_gain=13850.1 5507.84 1512.3 1540.25 937.986 873.942 1059.03 788.487 3157.5 1236.5 547.796 769.9 624.057 588.228
threshold=0 49.583333333333336 1.0000000180025095e-35 1.0000000180025095e-35 18.000000000000004 1.0000000180025095e-35 2.5000000000000004 24.500000000000004 25.500000000000004 146.00000000000003 1.5000000000000002 297.50000000000006 23.500000000000004 668.50000000000011
decision_type=9 2 2 2 2 2 2 2 2 2 2 2 2 2
left_child=2 4 3 -1 -2 6 -3 9 10 -5 11 -9 -12 -14
right_child=1 5 -4 7 -6 -7 -8 8 -10 -11 12 -13 13 -15
leaf_value=0.024418480268910924 0.029944442802272781 0.0069761955579536487 0.018442730478101233 -0.020518637316467535 -0.0031202144181566582 0.0089789272740589936 -0.0024715990963644963 -0.00059353400955463361 -0.022224898277490291 -0.010133529094414343 -0.018515195652376196 0.020909396107634908 -0.037125516172681464 0.046156922745027418
leaf_weight=1018.1420545130968 10281.523590549827 20522.634931122884 1493.4914794117212 19008.743696938269 834.66607738286257 26684.630138387904 22257.854994304478 2897.9829948153347 6419.3968178899959 22577.66115745157 1326.6670650914311 3102.2698563951999 102.45625450462103 291.33246021158993
leaf_count=4568 68642 121642 6043 1234576 3566 187344 286068 29715 399549 1016325 31000 26357 1452 1856
internal_value=-0.000200226 0.00785518 -0.0113454 -0.0121318 0.0274617 0.00471842 0.00206075 -0.0128 -0.0066795 -0.0148808 0.00624695 0.0105256 -0.00867273 0.0244493
internal_weight=138819 80581.3 58238.1 56744.7 11116.2 69465.1 42780.5 55726.5 14140.1 41586.4 7720.71 6000.25 1720.46 393.789
internal_count=3418703 667262 2751441 2745398 72208 595054 407710 2740830 489929 2250901 90380 56072 34308 3308
cat_boundaries=0 1
cat_threshold=3382756243
is_linear=0
shrinkage=0.03


Tree=61
num_leaves=15
num_cat=4
split_feature=4 2 5 2 28 6 16 2 18 29 17 27 7 28
split_gain=12998.6 4788.99 2824.11 1249.91 1206.72 1205.18 3916.1 1608.46 835.667 726.32 565.568 544.619 498.926 496.066
threshold=1.0000000180025095e-35 99.500000000000014 1.0000000180025095e-35 60.000000000000007 0 5.5000000000000009 25.500000000000004 99.500000000000014 inf 1 28.500000000000004 2 12.500000000000002 3
decision_type=2 2 2 2 9 2 2 2 8 9 8 9 2 9
left_child=1 4 3 -2 -1 6 9 -7 -9 -5 -3 -8 -10 -12
right_child=2 10 -4 5 -6 7 11 8 12 -11 13 -13 -14 -15
leaf_value=0.031189947334409673 0.010440264069721164 0.0019344967201911755 0.016355578197717918 0.014256703402527052 0.012412262940052102 -0.021548870040580627 -0.026740002997275265 -0.011629625267525097 0.020819186332838125 -0.018287194643366863 0.026096150588532235 -0.0057377018083270784 -0.0054255623694748883 0.0070140466931683668
leaf_weight=8880.7132177203894 2310.4111815989017 28912.488120533526 3530.794200450182 6412.040614772588 4786.6317345350981 17330.205413534306 4598.5802653841674 27513.483413629234 1154.0947790052742 674.83134543523192 1275.92763742432 1492.0510132582858 1495.8267873432487 27631.87980845198
leaf_count=60217 12010 219533 14334 31126 28386 1149277 308916 1217369 22370 17545 6187 74468 64771 192935
internal_value=-0.000204315 0.00867672 -0.00974966 -0.0112134 0.0246468 -0.0120381 -0.00401068 -0.0142653 -0.01008 0.01115 0.0049014 -0.0216501 0.0060081 0.00786862
internal_weight=138000 71487.6 66512.3 62981.5 13667.3 60671.1 13177.5 47493.6 30163.4 7086.87 57820.3 6090.63 2649.92 28907.8
internal_count=3419444 507258 2912186 2897852 88603 2885842 432055 2453787 1304510 48671 418655 383384 87141 199122
cat_boundaries=0 1 2 3 4
cat_threshold=2097153 40 2147483904 3147776
is_linear=0
shrinkage=0.03


Tree=62
num_leaves=15
num_cat=3
split_feature=4 14 29 6 16 10 11 1 12 7 7 1 28 27
split_gain=12466.2 5504.14 1587.79 1620.78 3798.82 1214.74 1756.5 1545.63 773.877 897.957 742.122 687.776 587.351 527.081
threshold=1.0000000180025095e-35 49.583333333333336 0 5.5000000000000009 25.500000000000004 1.0000000180025095e-35 28.500000000000004 99.500000000000014 0.82971014492753636 15.500000000000002 1.5000000000000002 146.00000000000003 1 2
decision_type=2 2 9 2 2 2 2 2 2 2 2 2 9 9
left_child=1 12 3 4 -2 10 7 -7 9 -3 -4 -5 -1 -8
right_child=2 8 5 11 -6 6 13 -9 -10 -11 -12 -13 -14 -15
leaf_value=0.033034403217680218 0.013094039469590667 0.0056767073211383716 0.0076512288341910222 -0.022311111262891974 -0.026480875714111254 0.32235446517102695 -0.0033499306874147459 0.064388418298138198 0.024223611019006736 -0.0072546583668559499 -0.0094236061070594474 -0.011878278917372373 0.015320450532776064 0.014297978048304768
leaf_weight=7758.580721527338 5240.9451512470841 54353.251010436565 2535.0251186974347 14871.190870272927 3739.8643939904869 23.877447487786412 3512.979973080568 136.53830723650753 1850.0415064319968 5303.7228941954672 23721.73019874841 9215.2539123054594 2233.2868119329214 2675.4100594110787
leaf_count=54903 25181 359877 36220 1004116 254532 479 88950 733 13072 65432 1032669 437959 14131 30573
internal_value=-0.000192647 0.00847491 -0.00962912 -0.0142605 -0.00338719 -0.00492601 0.00684751 0.104545 0.00511979 0.00452696 -0.00777484 -0.0183203 0.0291255 0.00429851
internal_weight=137172 71498.9 65672.8 33067.3 8980.81 32605.6 6348.81 160.416 61507 59657 26256.8 24086.4 9991.87 6188.39
internal_count=3418827 507415 2911412 1721788 279713 1189624 120735 1212 438381 425309 1068889 1442075 69034 119523
cat_boundaries=0 1 2 3
cat_threshold=8 2097153 3290447872
is_linear=0
shrinkage=0.03


Tree=63
num_leaves=15
num_cat=3
split_feature=4 14 5 29 8 10 1 12 8 28 15 28 17 18
split_gain=11866.8 5352.84 2648.24 1198.83 1046.55 1526.91 908.917 785.093 792.91 565.59 491.772 480.247 546.954 573.409
threshold=1.0000000180025095e-35 49.583333333333336 1.0000000180025095e-35 0 2.5000000000000004 1.0000000180025095e-35 99.500000000000014 0.64142857142857157 5.5000000000000009 1 1.0000000180025095e-35 2 36.500000000000007 1717.5000000000002
decision_type=2 2 2 9 2 2 2 2 2 9 2 9 10 8
left_child=1 9 3 4 5 -2 10 8 11 -1 -7 12 13 -3
right_child=2 7 -4 -5 -6 6 -8 -9 -10 -11 -12 -13 -14 -15
leaf_value=0.032747527852268726 0.0062851862661452273 0.0059825390853322571 0.015770641357745318 -0.013430603529884459 -0.0078356471508802261 0.28932496097736221 0.061673006515498757 0.019726284454605648 -0.0066987442807064186 0.015276701788398619 0.02064283629877001 0.0029925269053644237 0.027522842906813897 0.024235986331147454
leaf_weight=7557.5203941836953 3191.3344313688576 17722.134748913348 3529.0213357657194 45550.940776870586 12659.653101908043 27.54380248580128 136.18719472456723 3068.5953209809959 5482.8975832536817 2222.8029546365142 8.0136492773890478 32284.990982733667 1320.9548246338964 1696.4078534394503
leaf_count=54645 65365 110493 14321 2262548 568463 416 1442 22046 87976 14183 364 201507 6575 9281
internal_value=-0.000238152 0.00821206 -0.00950005 -0.0109486 -0.00388149 0.0109895 0.0978626 0.00493715 0.00416117 0.0288279 0.230993 0.00528422 0.00884565 0.00757833
internal_weight=136459 71356.3 65102.7 61573.7 16022.7 3363.08 171.745 61576 58507.4 9780.32 35.5575 53024.5 20739.5 19418.5
internal_count=3419625 506706 2912919 2898598 636050 67587 2222 437878 415832 68828 780 327856 126349 119774
cat_boundaries=0 1 2 3
cat_threshold=38 2097153 3156353
is_linear=0
shrinkage=0.03


Tree=64
num_leaves=15
num_cat=3
split_feature=27 14 14 5 6 16 2 4 8 27 27 10 7 18
split_gain=11098.2 4794.38 1334.78 1357.9 1269.9 4020.2 1242.97 898.673 884.545 616.507 504.916 482.592 523.269 462.745
threshold=0 49.583333333333336 1.0000000180025095e-35 1.0000000180025095e-35 5.5000000000000009 25.500000000000004 130.00000000000003 1.0000000180025095e-35 2.5000000000000004 1 2 1.0000000180025095e-35 15.500000000000002 493.50000000000006
decision_type=9 2 2 2 2 2 2 2 2 9 9 2 2 10
left_child=2 7 -1 4 5 10 -6 13 9 -3 -4 12 -10 -2
right_child=1 8 3 -5 6 -7 -8 -9 11 -11 -12 -13 -14 -15
leaf_value=0.023640087285678284 0.032271573948477059 0.019271317561601095 0.014055697289496266 0.017166101973920066 -0.020091946383027054 -0.023088198498798156 -0.0096185748300884177 -0.0048312906338603351 0.0010531749635202127 0.0061471568960429985 -0.01877061376493833 0.0091594642111122188 -0.0096168719045627415 0.016781961681729494
leaf_weight=1012.9483151733875 7271.0106042996049 3582.0675914287567 6350.6302895918489 1487.093859732151 18765.365698840469 5228.5211248630658 22345.192195987329 784.18744334205985 24325.246988061816 31776.153362745419 443.81236004456878 5194.3081843629479 4983.0240718610585 2284.9329844340682
leaf_count=4617 53015 17294 29699 6001 1273864 365321 1060940 3306 249664 185758 12439 68586 73608 15590
internal_value=-0.000170571 0.00697112 -0.0104653 -0.0111001 -0.0118915 -0.00331506 -0.0143996 0.0260366 0.00414989 0.00748443 0.0119021 0.000732542 -0.000761224 0.02857
internal_weight=135834 80200.9 55633.6 54620.6 53133.5 12023 41110.6 10340.1 69860.8 35358.2 6794.44 34502.6 29308.3 9555.94
internal_count=3419702 666821 2752881 2748264 2742263 407459 2334804 71911 594910 203052 42138 391858 323272 68605
cat_boundaries=0 1 3 4
cat_threshold=3382756243 570560512 9 2147483648
is_linear=0
shrinkage=0.03


Tree=65
num_leaves=15
num_cat=1
split_feature=27 14 14 5 6 16 1 1 15 7 7 18 14 7
split_gain=10400.7 4724.21 1318.56 1300.78 1266.82 3775.95 1242.23 933.227 654.279 866.54 520.543 514.69 496.972 471.312
threshold=0 49.583333333333336 1.0000000180025095e-35 1.0000000180025095e-35 5.5000000000000009 25.500000000000004 146.00000000000003 18.000000000000004 1.0000000180025095e-35 1.5000000000000002 3.5000000000000004 inf 139.68857758620692 13.500000000000002
decision_type=9 2 2 2 2 2 2 2 2 2 2 8 2 2
left_child=2 7 -1 4 5 12 -6 -2 9 11 -10 -3 -4 -8
right_child=1 8 3 -5 6 -7 13 -9 10 -11 -12 -13 -14 -15
leaf_value=0.023447495127813158 0.028365484291258982 0.0068899073723844469 0.01511742914899584 0.016716117337638042 -0.020302431093113547 -0.022827968507783365 -0.0010844276505559852 -0.0044817149965946336 0.016173920566996441 -0.0012808024523348152 0.0055027249801514093 0.040954978038029929 -0.0058093916445055016 -0.011944577670546052
leaf_weight=1012.3099119365215 9379.8909689486027 12687.595093185082 5562.2137705069035 1469.3240336924791 18014.088790949434 5114.4803624022752 4603.4269998148084 848.62263264134526 5001.4812774546444 30108.980304893106 23180.303074464202 411.20485694333911 1250.4388992600143 16444.661896020174
leaf_count=4651 68712 68003 25366 5925 1270129 365378 201946 3619 24458 344037 218027 2696 16873 800076
internal_value=-0.000165006 0.00657236 -0.0104481 -0.0111047 -0.0119067 -0.00334877 -0.0145195 0.0256401 0.00384099 0.00152145 0.00739707 0.00796234 0.0112761 -0.00956952
internal_weight=135089 81618.1 53470.9 52458.6 50989.3 11927.1 39062.2 10228.5 71389.6 43207.8 28181.8 13098.8 6812.65 21048.1
internal_count=3419896 729552 2690344 2685693 2679768 407617 2272151 72331 657221 414736 242485 70699 42239 1002022
cat_boundaries=0 1
cat_threshold=3374351251
is_linear=0
shrinkage=0.03


Tree=66
num_leaves=15
num_cat=2
split_feature=4 14 27 14 6 16 1 15 28 18 17 11 13 11
split_gain=10109 4858.79 1358.18 1480.57 1462.26 3926.58 982.634 650.997 595.454 527.647 505.199 503.205 374.642 570.516
threshold=1.0000000180025095e-35 49.583333333333336 0 1.0000000180025095e-35 5.5000000000000009 25.500000000000004 146.00000000000003 1.0000000180025095e-35 1 106.50000000000001 36.500000000000007 435.50000000000006 1.5000000000000002 297.50000000000006
decision_type=2 2 9 2 2 2 2 2 9 10 10 2 2 2
left_child=1 8 3 -2 5 12 -6 11 -1 -8 -9 -3 13 -5
right_child=2 7 -4 4 6 -7 9 10 -10 -11 -12 -13 -14 -15
leaf_value=0.032061816210852891 0.025783307735387565 0.0039668285608568579 -0.00075709225557022742 0.0052071639617105548 -0.020044323056594593 -0.023429166821735199 0.0029583081532793365 0.0071501827993105506 0.013816551012207372 -0.012107287571556437 0.022910862196970246 -0.0044220872188298673 -0.0024577648859734928 0.024353003817722096
leaf_weight=7122.1735298037529 951.98523040115833 29674.221456442028 14411.429365512915 2729.8657707702368 17663.472818277776 4903.3255205610767 2409.0947597064078 22032.077002696693 2150.4330210983753 15889.623167019337 1995.62429196015 8216.562636654824 1371.0653748549521 2877.4998686015606
leaf_count=54779 4432 207183 417796 14176 1269588 343246 97750 136597 14248 738765 10606 84230 12237 13499
internal_value=-0.000122103 0.00763046 -0.00885388 -0.0112427 -0.0119823 -0.00285761 -0.0149969 0.0045973 0.0278819 -0.0101238 0.00846009 0.00214764 0.0115981 0.0150347
internal_weight=134398 71191.1 63207.4 48795.9 47843.9 11881.8 35962.2 61918.5 9272.61 18298.7 24027.7 37890.8 6978.43 5607.37
internal_count=3419132 507643 2911489 2493693 2489261 383158 2106103 438616 69027 836515 147203 291413 39912 27675
cat_boundaries=0 1 2
cat_threshold=2367685395 2097153
is_linear=0
shrinkage=0.03


Tree=67
num_leaves=15
num_cat=2
split_feature=4 2 5 28 29 11 9 6 16 1 2 15 7 12
split_gain=9334.81 3948.82 2210.93 1111.47 1110.25 1181.59 1549.57 920.839 2804.73 1169.14 905.031 490.688 613.322 595.428
threshold=1.0000000180025095e-35 18.000000000000004 1.0000000180025095e-35 0 1 36.500000000000007 1.0000000180025095e-35 5.5000000000000009 25.500000000000004 130.00000000000003 60.000000000000007 1.5000000000000002 2.5000000000000004 0.59545454545454557
decision_type=2 2 2 9 9 2 2 2 2 2 2 2 2 2
left_child=1 3 4 -1 5 6 -2 8 -6 -9 -8 12 -3 -14
right_child=2 11 -4 -5 7 -7 10 9 -10 -11 -12 -13 13 -15
leaf_value=0.029364121261901192 0.01041900420425433 0.0068474601826899843 0.014518718306725525 0.01072619283790986 0.0094016890278710782 -0.0066251928782190151 0.033591645085190795 -0.021558340861565047 -0.022966045102509325 -0.010182777248439591 0.1885402797789229 0.011135977444420677 -0.0010455694917668925 0.014953009992927556
leaf_weight=7904.9290489777923 2199.2658873768523 21012.543238736689 3495.6481170207262 4591.5412339121103 5638.2089595012367 13190.290730218403 65.765007644891739 13815.549680067226 4205.8511382583529 19770.446306137368 70.24898817576468 7499.6999550163746 27713.894511498511 2263.7608052827418
leaf_count=60071 34892 105666 14183 28289 35874 599426 329 1010965 300743 911269 855 42705 252046 17969
internal_value=-0.000200076 0.00724236 -0.00865964 0.0225495 -0.0100342 -0.0031406 0.0165223 -0.0124948 -0.00442828 -0.0148626 0.114412 0.00397163 0.00291769 0.000163021
internal_weight=133438 70986.4 62451.3 12496.5 58955.6 15525.6 2335.28 43430.1 9844.06 33586 136.014 58489.9 50990.2 29977.7
internal_count=3415282 506746 2908536 88360 2894353 635502 36076 2258851 336617 1922234 1184 418386 375681 270015
cat_boundaries=0 1 2
cat_threshold=2097153 38
is_linear=0
shrinkage=0.03


Tree=68
num_leaves=15
num_cat=4
split_feature=27 14 5 3 6 16 2 1 28 18 27 27 17 11
split_gain=9152.7 4242.63 1150.52 1207.09 1185.25 3371.63 1107.51 821.765 572.58 506.29 497.929 462.31 442.231 426.779
threshold=0 49.583333333333336 1.0000000180025095e-35 85.000000000000014 5.5000000000000009 25.500000000000004 130.00000000000003 18.000000000000004 1 13.500000000000002 2 3 35.500000000000007 28.500000000000004
decision_type=9 2 2 2 2 2 2 2 9 10 9 9 10 2
left_child=2 7 3 4 5 11 -6 8 -2 -8 13 -1 -12 -3
right_child=1 10 -4 -5 6 -7 9 -9 -10 -11 12 -13 -14 -15
leaf_value=0.012318523689262501 0.031569281600417547 0.0092711689645353437 0.015893791876555416 0.016630049416339526 -0.019828830100566842 -0.02256173012324552 0.0061898140408663182 -0.0035410361993290476 0.013215643562117583 -0.010888964712005188 0.0070896322551290865 -0.019736913069116659 0.024706094608502288 0.0015794005369886186
leaf_weight=6400.8237819299102 6830.4959270432591 7393.6528341751546 1495.4471081346273 1402.699492610991 17038.340568480082 4767.9742365721613 1704.9042532369494 845.73370609804988 2037.5668360590935 18582.77926755324 9406.667608089745 423.68972528167069 1484.3120681811124 53204.00523944851
leaf_count=29566 54875 43426 6033 8223 1270038 365013 74275 3604 13782 930172 51224 12390 7230 549085
internal_value=-0.000178128 0.00610783 -0.0100281 -0.0108007 -0.0115876 -0.00320797 -0.01419 0.0247103 0.0274047 -0.00945349 0.00358069 0.0103149 0.00948389 0.00251761
internal_weight=133019 81202.4 51816.7 50321.2 48918.5 11592.5 37326 9713.8 8868.06 20287.7 71488.6 6824.51 10891 60597.7
internal_count=3418936 723226 2695710 2689677 2681454 406969 2274485 72261 68657 1004447 650965 41956 58454 592511
cat_boundaries=0 1 2 3 4
cat_threshold=3374367635 2113537 349503528 2147483648
is_linear=0
shrinkage=0.03


Tree=69
num_leaves=15
num_cat=3
split_feature=27 1 3 6 16 2 16 29 5 8 18 27 18 17
split_gain=8555.21 3999.68 1111.17 1151.37 3380.34 1346.17 1009.07 603.03 564.318 553.424 466.786 434.108 477.18 462.594
threshold=0 18.000000000000004 85.000000000000014 5.5000000000000009 25.500000000000004 130.00000000000003 6.5000000000000009 1 1.0000000180025095e-35 2.5000000000000004 42.500000000000007 2 152.50000000000003 35.500000000000007
decision_type=9 2 2 2 2 2 2 9 2 2 10 9 8 10
left_child=2 6 3 4 -1 -5 7 -2 10 11 -7 12 -3 -13
right_child=1 9 -4 5 -6 8 -8 -9 -10 -11 -12 13 -14 -15
leaf_value=0.010635088754560576 0.031016058997359531 -0.022091209138016227 0.016335195008922804 -0.019415642552943504 -0.022036772617542225 0.0052134269463735387 -5.2408117305885946e-06 0.016134340426255649 0.013657231965316296 0.00041338007538461151 -0.010590813386913762 0.0063299007731216599 0.0021705086778130429 0.019400147680898188
leaf_weight=7163.453770428896 6367.414665043354 806.65512315183878 1427.2352757379413 16742.388469430618 4731.8304172791541 1852.0750041007996 1653.5448304340243 4129.644854798913 1026.8164648711681 34350.298651594669 18251.517706759274 23570.03368711099 7547.83450711146 2717.5809057820588
leaf_count=43308 50881 7458 8338 1269947 364808 80628 9685 27592 4122 438721 923708 132028 42332 15025
internal_value=-0.00015225 0.00590627 -0.00975399 -0.0105044 -0.00236223 -0.0130617 0.0217775 0.0252085 -0.00802649 0.00311169 -0.00913464 0.00578718 -0.0001742 0.00767885
internal_weight=132338 81143 51195.3 49768.1 11895.3 37872.8 12150.6 10497.1 21130.4 68992.4 20103.6 34642.1 8354.49 26287.6
internal_count=3418581 723722 2694859 2686521 408116 2278405 88158 78473 1008458 635564 1004336 196843 49790 147053
cat_boundaries=0 1 2 3
cat_threshold=3374367635 44 5242888
is_linear=0
shrinkage=0.03


Tree=70
num_leaves=15
num_cat=3
split_feature=27 14 3 6 6 2 8 1 15 27 2 10 27 5
split_gain=8163.4 3975.92 1106.67 1118.64 1886.07 1327.67 790.766 745.031 646.634 643.401 812.496 623.468 585.251 566.837
threshold=0 49.583333333333336 85.000000000000014 5.5000000000000009 4.5000000000000009 130.00000000000003 1.5000000000000002 18.000000000000004 1.5000000000000002 1 518.00000000000011 1.0000000180025095e-35 2 1.0000000180025095e-35
decision_type=9 2 2 2 2 2 2 2 2 9 2 2 9 2
left_child=2 7 3 4 12 -5 9 -2 11 10 -3 -8 -1 -7
right_child=1 6 -4 5 -6 13 8 -9 -10 -11 -12 -13 -14 -15
leaf_value=-0.02481787968659856 0.026726737528250707 -0.034014944413820955 0.016452375727068289 -0.019291761512084105 0.0066604243633003315 -0.0090320803663445515 -0.0020010445221501829 -0.0029927173775088655 0.0089889160627264469 0.010648436948561 0.002979737940543732 0.0090300327572234475 0.00061989052509019052 0.013688407324261305
leaf_weight=3158.5703686662018 8556.2454199269414 584.33403513580561 1423.5086148530245 16453.253629287705 7567.4515393869951 19915.197265990078 34021.752940304577 832.86085093766451 7721.0053830612451 17925.054599735886 6127.1618995219469 5333.2512635700405 1103.9431520123035 1038.9780518561602
leaf_count=264335 68742 3004 8313 1271569 85144 1003822 395936 3564 53559 98696 32576 67773 59079 4169
internal_value=-0.000168127 0.00573342 -0.00961491 -0.0103708 -0.00232963 -0.0129137 0.00333049 0.0240904 0.00105147 0.00768506 -0.000245413 -0.00050596 -0.0182879 -0.00790492
internal_weight=131763 81101.7 50660.9 49237.4 11830 37407.4 71712.6 9389.11 47076 24636.6 6711.5 39355 4262.51 20954.2
internal_count=3420281 723850 2696431 2688118 408558 2279560 651544 72306 517268 134276 35580 463709 323414 1007991
cat_boundaries=0 1 3 4
cat_threshold=3374367635 4194376 2 2147516800
is_linear=0
shrinkage=0.03


Tree=71
num_leaves=15
num_cat=3
split_feature=27 1 28 6 16 1 7 7 18 27 17 1 8 5
split_gain=7629.73 3769.42 1082.57 1020.1 2912.32 1597.9 1057.3 525.13 468.869 428.905 444.188 390.239 378.11 376.315
threshold=0 18.000000000000004 1 5.5000000000000009 25.500000000000004 146.00000000000003 6.5000000000000009 14.500000000000002 inf 2 28.500000000000004 146.00000000000003 2.5000000000000004 1.0000000180025095e-35
decision_type=9 2 9 2 2 2 2 2 8 9 10 2 2 2
left_child=3 2 12 4 -1 -5 8 9 -7 -3 -11 -6 -2 -8
right_child=1 7 -4 5 11 6 13 -9 -10 10 -12 -13 -14 -15
leaf_value=0.010185104138412386 0.030204234654709693 0.0010799529599122785 0.0094338180837270792 -0.018984879778221716 -0.02724018624314533 0.003377756571608269 -0.010063238708203767 -0.0032827389799127485 0.031224487584082274 0.004744081660363113 0.014454645661350612 -0.0099053096963317658 0.0044472479108624364 0.010564166232139512
leaf_weight=7256.5234994031489 6796.8026799932122 26157.031837165356 4472.9105963781476 16120.741703914478 2775.5007301503792 2255.1319960225374 18014.8289316874 10717.816573454998 716.3940863609314 27394.322346374393 5015.3552405331284 2021.3995651379228 555.21834943443537 831.99587063491344
leaf_count=43504 56995 231357 28158 1270183 224860 80858 916179 191058 8779 188501 30594 141734 3129 3334
internal_value=-0.000188 0.00549362 0.0211481 -0.00940519 -0.00180401 -0.0118225 -0.00652983 0.00282236 0.0100995 0.00393964 0.00624525 -0.0199389 0.0282216 -0.00915213
internal_weight=131102 81109.5 11824.9 49992.5 12053.4 37939.1 21818.4 69284.5 2971.53 58566.7 32409.7 4796.9 7352.02 18846.8
internal_count=3419223 729792 88282 2689431 410098 2279333 1009150 641510 89637 450452 219095 366594 60124 919513
cat_boundaries=0 1 2 3
cat_threshold=3374351251 2097153 72630280
is_linear=0
shrinkage=0.03


Tree=72
num_leaves=15
num_cat=1
split_feature=4 11 5 18 28 1 15 8 6 6 1 6 6 10
split_gain=7321.87 3250.29 1796.55 1014.72 836.702 769.031 714.337 619.421 522.157 1448.33 1240.35 451.164 536.597 515.453
threshold=1.0000000180025095e-35 6.5000000000000009 1.0000000180025095e-35 24.500000000000004 0 99.500000000000014 1.0000000180025095e-35 2.5000000000000004 5.5000000000000009 4.5000000000000009 130.00000000000003 5.5000000000000009 4.5000000000000009 1.0000000180025095e-35
decision_type=2 2 2 10 9 2 2 2 2 2 2 2 2 2
left_child=1 4 3 5 -1 11 -3 -8 9 -5 -10 12 -2 -13
right_child=2 6 -4 8 -6 -7 7 -9 10 -11 -12 13 -14 -15
leaf_value=0.029178215941392419 -0.022726717116140573 0.0013776746652837079 0.012941854594406738 -0.019469529517658499 0.0078274524200293034 0.0080265904517964389 0.013644836250016066 0.0040161779794321024 -0.020526247259083644 0.0037454109734000912 -0.0087386330651053612 -0.016370500980044771 0.014572472382002414 0.042939504935665548
leaf_weight=6387.090828217566 478.39676489587873 37211.675473175943 3519.1567818373442 3905.3502176813781 2262.7728448361158 4859.8388873338699 10152.632036730647 14748.597564809024 12221.932138107717 6350.1891500754282 23451.758808171377 3615.1400243956596 1257.3356661107391 135.93245861213654
leaf_count=53915 40250 286475 14283 291263 14762 119361 49851 102589 981738 76184 1089814 280442 11028 8274
internal_value=-0.000121589 0.00640909 -0.00785012 -0.00915053 0.0236373 -0.000662982 0.00400955 0.00794233 -0.0110625 -0.00509597 -0.0127776 -0.00835967 0.00428503 -0.0142103
internal_weight=130558 70762.8 59795 56275.9 8649.86 10346.6 62112.9 24901.2 45929.2 10255.5 35673.7 5486.8 1735.73 3751.07
internal_count=3420229 507592 2912637 2898354 68677 459355 438915 152440 2438999 367447 2071552 339994 51278 288716
cat_boundaries=0 1
cat_threshold=2113537
is_linear=0
shrinkage=0.03


Tree=73
num_leaves=15
num_cat=2
split_feature=14 12 5 29 6 16 1 11 9 15 11 14 29 16
split_gain=6290.33 4049.01 1969.17 809.708 826.272 2357.39 861.153 687.164 1585.18 676.495 727.1 575.663 572.77 433.048
threshold=1.0000000180025095e-35 0.97512285012285027 1.0000000180025095e-35 0 5.5000000000000009 25.500000000000004 146.00000000000003 32.500000000000007 1.0000000180025095e-35 1.0000000180025095e-35 435.50000000000006 98.763157894736864 1 12.500000000000002
decision_type=2 2 2 9 2 2 2 2 2 2 2 2 9 2
left_child=12 9 3 7 5 -5 -6 8 -3 10 -2 -10 -1 -11
right_child=1 2 -4 4 6 -7 -8 -9 11 13 -12 -13 -14 -15
leaf_value=0.028280701075293988 0.0026286295207153662 0.0086805426764817728 0.01641221876388848 0.0081696114840674114 -0.020414961557572376 -0.023364312194702738 -0.0098648319527315492 -0.005152605290644977 0.0015695356272336688 0.011073107320369188 -0.006658401177559726 0.17789319051334967 0.012814911156668546 0.0032664158426746514
leaf_weight=6401.2449617609382 31747.355862968601 976.13615457434207 2741.4214652776718 5546.1820940971375 12182.762985242531 3466.2776577034965 16259.703843303025 10865.362106524408 21.642601277679205 11057.289746068418 9968.8051118915901 71.709627918899059 3341.696757465601 15168.072225999087
leaf_count=52185 255077 26235 11098 32509 1002006 290142 836140 543793 169 83668 140368 698 23851 117928
internal_value=-0.000161643 -0.00204284 -0.00833192 -0.00970566 -0.011873 -0.00395988 -0.0143843 -0.00289121 0.0200396 0.00278279 0.000409225 0.137465 0.0230202 0.00655822
internal_weight=129816 120073 52131.2 49389.8 37454.9 9012.46 28442.5 11934.9 1069.49 67941.5 41716.2 93.3522 9742.94 26225.4
internal_count=3415867 3339831 2742790 2731692 2160797 322651 1838146 570895 27102 597041 395445 867 76036 201596
cat_boundaries=0 1 2
cat_threshold=38 36
is_linear=0
shrinkage=0.03


Tree=74
num_leaves=15
num_cat=4
split_feature=27 14 6 6 14 8 27 5 28 1 18 27 18 18
split_gain=6610.96 3641.47 1154.9 1823.23 1069.15 914.404 859.691 691.316 570.453 569.828 542.435 463.263 434.497 958.251
threshold=0 49.583333333333336 5.5000000000000009 4.5000000000000009 1.0000000180025095e-35 5.5000000000000009 1 1.0000000180025095e-35 2 99.500000000000014 984.50000000000011 3 1717.5000000000002 1683.5000000000002
decision_type=9 2 2 2 2 2 9 2 9 2 10 9 8 10
left_child=2 6 3 -1 -4 11 8 9 -2 -6 -11 -3 13 -13
right_child=1 5 4 -5 7 -7 -8 -9 -10 10 -12 12 -14 -15
leaf_value=-0.01985490791299617 0.030361570753245398 0.0029642377944809218 0.023124289517136909 0.0066078147945634507 -0.0189156081214444 -0.0041757415482132267 -0.0064055211658348701 0.035342308031846133 0.011571518331358473 -0.0037868224334845846 -0.015237730947588766 0.0092896746069130471 0.020807202547261743 -0.036125265229907791
leaf_weight=3421.4871844071895 6021.4555810987949 55255.624709319323 712.7596617937088 7429.7256945949048 13707.197518618777 15214.15405405499 827.52787159010768 252.01930278539658 1974.0261142700911 6353.4218995673582 8995.1585828755051 6159.021095264703 2539.8089698571712 447.61445313319564
leaf_count=286849 54689 462787 3495 79954 1150079 446408 3528 1014 14097 344711 522975 33316 13252 2309
internal_value=-0.000146314 0.00446497 -0.0101228 -0.00173719 -0.0131571 0.00243885 0.0227508 -0.0140402 0.0257447 -0.0144697 -0.0104983 0.0040015 0.0102524 0.00620771
internal_weight=129311 88439.2 40871.8 10851.2 30020.6 79616.2 8823.01 29307.8 7995.48 29055.8 15348.6 64402.1 9146.44 6606.64
internal_count=3419463 1030386 2389077 366803 2022274 958072 72314 2018779 68786 2017765 867686 511664 48877 35625
cat_boundaries=0 1 2 3 4
cat_threshold=2300576658 301989888 2097153 1414815788
is_linear=0
shrinkage=0.03


Tree=75
num_leaves=15
num_cat=2
split_feature=4 14 29 6 6 8 12 7 28 10 11 6 15 7
split_gain=6284.69 3707.97 1237.67 1100.82 1770.16 760.428 634.306 670.008 606.67 542.989 1001.78 447.267 431.755 474.203
threshold=1.0000000180025095e-35 49.583333333333336 0 5.5000000000000009 4.5000000000000009 4.5000000000000009 0.74456521739130443 15.500000000000002 1 1.0000000180025095e-35 40.500000000000007 17.500000000000004 1.5000000000000002 2.5000000000000004
decision_type=2 2 9 2 2 2 2 2 9 2 2 2 2 2
left_child=1 8 3 4 -2 9 7 12 -1 -4 -11 -5 13 -3
right_child=2 6 5 11 -6 -7 -8 -9 -10 10 -12 -13 -14 -15
leaf_value=0.030118526870691682 -0.024356286754680895 0.0059794318272333715 -0.00035032829982007058 -0.020404815127530809 0.0060867636157493146 -0.0063401251626010527 0.018079515459265977 -0.0076201633831412922 0.010764133546573448 0.07741437978507619 0.010113575798977948 -0.011378088796074005 0.010519924427938275 -2.5076525914626317e-05
leaf_weight=5896.2445619404316 2425.28279650677 22005.660215884447 6772.4605804271996 9674.0458139600232 5896.1674678688869 20964.682497642934 2562.283057577908 5046.6259863935411 1987.6109915524721 217.90212644636631 2201.5394003139809 10106.662018892355 7440.8159004077315 25616.045100625604
leaf_count=54731 218140 109320 187005 693210 61668 980470 17788 63578 14232 1605 20284 747719 40168 207924
internal_value=-0.000117672 0.00590369 -0.00740992 -0.0119383 -0.00278771 -0.00318475 0.00346423 0.00284093 0.0252929 0.0040084 0.0162044 -0.0157936 0.00379983 0.00274963
internal_weight=128814 70555.3 58258.7 28102.2 8321.45 30156.6 62671.4 60109.1 7883.86 9191.9 2419.44 19780.7 55062.5 47621.7
internal_count=3417842 507741 2910101 1720737 279808 1189364 438778 420990 68963 208894 21889 1440929 357412 317244
cat_boundaries=0 1 2
cat_threshold=8 2097153
is_linear=0
shrinkage=0.03


Tree=76
num_leaves=15
num_cat=3
split_feature=4 11 5 29 11 9 28 6 16 1 12 8 2 28
split_gain=5913.79 2769.61 1656.47 887.199 865.771 1072.18 791.077 680.067 2039.71 973.234 656.594 600.306 467.326 450.922
threshold=1.0000000180025095e-35 6.5000000000000009 1.0000000180025095e-35 0 32.500000000000007 1.0000000180025095e-35 1 5.5000000000000009 25.500000000000004 130.00000000000003 0.59545454545454557 5.5000000000000009 60.000000000000007 2
decision_type=2 2 2 9 2 2 9 2 2 2 2 2 2 9
left_child=1 6 3 4 5 -2 -1 8 -5 -9 11 13 -7 -3
right_child=2 10 -4 7 -6 12 -8 9 -10 -11 -12 -13 -14 -15
leaf_value=0.027895921876973259 0.0092315371351259796 0.0077765925269596137 0.012685593991435878 0.0071925019597819852 -0.0053680925070781899 0.029772619539569962 0.006770803407428738 -0.019878222049015539 -0.021509434904035871 -0.0088197754480987406 0.016210198586318319 -0.0066971575928123674 0.13602069189141711 0.0018525494769374073
leaf_weight=5885.4603394046426 2084.0146242771298 16950.358950816095 3509.7501736283302 5776.2229247204959 12554.703971213661 65.334019809961319 2219.6677816659212 11721.420025784522 3626.6535776546225 18422.069654952735 3460.7871077060699 5471.2845182269812 87.910083346068859 36411.613331593573
leaf_count=53646 31993 102796 14270 36056 602839 347 14760 1012592 301192 911835 24693 87605 774 223434
internal_value=-0.000180101 0.00565957 -0.00728676 -0.00857699 -0.00230249 0.014885 0.0221549 -0.0109205 -0.00387884 -0.0131204 0.00351302 0.00276586 0.0912096 0.00373623
internal_weight=128247 70399.2 57848.1 54338.3 14792 2237.26 8105.13 39546.4 9402.88 30143.5 62294 58833.3 153.244 53362
internal_count=3418832 506934 2911898 2897628 635953 33114 68406 2261675 337248 1924427 438528 413835 1121 326230
cat_boundaries=0 1 2 3
cat_threshold=38 2113537 3148161
is_linear=0
shrinkage=0.03


Tree=77
num_leaves=15
num_cat=3
split_feature=4 14 5 29 11 9 6 6 1 12 7 28 14 28
split_gain=5684.27 3541.14 1507.19 890.619 813.957 1041.4 665.569 1442.98 922.67 577.448 637.675 543.948 505.585 359.245
threshold=1.0000000180025095e-35 1.0000000180025095e-35 1.0000000180025095e-35 0 32.500000000000007 1.0000000180025095e-35 5.5000000000000009 4.5000000000000009 130.00000000000003 0.59545454545454557 12.500000000000002 1 98.763157894736864 2
decision_type=2 2 2 9 2 2 2 2 2 2 2 9 2 9
left_child=1 11 3 4 5 -2 7 -5 -8 10 13 -1 -7 -3
right_child=2 9 -4 6 -6 12 8 -9 -10 -11 -12 -13 -14 -15
leaf_value=0.02978054262227646 0.0088549427303340773 0.0068025888179636188 0.011905551057769416 -0.020495655484653486 -0.0050980174138785866 0.025690483974254542 -0.01961040056397367 0.0046001988793824824 -0.0087601119521522035 0.015268233935938484 -0.0051274773818048396 0.010908691045610193 0.13427410490781247 0.0017020802748193634
leaf_weight=5598.498930439353 2098.29329676833 21288.638883851469 3507.7848494648933 3089.1836924953386 12496.155462840572 67.560583522543311 11490.821973362006 6196.9365296978503 18271.82736939285 3408.3204977102578 8324.0158923380077 1875.32787194103 90.819441121071577 29896.062501221895
leaf_count=54416 32105 133718 14265 265844 603158 415 1012062 71134 912021 24076 95151 13778 714 186047
internal_value=-0.000130899 0.00558014 -0.00714551 -0.00838781 -0.00210184 0.0144748 -0.0107593 -0.00374967 -0.0129497 0.00326083 0.00257287 0.0251018 0.0884071 0.00382523
internal_weight=127700 70390.9 57309.4 53801.6 14752.8 2256.67 39048.8 9286.12 29762.6 62917 59508.7 7473.83 158.38 51184.7
internal_count=3418904 507186 2911718 2897453 636392 33234 2261061 336978 1924083 438992 414916 68194 1129 319765
cat_boundaries=0 1 2 3
cat_threshold=38 2097153 3172737
is_linear=0
shrinkage=0.03


Tree=78
num_leaves=15
num_cat=3
split_feature=27 1 14 6 16 29 16 7 28 11 11 11 7 11
split_gain=5349.85 3126.42 1095.21 1093.91 2947.55 1030.44 621.474 534.071 421.836 384.277 502.71 589.386 501.975 951.896
threshold=0 109.50000000000001 1.0000000180025095e-35 5.5000000000000009 25.500000000000004 1 13.500000000000002 14.500000000000002 2 96.500000000000014 183.50000000000003 243.50000000000003 20.500000000000004 639.50000000000011
decision_type=9 2 2 2 2 9 2 2 9 2 2 2 2 2
left_child=2 5 -1 4 9 8 -5 -3 -2 -4 -11 -12 -13 -14
right_child=1 7 3 6 -6 -7 -8 -9 -10 10 11 12 13 -15
leaf_value=0.023097943149566671 0.030792543272126431 0.0030758459314271067 -0.0076352042923534353 -0.0093353250814920477 -0.02364516528224395 0.0091877945072211635 -0.018374528267419764 -0.0031639066169726988 0.0061343163667739089 0.036539824637468576 -0.018818254235862364 0.019272790788047202 -0.030411170807280525 0.021750438589465276
leaf_weight=913.02060130238533 5033.5240489635617 61513.089855186641 974.74329958297312 15893.910239017569 3638.9437465984374 5193.6836203392595 12029.446024769917 15444.317974829115 736.23040209896863 700.02646386064589 586.93012571893632 3288.1347179785371 597.88166738674045 662.96220363117754
leaf_count=4514 48532 537914 4807 1139498 330791 36846 879960 401633 4909 3220 2703 15881 4155 4316
internal_value=-0.000154035 0.00395849 -0.00935623 -0.0101314 -0.00185117 0.0189464 -0.01323 0.00182359 0.0276638 0.00979511 0.0127072 0.00945233 0.0131033 -0.00298866
internal_weight=127207 87920.8 39286 38373 10449.6 10963.4 27923.4 76957.4 5769.75 6810.68 5835.94 5135.91 4548.98 1260.84
internal_count=3419679 1029834 2389845 2385331 365873 90287 2019458 939547 53441 35082 30275 27055 24352 8471
cat_boundaries=0 1 2 3
cat_threshold=2300609299 44 2097155
is_linear=0
shrinkage=0.03


Tree=79
num_leaves=15
num_cat=3
split_feature=27 14 14 1 5 16 16 7 1 28 28 7 13 7
split_gain=5162.7 3045.42 988.553 771.783 760.383 780.495 1920.25 546.818 543.745 543.05 494.539 473.065 584.007 535.243
threshold=0 49.583333333333336 1.0000000180025095e-35 18.000000000000004 1.0000000180025095e-35 25.500000000000004 24.500000000000004 14.500000000000002 99.500000000000014 1 2 3.5000000000000004 1.5000000000000002 23.500000000000004
decision_type=9 2 2 2 2 2 2 2 2 9 9 2 2 2
left_child=2 3 -1 9 5 6 8 -3 -4 -2 -10 -8 -13 -14
right_child=1 7 4 -5 -6 -7 11 -9 10 -11 -12 12 13 -15
leaf_value=0.021727827393398697 0.029342970428741889 0.0033350863830423996 -0.017359817387629012 -0.0054438759512642513 0.031426076859318301 -0.023479689360627509 -0.015226566499769481 -0.0028710956776007838 0.0069721480063586723 0.010377688786506764 -0.010737848137440151 0.012361534166005389 -0.020179979768009473 0.021795312633773448
leaf_weight=904.20944638550282 5410.2034028023481 63702.985790899023 12347.716787894256 864.20219135563821 393.76838864386082 3716.6610794262961 945.04855242092162 15982.111661880277 1595.0583576820791 1865.3058237358928 12565.816140802577 4970.2525600399822 1062.3466039467603 367.12277477420866
leaf_count=4517 54803 551983 1119916 3705 1600 341869 8472 405249 73434 13768 768158 45184 22881 3002
internal_value=-0.00015328 0.00387547 -0.00925499 0.0213539 -0.00999592 -0.0104309 -0.00899764 0.00209032 -0.0127585 0.0245373 -0.00874533 0.00457573 0.00750186 -0.009392
internal_weight=126693 87824.8 38868 8139.71 37963.8 37570 33853.4 79685.1 26508.6 7275.51 14160.9 7344.77 6399.72 1429.47
internal_count=3418541 1029508 2389033 72276 2384516 2382916 2041047 957232 1961508 68571 841592 79539 71067 25883
cat_boundaries=0 1 2 3
cat_threshold=2300609427 2113537 2097152
is_linear=0
shrinkage=0.03


Tree=80
num_leaves=15
num_cat=5
split_feature=8 1 27 6 16 1 28 18 16 27 28 10 7 27
split_gain=4878.92 3057.37 1194.66 1201.69 2958.2 962.363 705.166 665.292 456.606 447.177 617.986 388.112 1070.57 344.249
threshold=4.5000000000000009 60.000000000000007 0 5.5000000000000009 25.500000000000004 99.500000000000014 1 inf 13.500000000000002 2 3 1.0000000180025095e-35 2.5000000000000004 4
decision_type=2 2 9 2 2 2 9 8 2 9 9 2 2 9
left_child=1 6 3 4 -2 11 -1 13 -5 10 -4 -3 -13 -7
right_child=2 5 9 8 -6 7 -8 -9 -10 -11 -12 12 -14 -15
leaf_value=0.027196053926717138 0.01195655543977802 -0.01295510506982606 0.042606492191690312 -0.010612703223310956 -0.025703437968021596 -0.0023370140268190297 0.010242081212254226 0.019923242162884824 -0.019277376040584691 -0.0028382005900743734 -0.0013413217635988108 0.14187060345527466 -0.010502557544583343 0.0041097306755595647
leaf_weight=5983.632962577045 5454.6589955221862 4159.2199510112405 463.32518720626831 12651.134941705503 2860.9380229711533 8936.5244334023446 3564.9229362532496 2184.6941987704486 9655.0082714846358 24510.932036668062 739.82466304302216 54.506476719863713 163.98002828750759 44840.3953187773
leaf_count=58708 24979 286179 2192 904223 266226 99089 23091 18291 711500 677063 5033 812 11424 330081
internal_value=-0.000160655 0.00513478 -0.00672992 -0.0107319 -0.0010017 0.00263851 0.0209073 0.00369823 -0.0143638 -0.00195902 0.0158154 -0.010906 0.0279836 0.00303873
internal_weight=126224 69887.9 56335.8 30621.7 8315.6 60339.3 9548.56 55961.6 22306.1 25714.1 1203.15 4377.71 218.487 53776.9
internal_count=3418891 827675 2591216 1906928 291205 745876 81799 447461 1615723 684288 7225 298415 12236 429170
cat_boundaries=0 1 2 3 4 5
cat_threshold=2200994066 2113537 537006080 3211520 1079001344
is_linear=0
shrinkage=0.03


Tree=81
num_leaves=15
num_cat=4
split_feature=27 1 29 6 16 1 7 18 7 28 5 9 27 2
split_gain=4714.71 2721.33 1040.55 938.072 2388.23 849.929 876.14 577.099 473.452 424.273 417.85 350.506 439.074 350.024
threshold=0 109.50000000000001 1 5.5000000000000009 25.500000000000004 99.500000000000014 12.500000000000002 1.0000000180025095e-35 15.500000000000002 2 1.0000000180025095e-35 1.0000000180025095e-35 3 60.000000000000007
decision_type=9 2 9 2 2 2 2 10 2 9 2 2 9 2
left_child=3 2 9 4 -1 -5 7 -7 11 -2 -8 12 -3 -6
right_child=1 8 -4 5 13 6 10 -9 -10 -11 -12 -13 -14 -15
leaf_value=0.0090527766881435632 0.030407438588898834 -0.00077324183030807157 0.0081792117608146999 -0.017661444850088096 0.019923935796921571 0.026859120508199736 -0.011647353874995818 -0.0010884591668547904 -0.0033920027801671001 0.0056839538274115597 0.034748197852542927 0.0098750331056858768 0.0044766573670507719 -0.023355267897554779
leaf_weight=6881.0038574244827 4728.750749791041 25903.334480512887 5091.8385938480496 12382.017634249292 176.23939178138971 902.41445328015834 11629.426048714668 2519.2130477325991 13273.360371167772 742.13316589221358 176.42877730727196 5787.0087752919644 32101.146938561462 3384.8417449174449
leaf_count=35319 48547 289639 36742 1150121 899 18270 719079 134688 365677 5003 708 58705 225380 330339
internal_value=-0.000109281 0.0037197 0.0179995 -0.00892539 -0.00126827 -0.0118244 -0.0070773 0.00628808 0.00176274 0.0270718 -0.0109511 0.00283535 0.00213285 -0.0212084
internal_weight=125679 87627.6 10562.7 38051.6 10442.1 27609.5 15227.5 3421.63 77064.9 5470.88 11805.9 63791.5 58004.5 3561.08
internal_count=3419116 1029693 90292 2389423 366557 2022866 872745 152958 939401 53550 719787 573724 515019 331238
cat_boundaries=0 1 2 3 5
cat_threshold=2300609427 44 2097153 1683243008 2
is_linear=0
shrinkage=0.03


Tree=82
num_leaves=15
num_cat=5
split_feature=8 27 27 6 6 18 27 29 27 14 18 6 7 17
split_gain=4512.5 2888.92 1093.95 1082.97 1533.53 814.248 597.691 586.67 462.779 446.565 435.367 412.742 411.945 372.61
threshold=4.5000000000000009 0 1 5.5000000000000009 4.5000000000000009 112.50000000000001 2 3 4 149.89444444444447 1704.5000000000002 16.500000000000004 2.5000000000000004 36.500000000000007
decision_type=2 9 9 2 2 8 9 9 9 2 8 2 2 10
left_child=1 7 3 4 -2 6 -3 -1 10 13 -4 -5 -11 -7
right_child=2 5 8 11 -6 9 -8 -9 -10 12 -12 -13 -14 -15
leaf_value=0.027747507456565287 -0.022151157872899806 -0.014816489085880449 -0.0017691740769627767 -0.01901054759965928 0.0068987678461268683 0.0063068712948660581 -2.6060308592613005e-05 0.012184641544077404 -0.0028340089301108567 0.0058350761375850118 0.034232859767698971 -0.0105544502833359 -0.0017911127619831204 0.021466767813971659
leaf_weight=4981.4277381263673 2255.0488164341077 3520.2694819252938 604.13560428842902 8571.1070818882436 5944.7640314549208 21689.467914662324 8108.3554805284366 3979.2877485062927 24371.74769666139 11466.506603187881 603.89306000992656 13202.514098636806 14353.665363579988 1563.6757137067616
leaf_count=51552 227104 177536 4351 663209 64284 319915 59835 30289 674655 62024 2900 954153 108788 17588
internal_value=-0.000116044 0.00496967 -0.00649341 -0.0103811 -0.00109204 0.00261983 -0.00451714 0.0208597 -0.0019329 0.00431163 0.0161084 -0.0138839 0.0015957 0.00732719
internal_weight=125216 69662.7 55553.2 29973.4 8199.81 60701.9 11628.6 8960.72 25579.8 49073.3 1208.03 21773.6 25820.2 23253.1
internal_count=3418183 827527 2590656 1908750 291388 745686 237371 81841 681906 508315 7251 1617362 170812 337503
cat_boundaries=0 2 3 4 5 6
cat_threshold=44109824 11 2200994576 2152775680 44 537001984
is_linear=0
shrinkage=0.03


Tree=83
num_leaves=15
num_cat=6
split_feature=8 27 27 6 16 18 28 27 16 14 27 28 7 17
split_gain=4265.12 2721.38 1042.92 1080 2678.57 798.732 613.105 555.523 448.203 416.807 403.103 534.66 387.012 363.858
threshold=4.5000000000000009 0 1 5.5000000000000009 25.500000000000004 112.50000000000001 2 3 13.500000000000002 149.89444444444447 4 5 2.5000000000000004 35.500000000000007
decision_type=2 9 9 2 2 8 9 9 2 2 9 9 2 10
left_child=1 6 3 4 -2 7 -1 -3 -5 13 11 -4 -11 -7
right_child=2 5 10 8 -6 9 -8 -9 -10 12 -12 -13 -14 -15
leaf_value=0.026480209909027632 0.011149076615824665 -0.014496303822009695 0.03988435416821861 -0.0099574964598874455 -0.025375856090878692 0.0060651462581531286 0.010046705603245219 -0.00020829797790586108 -0.018712822790155566 0.0056849297771904492 -0.0027506284202005195 -0.00089530387452987339 -0.0017024419267288623 0.020377030267786141
leaf_weight=5533.6640666741878 5477.7858247738332 3500.1010346002877 463.21533846110106 12285.734794874676 2695.3545089093968 21619.67376760859 3306.0637945625931 8108.7533225584775 9210.9171047965065 11521.10812220443 24346.499061555602 749.98217254504561 14307.432390012778 1725.6999976988882
leaf_count=58127 24925 177647 2201 906363 266206 317617 24043 59726 712018 62178 675126 5077 108728 19584
internal_value=-0.00012663 0.00481189 -0.00635212 -0.0101771 -0.000897819 0.00254749 0.0203542 -0.00452971 -0.0137097 0.00421883 -0.0019071 0.0148934 0.00159287 0.00712391
internal_weight=124852 69622.5 55229.5 29669.8 8173.14 60782.8 8839.73 11608.9 21496.7 49173.9 25559.7 1213.2 25828.5 23345.4
internal_count=3419566 827650 2591916 1909512 291131 745480 82170 237373 1618381 508107 682404 7278 170906 337201
cat_boundaries=0 2 3 4 5 6 7
cat_threshold=60887040 9 2200994576 2113793 2152775936 537001984 3211520
is_linear=0
shrinkage=0.03


Tree=84
num_leaves=15
num_cat=2
split_feature=4 14 5 18 12 28 7 1 27 15 17 18 10 7
split_gain=3983.06 2762.57 1205.22 799.539 543.528 540.226 531.303 523.514 458.447 412.87 377.632 362.581 318.773 827.027
threshold=1.0000000180025095e-35 1.0000000180025095e-35 1.0000000180025095e-35 24.500000000000004 0.84412955465587058 0 12.500000000000002 99.500000000000014 1 1.0000000180025095e-35 36.500000000000007 1.0000000180025095e-35 1.0000000180025095e-35 2.5000000000000004
decision_type=2 2 2 10 2 9 2 2 9 2 10 10 2 2
left_child=1 5 3 7 6 -1 9 12 -5 11 -11 -3 -2 -14
right_child=2 4 -4 8 -6 -7 -8 -9 -10 10 -12 -13 13 -15
leaf_value=0.028232330645219284 -0.0079772468929747414 0.056664000579988535 0.010851744882537685 -0.00472393126615371 0.019220441809468986 0.0087671215924762635 -0.0045265721791455209 0.0075637871090331876 -0.011426051861585603 0.0056287441915261176 0.020609589167271847 0.001234299218246305 0.12710210181520082 -0.0077258965546568147
leaf_weight=4843.1155320703983 4743.9792814590037 105.54407244920731 3491.0503088384867 13874.348040953279 1739.8589580208063 1787.998543664813 8968.0845690332353 4710.067790267989 27474.434150123037 16899.269009277225 1662.712485268712 33874.305939827114 56.187586637213826 143.79945108853281
leaf_count=54669 330120 453 14238 608289 12081 13803 101278 119227 1829577 92596 8132 224609 692 9108
internal_value=-0.000119604 0.00462124 -0.00619906 -0.00736635 0.00268971 0.0230417 0.00222182 0.000407207 -0.00918127 0.00337373 0.00697171 0.00140813 -0.00641095 0.0305988
internal_weight=124375 69880.9 54493.9 51002.8 63249.8 6631.11 61509.9 9654.03 41348.8 52541.8 18562 33979.9 4943.97 199.987
internal_count=3418872 507621 2911251 2897013 439149 68472 427068 459147 2437866 325790 100728 225062 339920 9800
cat_boundaries=0 1 2
cat_threshold=2097153 1283539011
is_linear=0
shrinkage=0.03


Tree=85
num_leaves=15
num_cat=4
split_feature=14 27 27 16 16 8 1 18 28 28 8 13 7 11
split_gain=3848.91 2985.43 715.679 677.543 1425.35 635.696 604.285 550.837 540.89 493.046 458.36 456.68 497.109 525.315
threshold=1.0000000180025095e-35 0 1 25.500000000000004 24.500000000000004 1.5000000000000002 99.500000000000014 993.50000000000011 2 3 1.5000000000000002 1.5000000000000002 23.500000000000004 668.50000000000011
decision_type=2 9 9 2 2 2 2 10 9 9 2 2 2 2
left_child=2 3 9 4 6 8 -2 -8 -3 -1 -6 -12 -13 -14
right_child=1 5 -4 -5 10 -7 7 -9 -10 -11 11 12 13 -15
leaf_value=0.027083672899250354 -0.015939483541482016 0.013182488981024336 -0.0069056726706456881 -0.021522450633073575 -0.026873499368965218 -0.0001585077163297449 0.00041481772554655941 -0.011758986541387901 0.0030444581241666981 0.0087333171102461776 0.0098796950878943194 -0.019751667158830519 -0.039533675781000616 0.041686941006219308
leaf_weight=5576.8280565738678 11400.881540503353 6330.6679446389899 817.89192706346512 3392.892918702215 403.30378457065672 54721.329081814736 5814.7897500609979 7874.8808933617547 18800.120656048879 1768.8146892264485 5532.0435245633125 1048.0865232748911 95.940329477190971 274.86620883643627
leaf_count=58923 1119131 34933 3430 341969 3002 818718 339257 502607 103953 13701 50632 23001 1418 1599
internal_value=-0.000168629 -0.00157354 0.0197389 -0.0087657 -0.00743375 0.00165527 -0.0108379 -0.00658842 0.0056052 0.0226846 0.00418017 0.00598555 -0.00919337 0.0206226
internal_weight=123853 115690 8163.53 35837.7 32444.8 79852.1 25090.6 13689.7 25130.8 7345.64 7354.24 6950.94 1418.89 370.807
internal_count=3416274 3340220 76054 2382616 2040647 957604 1960995 841864 138886 72624 79652 76650 26018 3017
cat_boundaries=0 1 2 3 4
cat_threshold=2300576531 2449473536 3147777 2097153
is_linear=0
shrinkage=0.03


Tree=86
num_leaves=15
num_cat=1
split_feature=4 11 5 18 28 12 7 15 1 16 6 1 1 8
split_gain=3641.07 1949.77 1117.11 725.4 700.109 560.226 487.342 484.985 471.28 355.497 1128.71 1003.24 359.079 349.005
threshold=1.0000000180025095e-35 6.5000000000000009 1.0000000180025095e-35 24.500000000000004 0 0.59545454545454557 10.500000000000002 1.0000000180025095e-35 99.500000000000014 25.500000000000004 5.5000000000000009 130.00000000000003 146.00000000000003 1.5000000000000002
decision_type=2 2 2 10 9 2 2 2 2 2 2 2 2 2
left_child=1 4 3 8 -1 6 7 -3 -2 10 13 -12 -11 -5
right_child=2 5 -4 9 -6 -7 -8 -9 -10 12 11 -13 -14 -15
leaf_value=0.025629587435048704 -0.0062076513909026685 0.0012145115248694241 0.010424581400035231 -0.023531029255320898 0.0049198244386296219 0.014443058492090143 -0.0034974298634293274 0.007593781473124438 0.007115681240348122 -0.027755737483648724 -0.018140144705568826 -0.0064945156509437262 -0.0099033769210154741 0.0059251106384190276
leaf_weight=4897.9757875800133 4867.3056170810014 31470.070872612298 3498.0558703541756 386.07529134117067 2123.2310943678021 3477.3556941226125 11471.133756328374 16270.893564715981 4691.6801819065586 1698.3421245021746 9802.7705890666693 20753.085753423162 2518.9509437009692 5594.3154106978327
leaf_count=53981 339462 203248 14275 2524 14719 24750 123352 87544 118813 182768 977343 1058796 176356 39777
internal_value=-0.000103974 0.00442132 -0.00596638 -0.00710617 0.019412 0.00274208 0.00205468 0.00338878 0.000331682 -0.00885073 -0.00789838 -0.0102311 -0.0170976 0.0040199
internal_weight=123521 69710.7 53810.6 50312.5 7021.21 62689.5 59212.1 47741 9558.99 40753.5 36536.2 30555.9 4217.29 5980.39
internal_count=3417708 507594 2910114 2895839 68700 438894 414144 290792 458275 2437564 2078440 2036139 359124 42301
cat_boundaries=0 1
cat_threshold=2113537
is_linear=0
shrinkage=0.03


Tree=87
num_leaves=15
num_cat=3
split_feature=14 27 6 6 27 1 18 29 15 11 5 5 6 13
split_gain=3472.63 2752.32 848.77 1384.67 732.519 627.057 515.141 506.32 471.03 448.129 332.036 318.976 305.041 305.005
threshold=1.0000000180025095e-35 0 5.5000000000000009 4.5000000000000009 1 99.500000000000014 993.50000000000011 2 1.0000000180025095e-35 435.50000000000006 1.0000000180025095e-35 1.0000000180025095e-35 20.500000000000004 1.5000000000000002
decision_type=2 9 2 2 9 2 10 9 2 2 2 2 2 2
left_child=4 2 3 10 7 -4 12 -1 9 -3 -2 -8 -7 -5
right_child=1 8 5 13 -6 6 11 -9 -10 -11 -12 -13 -14 -15
leaf_value=0.028278562495465225 -0.022262040844845513 0.001606250680874528 -0.01658364125113005 0.0085787757060329303 -0.0076854649273183136 -0.0062544694597230178 -0.012951752107355148 0.011534415992143353 0.0045923302892149111 -0.0047066698979862775 0.025661331215705178 0.028463584225530678 0.0075393133421279464 -0.007186768671787384
leaf_weight=4491.1843089163303 2480.9567023525015 36042.012851766311 11413.235387976281 5970.5593558382243 827.330791041255 3378.1718333894387 7792.7273631822318 2623.592193596065 29884.895624680445 14069.930710925721 136.5047964155674 170.13177198171616 2517.1203627521172 1354.2101936126128
leaf_count=50103 285893 350728 1150034 54103 3473 202076 520178 22421 288285 319701 568 684 146410 25686
internal_value=-0.000142693 -0.00146543 -0.0084528 -0.00102942 0.019043 -0.0113765 -0.00708712 0.0221315 0.00161125 -0.000166287 -0.0197539 -0.0120634 -0.000364641 0.00566344
internal_weight=123153 115210 35213.6 9942.23 7942.11 25271.4 13858.2 7114.78 79996.8 50111.9 2617.46 7962.86 5895.29 7324.77
internal_count=3420343 3344346 2385632 366250 75997 2019382 869348 72524 958714 670429 286461 520862 348486 79789
cat_boundaries=0 1 2 3
cat_threshold=2300576529 2449473536 36
is_linear=0
shrinkage=0.03


Tree=88
num_leaves=15
num_cat=5
split_feature=14 27 6 16 27 16 29 15 7 18 7 28 27 2
split_gain=3405.61 2638.92 809.096 2142.94 667.723 623.69 480.878 423.814 531.936 372.327 340.045 366.324 311.345 767.652
threshold=1.0000000180025095e-35 0 5.5000000000000009 25.500000000000004 1 12.500000000000002 2 1.0000000180025095e-35 1.5000000000000002 inf 3.5000000000000004 3 4 518.00000000000011
decision_type=2 9 2 2 9 2 9 2 2 8 2 9 9 2
left_child=4 2 3 -2 6 -4 -1 8 9 12 11 -9 13 -3
right_child=1 7 5 -5 -6 -7 -8 10 -10 -11 -12 -13 -14 -15
leaf_value=0.028039775420077174 0.0081591675879991547 -0.03182167586247963 -0.0068126332934421406 -0.022099903517437364 -0.0065937544122011338 -0.016323630108198553 0.01162628031245532 0.037747606901941039 -0.0020062330404131117 0.03146214049611918 0.0029638996084119865 0.0089611823428464698 0.0067390672639838761 0.0033613790765304034
leaf_weight=4418.820646122098 6909.6202920246869 697.8754583504051 13504.630696050823 3028.9446322703734 822.50816044211388 11483.371332027949 2603.5327936708927 428.2425772305578 36365.448563856073 458.97296550497413 24882.933442228474 4621.3522463077679 9786.4656530544162 2770.823780938983
leaf_count=50373 35361 5824 1063919 330559 3454 954521 22478 1931 595919 2741 262454 23539 52116 13243
internal_value=-0.00011792 -0.00142328 -0.00830201 -0.00106409 0.0190052 -0.0111839 0.0219822 0.0015803 -0.000107513 0.00492706 0.0044046 0.011502 0.00400595 -0.00371361
internal_weight=122784 114939 34926.6 9938.56 7844.86 24988 7022.35 80012.1 50079.6 13714.1 29932.5 5049.59 13255.2 3468.7
internal_count=3418432 3342127 2384360 365920 76305 2018440 72851 957767 669843 73924 287924 25470 71183 19067
cat_boundaries=0 1 2 3 4 5
cat_threshold=2300609425 2449473536 36 1048576 542113888
is_linear=0
shrinkage=0.03


Tree=89
num_leaves=15
num_cat=5
split_feature=14 27 6 6 27 6 8 27 2 28 15 10 28 18
split_gain=3269.66 2566.6 898.625 1461.81 644.446 599.898 554.375 532.16 585.9 464.941 438.586 401.162 368.199 318.065
threshold=1.0000000180025095e-35 0 5.5000000000000009 4.5000000000000009 1 17.500000000000004 1.5000000000000002 2 518.00000000000011 3 1.5000000000000002 1.0000000180025095e-35 4 inf
decision_type=2 9 2 2 9 2 2 9 2 9 2 2 9 8
left_child=4 2 3 -2 9 -4 7 8 -3 -1 11 -8 -9 -13
right_child=1 6 5 -5 -6 -7 10 12 -10 -11 -12 13 -14 -15
leaf_value=0.026280072382715462 -0.022055615132188854 -0.0261695902130702 -0.017612729988926087 0.0057742175676604914 -0.0063261257839632278 -0.0076936898833199078 -0.0025215484338497376 0.025483963523937093 0.0011439453942364639 0.0081507388576379947 0.0060098029167783458 0.0042463304282804471 0.006729055159768081 0.058545915008163113
leaf_weight=5166.3434055969119 2225.9671789486893 797.36794827599078 9492.0664459811524 7159.7295538140461 824.20208904147148 13012.669897051528 41037.625278268941 988.85170462168753 6163.6045813858509 1730.8696864768863 8587.8082940420136 7602.8187911109999 17444.019113481045 97.352200290188193
leaf_count=58914 264850 10688 835008 74412 3467 1063158 750335 5160 32184 13799 81713 129888 94276 595
internal_value=-0.000121301 -0.0013944 -0.00862317 -0.000827716 0.0187733 -0.0118779 0.00139341 0.00508351 -0.00198523 0.0217507 -0.000241029 -0.00134255 0.00774978 0.00494035
internal_weight=122331 114610 31890.4 9385.7 7721.42 22504.7 82719.4 25393.8 6960.97 6897.21 57325.6 48737.8 18432.9 7700.17
internal_count=3418447 3342267 2237428 339262 76180 1898166 1104839 142308 42872 72713 962531 880818 99436 130483
cat_boundaries=0 1 2 3 4 5
cat_threshold=2166391571 2449473536 1212153864 2097153 3145728
is_linear=0
shrinkage=0.03


Tree=90
num_leaves=15
num_cat=4
split_feature=14 27 6 16 27 16 7 9 28 28 17 18 18 18
split_gain=3035.63 2350.79 886.731 2175.45 646.054 561.835 480.057 490.812 476.029 345.41 400.565 427.829 830.783 697.778
threshold=1.0000000180025095e-35 0 5.5000000000000009 25.500000000000004 1 14.500000000000002 16.500000000000004 1.0000000180025095e-35 2 3 36.500000000000007 1704.5000000000002 1727.5000000000002 1683.5000000000002
decision_type=2 9 2 2 9 2 2 2 9 9 10 8 8 10
left_child=4 2 3 -2 8 -4 7 9 -1 10 11 13 -13 -3
right_child=1 6 5 -5 -6 -7 -8 -9 -10 -11 -12 12 -14 -15
leaf_value=0.025993064738675645 0.008718923889442896 0.0025061177628473109 -0.0077955537026753886 -0.023196865517091211 -0.0069604952796564774 -0.017640322756157338 -0.0038284101506571412 0.0097268112579132326 0.0075312149843960981 -0.00038375267898301972 0.019154041971209356 0.049769339296662878 0.0068983534291224115 -0.036911748471706557
leaf_weight=5056.0601326599717 6661.6313487738371 21127.600787054747 13893.485369410366 2700.483746170532 812.73479568958282 8356.6082832533866 13335.769256263971 7330.6836910629645 1710.6647579297423 36033.196019169874 1508.0953412018716 484.69043723959476 2508.2230666903779 411.06339188478887
leaf_count=58787 29951 179564 1154967 309175 3425 743500 435635 78277 13737 368837 12225 2243 26082 2231
internal_value=-5.60047e-05 -0.00127474 -0.00823196 -0.000488617 0.0183288 -0.0114936 0.0013843 0.00238615 0.0213456 0.00151909 0.00415068 0.00322929 0.0138554 0.00175215
internal_weight=121931 114352 31612.2 9362.12 7579.46 22250.1 82739.3 69403.6 6766.72 62072.9 26039.7 24531.6 2992.91 21538.7
internal_count=3418636 3342687 2237593 339126 75949 1898467 1105094 669459 72524 591182 222345 210120 28325 181795
cat_boundaries=0 1 2 3 4
cat_threshold=2166391568 2449473536 2097153 3940609
is_linear=0
shrinkage=0.03


Tree=91
num_leaves=15
num_cat=2
split_feature=14 8 18 2 28 29 6 6 1 14 1 7 8 6
split_gain=2923.53 1857.88 715.375 482.745 451.23 413.188 613.954 808.589 445.076 406.073 399.361 353.184 346.929 307.244
threshold=1.0000000180025095e-35 4.5000000000000009 112.50000000000001 138.50000000000003 0 1 5.5000000000000009 4.5000000000000009 99.500000000000014 149.89444444444447 119.50000000000001 2.5000000000000004 1.5000000000000002 17.500000000000004
decision_type=2 2 8 2 9 9 2 2 2 2 2 2 2 2
left_child=4 2 3 -2 10 6 7 -3 -8 12 -1 -11 -4 -10
right_child=1 5 9 -5 -6 -7 8 -9 13 11 -12 -13 -14 -15
leaf_value=0.026998060113993291 -0.016596362315249334 -0.02023557402105788 0.013672873390870624 -0.0013806237724627124 0.0049136476977128017 -0.0033549573889824626 -0.018269524468469894 0.0049230693855034733 -0.013678885733976298 0.0050693329626719181 0.0088336007454680315 -0.0019042511072041256 0.0047490770221843412 -0.0016364072119940051
leaf_weight=4174.5449007824063 2383.7575206309557 1508.6146405129693 4971.7583387102932 8808.0736898654141 1812.2953480780125 32634.247518947814 6267.780248160474 4821.8195333881304 3703.3933133576065 11831.320386069827 1475.5943116992712 14602.489591287449 18547.287971748505 3929.8625564342365
leaf_count=54514 153691 186456 59677 82952 14135 1144328 691420 53049 257720 63395 7235 110346 281220 259477
internal_value=-0.000137593 -0.00132836 0.00223257 -0.00462263 0.0180526 -0.00544691 -0.00881498 -0.00107477 -0.0123458 0.00376853 0.0222173 0.00121708 0.006636 -0.00748003
internal_weight=121473 114010 61144.7 11191.8 7462.43 52865.7 20231.5 6330.43 13901 49952.9 5650.14 26433.8 23519 7633.26
internal_count=3419615 3343731 751281 236643 75884 2592450 1448122 239505 1208617 514638 61749 173741 340897 517197
cat_boundaries=0 1 2
cat_threshold=2097409 8
is_linear=0
shrinkage=0.03


Tree=92
num_leaves=15
num_cat=1
split_feature=8 1 4 5 28 18 6 6 1 12 14 0 17 14
split_gain=2801.44 1771.1 789.986 825.049 550.266 491.918 484.718 991.479 885.395 478.491 418.438 460.182 399.06 372.128
threshold=2.5000000000000004 60.000000000000007 1.0000000180025095e-35 1.0000000180025095e-35 0 94.500000000000014 5.5000000000000009 4.5000000000000009 130.00000000000003 0.87228260869565222 180.15625000000003 187.50000000000003 36.500000000000007 139.68857758620692
decision_type=2 2 2 2 9 8 2 2 2 2 2 2 10 2
left_child=1 4 9 6 -1 -3 7 -4 -8 -2 12 -12 -7 -9
right_child=2 5 3 -5 -6 10 8 13 -10 -11 11 -13 -14 -15
leaf_value=0.025661715419280744 -0.0005534456571074834 -0.0033318367061335769 -0.016151933341548033 0.0096971627498869412 0.008854147795684322 0.0067410105257527482 -0.016031825705240699 0.0080531817302946888 -0.0055088067360663396 0.023962515115730682 -0.0054564355861509966 0.0052855895023561257 0.023401098174538868 -0.0092802638184076736
leaf_weight=4480.0094754099846 28708.857450868934 8459.7008498776704 2937.8735853279941 2732.4351744055748 2937.7330479547381 14516.331673934124 10946.164231053554 5610.6079650465399 21006.864669149742 733.84370116144419 5716.0102990251034 9642.7318016514182 1419.8911693650298 1390.1530885789543
leaf_count=57072 262321 139006 313099 11138 21047 157185 1150294 55185 1122292 5920 37864 48634 10706 28065
internal_value=-0.000116601 0.00559756 -0.00375592 -0.00627253 0.0190538 0.00308637 -0.00731438 -0.00152797 -0.00911407 5.83947e-05 0.00482139 0.00128767 0.00822677 0.00461042
internal_weight=121239 47172.4 74066.8 44624.1 7417.74 39754.7 41891.7 9938.63 31953 29442.7 31295 15358.7 15936.2 7000.76
internal_count=3419828 471514 2948314 2680073 78119 393395 2668935 396349 2272586 268241 254389 86498 167891 83250
cat_boundaries=0 1
cat_threshold=2097153
is_linear=0
shrinkage=0.03


Tree=93
num_leaves=15
num_cat=3
split_feature=8 27 27 6 16 17 16 10 11 27 18 16 18 7
split_gain=2614.36 1949.61 1095.27 751.851 2112.66 595.191 527.249 439.475 1008.81 364.5 403.723 327.686 315.597 310.406
threshold=2.5000000000000004 0 1 5.5000000000000009 25.500000000000004 36.500000000000007 13.500000000000002 1.0000000180025095e-35 28.500000000000004 2 164.50000000000003 16.500000000000004 786.50000000000011 20.500000000000004
decision_type=2 9 9 2 2 8 2 2 2 9 8 2 10 2
left_child=1 5 3 4 13 -1 -5 9 -9 10 -3 -4 -7 -2
right_child=2 7 11 6 -6 12 -8 8 -10 -11 -12 -13 -14 -15
leaf_value=0.0073320594014323424 0.012428588255305814 -0.013042247651846065 0.0015953318840911141 -0.0072312998400010089 -0.023914240895926045 0.02782045994288938 -0.016937544136076951 0.083697340350278399 0.0095277659798969228 0.0039165911363813234 0.00040891815594263367 -0.0035862742698994378 0.0088630637173127413 -0.0046884614583541208
leaf_weight=2749.8343851268291 4785.9442259762436 2546.8329322664067 24767.830047481693 12163.737401369028 2479.5365873374976 4468.3497907817364 8598.8951203953475 181.24164083460346 1753.5728832902387 24984.99169312045 9481.1507450910285 19736.16003756132 961.59323320165277 1190.0782897677273
leaf_count=19877 20906 109382 483527 1003837 289865 53489 770240 1511 15181 136550 126845 373342 8588 6370
internal_value=-0.000138587 0.00538012 -0.0036665 -0.00817804 -0.000639683 0.0186845 -0.0112518 0.00258009 0.0165152 0.00185192 -0.00243808 -0.000702423 0.0244655 0.00901965
internal_weight=120850 47127.6 73722.2 29218.2 8455.56 8179.78 20762.6 38947.8 1934.81 37013 12028 44504 5429.94 5976.02
internal_count=3419510 471423 2948087 2091218 317141 81954 1774077 389469 16692 372777 236227 856869 62077 27276
cat_boundaries=0 2 3 4
cat_threshold=60952576 9 2167441683 3897606536
is_linear=0
shrinkage=0.03


Tree=94
num_leaves=15
num_cat=4
split_feature=27 1 29 29 1 16 6 1 28 7 7 10 7 17
split_gain=2436.61 1399.4 778.187 657.862 471.426 462.14 1180.24 854.69 365.445 305.642 284.232 636.757 439.715 282.213
threshold=0 99.500000000000014 1 2 846.50000000000011 25.500000000000004 5.5000000000000009 146.00000000000003 3 6.5000000000000009 6.5000000000000009 1.0000000180025095e-35 2.5000000000000004 28.500000000000004
decision_type=9 2 9 9 2 2 2 2 9 2 2 2 2 8
left_child=3 2 8 10 5 6 -5 -8 -2 -9 11 -1 -13 -3
right_child=1 13 -4 4 -6 -7 7 9 -10 -11 -12 12 -14 -15
leaf_value=0.0034756543349698729 0.027686504064943475 -0.00010733578430522981 0.006101200661211008 0.0052389132227369456 0.0041689363466425704 -0.016362801754041895 -0.016832299758196299 0.0055136539865277235 0.0035062817486836979 -0.0069049410659228648 -0.0030433599691949537 0.083900043848175912 0.012938114563757928 0.0039726879931931136
leaf_weight=5055.567205356434 3598.7769960910082 30651.454879784957 4669.0196360647678 6000.3967124335468 3075.2670650184155 5165.9445687201805 9150.4519335664809 2085.8871809067205 684.21044266223907 12282.236529201269 7269.7025088435039 152.05895041115582 162.41649577766657 30380.1073797727
leaf_count=131282 48128 270406 35392 35532 15427 334438 1008536 73456 4840 738184 415480 961 3327 301577
internal_value=-7.38242e-05 0.00354796 0.0146245 -0.00510257 -0.00708553 -0.00808552 -0.00663645 -0.00966636 0.0238426 -0.00510182 0.00082236 0.00605671 0.0474077 0.00192364
internal_weight=120383 69983.6 8952.01 50399.9 37760.2 34684.9 29519 23518.6 4282.99 14368.1 12639.7 5370.04 314.475 61031.6
internal_count=3416966 660343 88360 2756623 2205573 2190146 1855708 1820176 52968 811640 551050 135570 4288 571983
cat_boundaries=0 1 2 3 4
cat_threshold=3379594131 44 34 2097153
is_linear=0
shrinkage=0.03


Tree=95
num_leaves=15
num_cat=3
split_feature=14 8 6 1 29 16 29 10 7 5 2 1 8 28
split_gain=2448.7 1525.12 611.762 850.972 520.928 519.288 486.846 327.994 668.929 347.609 321.314 318.583 281.004 358.134
threshold=1.0000000180025095e-35 5.5000000000000009 5.5000000000000009 99.500000000000014 0 25.500000000000004 1 1.0000000180025095e-35 2.5000000000000004 1.0000000180025095e-35 146.00000000000003 119.50000000000001 1.5000000000000002 2
decision_type=2 2 2 2 9 2 9 2 2 2 2 2 2 9
left_child=6 4 5 -4 10 -3 11 12 9 -9 -2 -1 13 -6
right_child=1 2 3 -5 7 -7 -8 8 -10 -11 -12 -13 -14 -15
leaf_value=0.027801439304032328 -0.011022754670155585 0.0058926020064047416 -0.016268221490868869 -0.0049299575831013324 0.008920711408237492 -0.014014804649074218 0.0070542575225542676 0.096080283349118389 0.0073092280742377167 0.018034032592282836 0.0020913442528785182 0.0086082914320441857 -4.1341177849178028e-05 0.0013590849751180889
leaf_weight=3316.3058074116707 4611.0179217676632 5883.3630654308945 7862.8189828218892 24582.485407747328 8870.50367705198 1473.8871959238313 2768.5418699160218 117.09060579910874 4816.5850287554786 91.878143593668938 2645.8682450475171 1018.4700625836849 36534.963293674868 15467.439635042101
leaf_count=47040 395718 37667 831114 1210689 62800 114316 23826 718 46615 392 104680 5134 450652 87276
internal_value=-0.000106818 -0.00118126 -0.00590706 -0.0076781 0.00139001 0.00190316 0.0169769 0.00223017 0.00959583 0.0620147 -0.00623312 0.0232414 0.00162229 0.00411956
internal_weight=120061 112958 39802.6 32445.3 73155.3 7357.25 7103.32 65898.5 5025.55 208.969 7256.89 4334.78 60872.9 24337.9
internal_count=3418637 3342637 2193786 2041803 1148851 151983 76000 648453 47725 1110 500398 52174 600728 150076
cat_boundaries=0 1 2 3
cat_threshold=8 36 3434753
is_linear=0
shrinkage=0.03


Tree=96
num_leaves=15
num_cat=4
split_feature=14 4 5 28 12 29 15 7 1 16 6 1 29 29
split_gain=2322.01 1615.58 862.088 463.288 456.253 444.497 410.518 489.168 342.381 307.945 897.169 776.381 351.898 343.004
threshold=1.0000000180025095e-35 1.0000000180025095e-35 1.0000000180025095e-35 0 0.7958333333333335 1 1.5000000000000002 7.5000000000000009 119.50000000000001 25.500000000000004 5.5000000000000009 130.00000000000003 2 3
decision_type=2 2 2 9 2 9 2 2 2 2 2 2 9 9
left_child=5 4 3 -3 6 8 7 -2 -1 10 13 -12 -11 -5
right_child=1 2 -4 9 -6 -7 -8 -9 -10 12 11 -13 -14 -15
leaf_value=0.02745604857079522 0.0021967987960970041 0.00032004398660909065 0.0090797446874540336 0.0060985477074844618 0.015324779785628469 0.007125957063756105 0.0077119068582749469 -0.0043798327357279431 0.0073878042749741316 -0.024253943946310089 -0.016464701085949111 -0.005756030112644403 -0.0054227825618195467 -0.016868128101740328
leaf_weight=3241.4426292702556 39414.964083801955 7712.0477847643197 3488.7840163260698 5398.8830623552203 2213.0011856928468 2766.9565728679299 8194.7161728031933 13721.378554500639 1002.634197384119 2043.5529684610665 8866.0619607167318 19484.3327683229 1616.8013537134975 645.90596293285489
leaf_count=47050 227071 441579 14297 24867 15027 23947 44946 152139 5061 261478 1005633 1044114 94035 17253
internal_value=-0.000174309 -0.00121558 -0.00529343 -0.00638924 0.00194541 0.0165765 0.0014624 0.000498467 0.0226645 -0.00774692 -0.0068682 -0.00910543 -0.0160209 0.00362428
internal_weight=119811 112800 49256.4 45767.6 63544.1 7011.03 61331.1 53136.3 4244.08 38055.5 34395.2 28350.4 3660.35 6044.79
internal_count=3418497 3342439 2903256 2888959 439183 76058 424156 379210 52111 2447380 2091867 2049747 355513 42120
cat_boundaries=0 1 2 3 4
cat_threshold=2097538 36 8 8
is_linear=0
shrinkage=0.03


Tree=97
num_leaves=15
num_cat=5
split_feature=14 27 6 6 27 6 29 8 27 0 15 10 28 18
split_gain=2161.94 1755.05 615.555 1157.37 602.093 574.721 485.353 428.71 429.937 539.748 357.165 323.863 311.445 268.05
threshold=1.0000000180025095e-35 0 5.5000000000000009 4.5000000000000009 1 16.500000000000004 2 1.5000000000000002 3 140.00000000000003 1.5000000000000002 1.0000000180025095e-35 4 65.500000000000014
decision_type=2 9 2 2 9 2 9 2 9 2 2 2 9 10
left_child=4 2 3 -2 6 -4 -1 8 9 -3 11 -9 -10 -13
right_child=1 7 5 -5 -6 -7 -8 10 12 -11 -12 13 -14 -15
leaf_value=0.026326043357573464 -0.021172558792354915 -0.025221014116066719 -0.016538533915045516 0.0047361310956946876 -0.0078505268672220026 -0.0062628392417896145 0.008895209543688094 -0.0023488606493207052 0.023108971243276842 0.0010574945966935418 0.0053314891572385755 0.042144189393300446 0.0058810710575102525 0.0035334774705739432
leaf_weight=3670.34545237571 1976.3510547894984 789.53956563491374 7897.8093181522563 7208.7203560201451 825.30903421342373 12902.986177557614 2418.9860217571259 40751.056952514686 991.28783784434199 6384.7219084650278 8658.2779667200521 164.39508813340217 17389.849412528798 7521.3354882379062
leaf_count=50030 264832 10754 766860 74769 3468 1130894 22413 751875 5151 33074 81704 1143 93504 129382
internal_value=-9.11417e-05 -0.00109077 -0.00730642 -0.000840338 0.0161901 -0.010165 0.0194302 0.0011651 0.00439468 -0.00183505 -0.000280293 -0.00128351 0.00682343 0.00436472
internal_weight=119551 112636 29985.9 9185.07 6914.64 20800.8 6089.33 82650.5 25555.4 7174.26 57095.1 48436.8 18381.1 7685.73
internal_count=3419853 3343942 2237355 339601 75911 1897754 72443 1106587 142483 43828 964104 882400 98655 130525
cat_boundaries=0 1 2 3 4 5
cat_threshold=2166358419 2449473536 36 1212153868 3145728
is_linear=0
shrinkage=0.03


Tree=98
num_leaves=15
num_cat=4
split_feature=14 27 16 6 16 27 28 28 18 18 18 15 16 0
split_gain=2067.11 1669.03 613.073 1623.03 617.186 556.952 474.858 398.798 420.16 791.468 742.395 355.958 308.675 298.979
threshold=1.0000000180025095e-35 0 25.500000000000004 5.5000000000000009 13.500000000000002 1 2 3 1704.5000000000002 1727.5000000000002 1683.5000000000002 1.0000000180025095e-35 30.500000000000004 187.50000000000003
decision_type=2 9 2 2 2 9 9 9 8 8 10 2 2 2
left_child=5 2 3 -2 -5 6 -1 8 10 -10 -3 13 -4 -9
right_child=1 7 12 4 -6 -7 -8 11 9 -11 -12 -13 -14 -15
leaf_value=0.024247001620643131 0.0069660338404153666 0.0034820024497553264 -0.022914408785995641 -0.0057863054691932852 -0.016430371589582802 -0.0072757325030362308 0.0052342488463026689 -0.0034751082385551394 0.047579396754246397 0.007891326375207992 -0.035656410434459579 0.0028159794682884776 0.043829007909930488 0.0033788792264607482
leaf_weight=4375.6463212743402 6708.7319835834205 21672.685521555133 2478.9862483269535 12273.555286627263 8165.0013818559237 819.53253051638603 1647.3045855239034 28448.809095013421 529.70319431088865 3062.6995565891266 444.14894221257418 21178.466817498207 63.078318932559341 7170.9862649664283
leaf_count=58777 29974 199988 317760 1079530 808153 3447 13876 582485 2766 45476 2674 236199 356 36688
internal_value=-7.93223e-05 -0.00105566 -0.0071539 -0.00583663 -0.0100391 0.0159276 0.0190659 0.00113951 0.00423879 0.013755 0.00269445 -0.0002639 -0.0212417 -0.00209521
internal_weight=119039 112197 29689.4 27147.3 20438.6 6842.48 6022.95 82507.5 25709.2 3592.4 22116.8 56798.3 2542.06 35619.8
internal_count=3418149 3342049 2235773 1917657 1887683 76100 72653 1106276 250904 48242 202662 855372 318116 619173
cat_boundaries=0 1 2 3 4
cat_threshold=2166358291 2449473536 2097153 3164553
is_linear=0
shrinkage=0.03


Tree=99
num_leaves=15
num_cat=5
split_feature=14 27 16 16 27 29 8 27 16 8 28 7 7 11
split_gain=2069.4 1595.25 619.024 873.312 515.425 442.039 395.728 414.063 383.585 378.472 338.847 313.997 775.507 630.848
threshold=1.0000000180025095e-35 0 25.500000000000004 24.500000000000004 1 2 1.5000000000000002 3 12.500000000000002 1.5000000000000002 4 19.500000000000004 23.500000000000004 668.50000000000011
decision_type=2 9 2 2 9 9 2 9 2 2 9 2 2 2
left_child=4 2 3 8 5 -1 7 -3 -2 -5 -9 -11 -13 -14
right_child=1 6 -4 9 -6 -7 -8 10 -10 11 -12 12 13 -15
leaf_value=0.025860029614199507 -0.0054074278304563021 0.017509048189568915 -0.021339832546769577 -0.025814459710004612 -0.0062730472039093351 0.0090328556267404471 -0.00029158739296695064 0.0095036638890316615 -0.013864263658230614 0.0082209153129368991 0.0010825493420015464 -0.024227398872536814 -0.040832855571268756 0.042472159341157924
leaf_weight=3546.4516022205353 11539.566188241355 1933.7049219757318 2492.2726818877272 379.03734868764877 818.25060234963894 2386.1478418782353 57165.975338565651 5646.9850477399305 8300.2271656403318 5364.4795868946239 17960.851648992859 894.82505103386939 105.0573583478108 358.43163921497762
leaf_count=50229 1010166 10697 317687 2836 3446 22441 965736 30687 833459 51452 100905 16421 1542 2038
internal_value=-6.82635e-05 -0.00103942 -0.00703588 -0.00571454 0.0160618 0.0191212 0.00109537 0.00419993 -0.00894597 0.00331282 0.00310036 0.00495864 -0.00792186 0.0235425
internal_weight=118892 112141 29433.9 26941.6 6750.85 5932.6 82707.5 25541.5 19839.8 7101.83 23607.8 6722.79 1358.31 463.489
internal_count=3419742 3343626 2235601 1917914 76116 72670 1108025 142289 1843625 74289 131592 71453 20001 3580
cat_boundaries=0 1 2 3 5 6
cat_threshold=2166391057 2449473536 36 578945024 8 2099457
is_linear=0
shrinkage=0.03


Tree=100
num_leaves=15
num_cat=5
split_feature=14 27 16 6 16 27 29 28 18 18 18 15 29 17
split_gain=1915.01 1563.92 594.664 1488.93 553.844 507.15 463.96 359.825 377.275 772.064 763.036 325.215 307.307 306.748
threshold=1.0000000180025095e-35 0 25.500000000000004 5.5000000000000009 14.500000000000002 1 2 3 1692.5000000000002 1683.5000000000002 1727.5000000000002 1.0000000180025095e-35 4 36.500000000000007
decision_type=2 9 2 2 2 9 9 9 8 10 8 2 9 10
left_child=5 2 3 -2 12 6 -1 8 9 13 -10 -9 -5 -3
right_child=1 7 -4 4 -6 -7 -8 11 10 -11 -12 -13 -14 -15
leaf_value=0.025633724210953654 0.006537502382093956 0.0025784420467278241 -0.021173879004656958 0.0032905970506969563 -0.016423474481144295 -0.0067267445523794033 0.0083271206712098225 -0.0020021580805043861 0.045040299753241912 -0.03764690335615236 0.0071057321969080229 0.0027030949202908471 -0.0083388686977762406 0.020273836019619559
leaf_weight=3463.1277504824102 6719.177078962326 21005.189621629659 2433.6443239678629 2545.9129945198074 7222.292600011453 808.93961462378502 2385.9917411953211 35477.6652734573 562.48498720861971 420.97281291801482 3121.0816605370492 21071.901544930879 10346.709834437817 919.32862925063819
leaf_count=50192 30009 194117 317721 199393 735016 3411 22575 617649 3165 2379 45872 234052 955800 7776
internal_value=-8.67428e-05 -0.00101727 -0.00697459 -0.00568868 -0.00977283 0.0155426 0.0186028 0.00109491 0.00401305 0.00254787 0.012909 -0.000248792 -0.00604623 0.00332133
internal_weight=118504 111846 29267.7 26834.1 20114.9 6658.06 5849.12 82578.6 26029.1 22345.5 3683.57 56549.6 12892.6 21924.5
internal_count=3419127 3342949 2237939 1920218 1890209 76178 72767 1105010 253309 204272 49037 851701 1155193 201893
cat_boundaries=0 1 2 3 4 5
cat_threshold=2166358801 2449473536 36 3148171 36
is_linear=0
shrinkage=0.03


Tree=101
num_leaves=15
num_cat=5
split_feature=14 27 6 6 6 27 29 8 27 15 10 28 11 7
split_gain=1861.18 1431.03 539.379 971.933 523.275 495.907 457.713 400.031 404.896 340.632 334.477 307.154 282.73 248.224
threshold=1.0000000180025095e-35 0 5.5000000000000009 4.5000000000000009 16.500000000000004 1 2 1.5000000000000002 3 1.5000000000000002 1.0000000180025095e-35 4 233.50000000000003 23.500000000000004
decision_type=2 9 2 2 2 9 9 2 9 2 2 9 2 2
left_child=5 2 3 -2 -4 6 -1 8 -3 10 -9 -10 -12 -5
right_child=1 7 4 13 -6 -7 -8 9 11 -11 12 -13 -14 -15
leaf_value=0.025551049541422139 -0.020191201244641091 0.017233319437351079 -0.015790506768907298 0.0028720063033707333 -0.005744630221090603 -0.0064989163720770649 0.008255647310461578 -0.0024401645032511195 0.0092516884572958723 0.0051001389744136831 0.018269670265212097 0.001158322805965548 0.0019987537245010384 0.025462112772764726
leaf_weight=3405.9764003008604 1820.7054036697373 1952.4678918048739 7418.2839314052835 6700.7822691081092 12583.018989875913 814.65535232424736 2364.0185054019094 40723.824021050241 5497.148337142542 8668.2197390832007 1125.3485513189808 18093.390218683518 6555.5009881346487 467.40996759291738
leaf_count=50306 264654 10866 765815 71401 1130226 3439 22537 752640 29842 81598 12380 101458 117904 3410
internal_value=-7.79656e-05 -0.000992443 -0.00672569 -0.000623828 -0.00947115 0.0154197 0.0184942 0.00102012 0.0041406 -0.000376323 -0.00135712 0.0030477 0.00438473 0.00434837
internal_weight=118191 111606 28990.2 8988.9 20001.3 6584.65 5769.99 82615.9 25543 57072.9 48404.7 23590.5 7680.85 7168.19
internal_count=3418476 3342194 2235506 339465 1896041 76282 72843 1106688 142166 964522 882924 131300 130284 74811
cat_boundaries=0 1 2 3 5 6
cat_threshold=2166358291 2449473536 36 578977792 9 2099201
is_linear=0
shrinkage=0.03


Tree=102
num_leaves=15
num_cat=4
split_feature=14 27 16 16 27 28 8 1 29 8 16 11 11 9
split_gain=1786.76 1358.4 552.477 724.946 479.922 457.667 387.108 375.088 421.66 338.551 303.537 282.805 758.033 809.012
threshold=1.0000000180025095e-35 0 25.500000000000004 24.500000000000004 1 2 1.5000000000000002 99.500000000000014 3 5.5000000000000009 30.500000000000004 546.50000000000011 639.50000000000011 1.0000000180025095e-35
decision_type=2 9 2 2 9 9 2 2 9 2 2 2 2 2
left_child=4 2 3 7 5 -1 -5 -2 -9 -3 -4 -8 -13 -14
right_child=1 9 10 6 -6 -7 11 8 -10 -11 -12 12 13 -15
leaf_value=0.023521948734290504 -0.012739294275880161 0.0018790971750408674 -0.022352402090782521 -0.026399212119148949 -0.0061981479387443342 0.0044704665184490183 0.0077083654177954345 0.010687374939109928 -0.0068888530559491718 -0.0029189980006670778 0.04407297618159748 -0.027746184543833648 -0.026586162445582217 0.040608152430939522
leaf_weight=4095.6263475604355 9351.4862719806843 65891.82687103143 2294.7077869023196 385.69794254470617 830.7304115742445 1594.0456710159779 5257.0394244166091 1424.3136695390567 8575.1289504766464 16560.75129211694 62.730953163467348 766.133385325782 256.04927516635507 432.14232684951276
leaf_count=58994 1120487 541418 317803 2898 3512 13798 47855 72250 653372 562456 358 14835 4791 3967
internal_value=-0.000149745 -0.00104433 -0.00665128 -0.0054127 0.0151124 0.0182033 0.00278844 -0.0084205 -0.00438069 0.000915256 -0.0205669 0.00446952 -0.00723541 0.0156055
internal_weight=117778 111258 28805.4 26448 6520.4 5689.67 7097.06 19350.9 9999.44 82452.6 2357.44 6711.36 1454.32 688.192
internal_count=3418794 3342490 2238616 1920455 76304 72792 74346 1846109 725622 1103874 318161 71448 23593 8758
cat_boundaries=0 1 2 3 4
cat_threshold=2166358803 2449473536 2097153 36
is_linear=0
shrinkage=0.03


Tree=103
num_leaves=15
num_cat=6
split_feature=14 27 16 16 27 29 2 7 29 8 8 27 28 16
split_gain=1691.58 1291.43 535.886 698.499 443.635 458.948 372.833 444.585 398.349 372.285 341.994 388.487 298.464 297.131
threshold=1.0000000180025095e-35 0 25.500000000000004 24.500000000000004 1 2 99.500000000000014 12.500000000000002 3 1.5000000000000002 1.5000000000000002 4 5 30.500000000000004
decision_type=2 9 2 2 9 9 2 2 9 2 2 9 9 2
left_child=4 2 3 6 5 -1 -2 8 -8 -5 11 -3 -13 -4
right_child=1 10 13 9 -6 -7 7 -9 -10 -11 -12 12 -14 -15
leaf_value=0.025066519264558336 -0.012553680664872046 0.016728280099409239 -0.022221001012339713 -0.0259794356981486 -0.0060389973191721765 0.0075538297123117631 0.034954892128626493 -0.0072487538278891385 0.0015743189734573483 0.004404221148812849 -0.00038464773939727377 0.0086513761090218459 0.00081531458283980271 0.039923179232837745
leaf_weight=3278.0726849809289 9301.5530528379604 1920.8114564288408 2246.949042212218 382.64569665119052 801.40382690727711 2332.6734785288572 403.37280639819801 8038.9632970290259 1459.2520249234512 6727.3208043174818 56961.188980905339 5781.5856266804039 17902.422878038138 70.559593481011689
leaf_count=50406 1120457 10724 317907 2902 3390 22535 15516 602493 107141 71429 962345 31190 100408 427
internal_value=-0.000130287 -0.000994322 -0.00648325 -0.00526698 0.0148512 0.0178146 -0.00824103 -0.00418888 0.00901415 0.0027656 0.00090975 0.00378956 0.00273133 -0.0203125
internal_weight=117609 111197 28630.6 26313.1 6412.15 5610.75 19203.1 9901.59 1862.62 7109.97 82566 25604.8 23684 2317.51
internal_count=3419270 3342939 2238272 1919938 76331 72941 1845607 725150 122657 74331 1104667 142322 131598 318334
cat_boundaries=0 1 2 3 4 6 7
cat_threshold=2166391569 2449473536 36 36 578945024 9 2361601
is_linear=0
shrinkage=0.03


Tree=104
num_leaves=15
num_cat=4
split_feature=14 27 8 5 2 6 6 6 27 29 15 27 18 11
split_gain=1618.4 1246.24 578.239 573.084 498.458 473.38 855.263 446.242 408.065 442.909 287.783 269.505 265.665 223.099
threshold=1.0000000180025095e-35 0 1.5000000000000002 1.0000000180025095e-35 844.50000000000011 5.5000000000000009 4.5000000000000009 15.500000000000002 1 2 1.5000000000000002 3 inf 270.50000000000006
decision_type=2 9 2 2 2 2 2 2 9 9 2 9 8 2
left_child=8 3 11 4 5 6 -2 -7 9 -1 13 -3 -9 -4
right_child=1 2 10 -5 -6 7 -8 12 -10 -11 -12 -13 -14 -15
leaf_value=0.024853778019236165 -0.018169253676694579 0.017381676351788573 0.0011769093454733507 0.03030110628023917 0.003991870649768919 -0.014970936734087437 0.0035221951838097154 -0.0080639810348239367 -0.0052249860101570159 0.0075030093389170539 0.0047817411243727499 0.0047147660332356447 0.0024345024496246859 -0.0030437046401221098
leaf_weight=3188.0335032530129 2106.0110652833246 1648.93671364896 20085.372260880657 399.67140410840511 4175.8739431127906 8130.0813131644391 7316.1449658032507 12773.630940156523 809.55688193440437 2311.7382645905018 8626.1981758885086 17490.16754739359 2612.5807195184752 25684.75178232789
leaf_count=50039 287009 9608 214852 1639 20805 747087 80096 1072665 3429 22477 77455 96435 208003 527189
internal_value=-9.6711e-05 -0.000936495 0.00133357 -0.00538515 -0.0057717 -0.00700959 -0.00132762 -0.009286 0.014682 0.0175902 -0.000244258 0.00581848 -0.00628129 -0.00119158
internal_weight=117359 111049 73535.4 37514 37114.3 32938.4 9422.16 23516.3 6309.33 5499.77 54396.3 19139.1 15386.2 45770.1
internal_count=3418788 3342843 925539 2417304 2415665 2394860 367105 2027755 75945 72516 819496 106043 1280668 742041
cat_boundaries=0 1 2 3 5
cat_threshold=2304770833 2449473536 36 42106880 9
is_linear=0
shrinkage=0.03


Tree=105
num_leaves=15
num_cat=7
split_feature=14 27 29 27 15 11 29 8 29 10 8 27 28 1
split_gain=1497.1 1128.4 389.648 379.595 320.028 378.217 318.716 287.329 249.521 240.144 923.221 231.742 220.341 209.601
threshold=1.0000000180025095e-35 0 1 2 1.0000000180025095e-35 435.50000000000006 3 1.5000000000000002 4 1.0000000180025095e-35 2.5000000000000004 5 6 99.500000000000014
decision_type=2 9 9 9 2 2 9 2 9 2 2 9 9 2
left_child=2 6 3 12 5 8 9 11 -3 13 -11 -6 -1 -2
right_child=1 4 -4 -5 7 -7 -8 -9 -10 10 -12 -13 -14 -15
leaf_value=0.026794911677851002 -0.0050755394356554037 0.012901850978207997 0.0053561102692188441 -0.0041412435750731568 0.013710567942990762 -0.0044330439885931503 -0.0076369314090372221 0.0020332658024304782 0.0006356371928229915 0.10272219649317184 -0.0054486631889094092 -0.00022047344667467229 -0.0028488308915589062 0.0079687147122012181
leaf_weight=2888.9590192846954 3821.7006580806337 1547.8533609174192 2625.3818153366446 486.29021422564983 3758.8909425549209 15487.844468784519 22491.314081635792 24999.85782653233 35184.575897645205 96.68618412129581 259.71582936635241 1512.2759648011997 250.56385018676519 1560.5536921429448
leaf_count=47793 300369 14915 23928 1984 19716 420501 1843056 276825 363378 1050 13667 8979 2550 81047
internal_value=-4.41734e-05 -0.000850664 0.0142383 0.0205948 0.000921258 -0.000501309 -0.00602647 0.00337556 0.00115654 0.000287895 0.0241017 0.00974011 0.0244274 -0.00129266
internal_weight=116972 110721 6251.19 3625.81 82491.3 52220.3 28230 30271 36732.4 5738.66 356.402 5271.17 3139.52 5382.25
internal_count=3419758 3343503 76255 52327 1104314 798794 2239189 305520 378293 396133 14717 28695 50343 381416
cat_boundaries=0 1 2 3 4 5 7 8
cat_threshold=2166358803 36 2449473536 36 40 377618432 8 2097153
is_linear=0
shrinkage=0.03


Tree=106
num_leaves=15
num_cat=3
split_feature=8 27 27 16 16 17 2 10 11 28 16 11 11 9
split_gain=1488.2 1226.46 637.737 616.516 927.514 540.207 436.906 339.764 785.595 322.98 318.942 266.316 699.307 897.301
threshold=2.5000000000000004 0 1 25.500000000000004 24.500000000000004 36.500000000000007 99.500000000000014 1.0000000180025095e-35 28.500000000000004 2 18.500000000000004 546.50000000000011 668.50000000000011 1.0000000180025095e-35
decision_type=2 9 9 2 2 8 2 2 2 9 2 2 2 2
left_child=1 5 3 4 6 -1 -2 -3 -9 -8 -4 -6 -13 -14
right_child=2 7 10 -5 11 -7 9 8 -10 -11 -12 12 13 -15
leaf_value=0.0047138458658341192 -0.013932614134900987 0.0013642318834733817 0.0013684013294508089 -0.022021275200827035 0.0078634896711446741 0.021866211815017491 0.0077146911381083053 0.074691773324481306 0.0081978967687112159 -0.0068673117179731602 -0.0038775417969397199 -0.024710277157264409 -0.031568152833007894 0.044418091441321791
leaf_weight=2612.7226845733821 7921.9638863117434 36936.140765192453 27426.400366566144 2120.9919473249465 5010.5261046336964 4498.8952988944948 1623.1433604266495 175.31732357665896 1722.9403929039836 8428.5786905023269 16830.510159143712 828.65534462966025 215.4485248029232 394.73241893947124
leaf_count=20145 1000115 372596 535866 299280 45793 62247 72923 1472 14989 649569 319942 19197 2366 2262
internal_value=-0.000103975 0.00410058 -0.00283252 -0.0065078 -0.00516237 0.0155443 -0.00866429 0.00200006 0.0143752 -0.00451125 -0.000626485 0.00459693 -0.00677592 0.0175804
internal_weight=116747 45946 70801 26544 24423 7111.62 17973.7 38834.4 1898.26 10051.7 44256.9 6449.36 1438.84 610.181
internal_count=3418762 471449 2947313 2091505 1792225 82392 1722607 389057 16461 722492 855808 69618 23825 4628
cat_boundaries=0 2 3 4
cat_threshold=61018112 9 2171634449 2097152
is_linear=0
shrinkage=0.03


Tree=107
num_leaves=15
num_cat=4
split_feature=14 27 16 6 16 27 29 28 18 18 18 16 15 0
split_gain=1364.95 1047.24 516.378 1176.91 517.799 406.952 425.971 311.639 353.043 786.68 627.532 264.323 263.426 267.299
threshold=1.0000000180025095e-35 0 25.500000000000004 5.5000000000000009 14.500000000000002 1 2 3 1717.5000000000002 1727.5000000000002 1683.5000000000002 30.500000000000004 1.0000000180025095e-35 187.50000000000003
decision_type=2 9 2 2 2 9 9 9 8 8 10 2 2 2
left_child=5 2 3 -2 -5 6 -1 8 10 -10 -3 -4 13 -9
right_child=1 7 11 4 -6 -7 -8 12 9 -11 -12 -13 -14 -15
leaf_value=0.024151695329708331 0.0061161598845834043 0.0028782670545030205 -0.021786100661819525 -0.0048400087118859224 -0.015198044085046651 -0.0060787016920049236 0.0068749880050176159 -0.0033144495217957352 0.047558894998622502 0.0067231409527543596 -0.032182417505488718 0.036565504055640956 0.0022495313270496698 0.0031817190306309686
leaf_weight=3011.4409033246338 6712.1959751620889 22074.938240601216 2115.4572695912793 12315.501091185957 6710.5550455874763 810.66082099080086 2282.796520344913 28071.308878258802 489.27172820828855 3172.7078313175589 468.21860747784376 71.375918831210583 21002.054030335043 7152.4318607151508
leaf_count=50113 30015 202724 317729 1155975 734891 3437 22550 579743 2365 46450 3136 422 232995 36396
internal_value=-8.74897e-05 -0.000851432 -0.0058712 -0.00468372 -0.00849393 0.0137199 0.0167319 0.000849773 0.00355102 0.0121906 0.00214867 -0.0198657 -0.000409643 -0.0019953
internal_weight=116461 110356 27925.1 25738.3 19026.1 6104.9 5294.24 82430.9 26205.1 3661.98 22543.2 2186.83 56225.8 35223.7
internal_count=3418941 3342841 2239032 1920881 1890866 76100 72663 1103809 254675 48815 205860 318151 849134 616139
cat_boundaries=0 1 2 3 4
cat_threshold=2166391571 2449473536 36 3148681
is_linear=0
shrinkage=0.03


Tree=108
num_leaves=15
num_cat=1
split_feature=8 1 18 28 1 14 5 16 6 1 14 11 11 11
split_gain=1368.87 1051.94 467.064 447.329 378.103 354.78 350.473 289.19 538.523 854.928 432.889 376.336 741.004 583.87
threshold=4.5000000000000009 60.000000000000007 112.50000000000001 0 138.50000000000003 149.89444444444447 1.0000000180025095e-35 25.500000000000004 5.5000000000000009 99.500000000000014 142.76388888888891 639.50000000000011 607.50000000000011 478.50000000000006
decision_type=2 2 8 9 2 2 2 2 2 2 2 2 2 2
left_child=1 3 4 -1 -3 -4 7 8 10 -10 11 12 13 -2
right_child=6 2 5 -5 -6 -7 -8 -9 9 -11 -12 -13 -14 -15
leaf_value=0.021124394927111059 0.0056408279912160911 -0.016582345726687833 0.005446237631740649 0.0056722331057938637 -0.0016364738705824384 0.00033506326090335217 0.0098303708496059773 -0.011545164131252391 -0.013885960687915897 -0.0026167262741233831 -0.0098490137143607218 0.034415682160328843 -0.035811780957888978 0.04172274948970197
leaf_weight=3610.8017242103815 3643.9778474979103 1820.4100342988968 22947.482047728729 3203.7344127446413 9312.1603055773303 26150.690542781726 1627.2698321789503 4517.2328839781694 7651.3435086738318 29097.225688300095 1460.8060482013971 464.43929964117706 349.45654332078993 452.97756475396454
leaf_count=58336 15652 151993 337566 23476 85427 170682 6638 354771 898598 1288365 20728 2329 2062 2448
internal_value=-5.96895e-05 0.00273012 0.00146603 0.013901 -0.00408171 0.00272398 -0.00385637 -0.0043241 -0.00356738 -0.00496338 0.0044836 0.00874819 0.00606002 0.00963941
internal_weight=116310 67045.3 60230.7 6814.54 11132.6 49098.2 49264.7 47637.5 43120.2 36748.6 6371.66 4910.85 4446.41 4096.96
internal_count=3419071 827480 745668 81812 237420 508248 2591591 2584953 2230182 2186963 43219 22491 20162 18100
cat_boundaries=0 1
cat_threshold=2097153
is_linear=0
shrinkage=0.03


Tree=109
num_leaves=15
num_cat=4
split_feature=4 2 29 28 28 17 11 9 7 28 18 18 12 18
split_gain=1207.65 747.431 559.148 446.069 363.016 311.392 260.648 426.213 351.947 255.635 258.702 626.666 246.9 245.698
threshold=1.0000000180025095e-35 18.000000000000004 0 1 2 28.500000000000004 200.50000000000003 1.0000000180025095e-35 2.5000000000000004 3 1717.5000000000002 1683.5000000000002 0.86811594202898557 1754.5000000000002
decision_type=2 2 9 9 9 8 2 2 2 9 8 10 2 10
left_child=1 2 4 6 -1 -3 7 -2 -9 10 11 -7 -11 -12
right_child=3 5 -4 -5 -6 9 -8 8 -10 12 13 -13 -14 -15
leaf_value=0.025167148301569253 0.0029840987170474931 -0.00080962932299893996 0.0041536313164516579 -0.0058907023076142191 -0.00045985485188890343 0.021839568775609278 -0.0021470443285475679 0.064797003544292839 0.013189052989738151 0.0024967587453890261 0.048240550007342196 -0.039332777575938276 0.020729467073964895 -0.0026198470551705108
leaf_weight=2735.4475524537265 4241.4929434820078 29977.852811735123 4361.5552151538432 30790.438680287451 616.60913543403149 607.44473420828581 12334.143429427873 185.50981128308922 330.1297171516344 28459.278200063854 331.0920486189425 199.36870139092207 683.54115330427885 114.98209546133876
leaf_count=48474 161368 219907 35194 2065226 4808 3219 677405 1106 6611 187807 1456 1037 4858 617
internal_value=-8.38112e-05 0.00248346 0.0112765 -0.00373441 0.020467 0.00135985 0.000153692 0.00611849 0.0318453 0.00349946 0.0167132 0.00669352 0.0029241 0.035154
internal_weight=115969 68087.2 7713.61 47881.7 3352.06 60373.6 17091.3 4757.13 515.64 30395.7 1252.89 806.813 29142.8 446.074
internal_count=3419093 507377 88476 2911716 53282 418901 846490 169085 7717 198994 6329 4256 192665 2073
cat_boundaries=0 1 2 3 4
cat_threshold=44 2270022 2097665 3147904
is_linear=0
shrinkage=0.03


Tree=110
num_leaves=15
num_cat=1
split_feature=8 1 28 1 6 6 7 18 14 0 18 18 18 7
split_gain=1215.26 853.281 452.504 375.286 907.009 633.286 407.812 367.856 340.123 376.824 289.872 899.034 497.867 268.782
threshold=2.5000000000000004 60.000000000000007 0 138.50000000000003 5.5000000000000009 4.5000000000000009 14.500000000000002 94.500000000000014 180.15625000000003 187.50000000000003 1717.5000000000002 1727.5000000000002 1683.5000000000002 9.5000000000000018
decision_type=2 2 9 2 2 2 2 8 2 2 8 8 10 2
left_child=1 2 -1 4 5 -2 10 -3 -9 -10 12 -12 -5 -7
right_child=3 7 -4 6 -6 13 -8 8 9 -11 11 -13 -14 -15
leaf_value=0.021818253826372598 -0.015577205564310895 -0.0034209793205744539 0.0051143378823615753 0.00036708232688934743 -0.011917694642386305 -0.001664531469135015 -0.0041685103007384813 0.0067356680273997025 -0.0056232864739946689 0.0040790660216686054 0.045524382189907071 0.003429977598667346 -0.029570724689994759 0.012300774667337986
leaf_weight=3274.6240823566914 1414.8581869904883 8337.2685123612173 2665.8102863579988 23396.2989512817 10420.511496094521 1994.3174934564158 23995.477940248325 15980.728710205294 5712.4939185846597 9750.7531147450209 505.62724952585995 4629.9944640202448 509.8532990491949 3278.8441896857694
leaf_count=57119 179271 139089 20793 385443 1158464 20613 1081521 168252 37833 48367 2702 85614 4164 29631
internal_value=-4.04121e-05 0.00376506 0.0143697 -0.00252087 -0.00638429 0.00223773 -0.00127453 0.00218117 0.00366663 0.000494653 0.00111665 0.00758243 -0.00027262 0.00701976
internal_weight=115867 45721.7 5940.43 70145.8 17108.5 6688.02 53037.3 39781.2 31444 15463.2 29041.8 5135.62 23906.2 5273.16
internal_count=3418876 471453 77912 2947423 1387979 229515 1559444 393541 254452 86200 477923 88316 389607 50244
cat_boundaries=0 1
cat_threshold=2097409
is_linear=0
shrinkage=0.03


Tree=111
num_leaves=15
num_cat=2
split_feature=14 27 8 0 16 6 16 27 18 16 16 15 18 16
split_gain=1162.66 873.946 456.297 429.398 596.066 1060.38 551.197 360.74 362.497 355.367 265.048 245.501 233.236 230.42
threshold=1.0000000180025095e-35 0 1.5000000000000002 187.50000000000003 25.500000000000004 5.5000000000000009 14.500000000000002 1 493.50000000000006 94.500000000000014 18.500000000000004 1.0000000180025095e-35 inf 24.500000000000004
decision_type=2 9 2 2 2 2 2 9 10 2 2 2 8 2
left_child=7 3 -3 4 5 13 12 8 -1 -6 11 -4 -7 -2
right_child=1 2 10 -5 9 6 -8 -9 -10 -11 -12 -13 -14 -15
leaf_value=0.021207536760787207 0.037471035774365731 0.0050002804160895493 -0.00096888704393651381 0.0041815486317341955 -0.023234813143616508 -0.0062887303193204401 -0.015023905437397712 -0.005672307005352312 0.0036127081110630772 -0.0060112281490526916 -0.0029147274605470278 0.0041197657467855111 0.0040690397561373923 0.0049733804559370046
leaf_weight=3527.4065515100956 201.52118405327201 19193.267521523871 19221.04159248434 4202.5974371284246 2629.9587381952442 9592.2123999730684 6484.7374652144499 807.13039034605026 1503.3186965249479 1828.2167593627237 22129.599519130308 15343.272935007699 2457.1837358893827 6492.8939222618937
leaf_count=56846 987 108803 419886 20803 320403 956911 734941 3422 15775 10476 368675 173805 198543 28962
internal_value=-9.29371e-05 -0.000786753 0.00100217 -0.00479142 -0.00606339 -0.00427604 -0.00797231 0.0129516 0.0159198 -0.0161747 -0.000351246 0.00129005 -0.00417635 0.0059571
internal_weight=115614 109777 75887.2 33889.3 29686.7 25228.5 18534.1 5837.86 5030.73 4458.18 56693.9 34564.3 12049.4 6694.42
internal_count=3419238 3343195 1071169 2272026 2251223 1920344 1890395 76043 72621 330879 962366 593691 1155454 29949
cat_boundaries=0 1 2
cat_threshold=2170585875 2449473536
is_linear=0
shrinkage=0.03


Tree=112
num_leaves=15
num_cat=5
split_feature=27 14 18 29 17 27 16 16 8 16 28 10 11 28
split_gain=1099.66 885.533 422.307 355.233 348.054 308.658 391.06 444.651 288.971 245.729 227.049 200.53 580.332 186.897
threshold=0 49.583333333333336 684.50000000000011 1 28.500000000000004 2 25.500000000000004 24.500000000000004 1.5000000000000002 11.500000000000002 3 1.0000000180025095e-35 32.500000000000007 4
decision_type=9 2 10 9 10 9 2 2 2 2 9 2 2 9
left_child=3 2 10 11 13 -5 7 9 -9 -7 -2 -1 -13 -3
right_child=1 4 -4 5 -6 6 -8 8 -10 -11 -12 12 -14 -15
leaf_value=-0.00060089281389135113 0.026110746378929382 -0.0020841776361312219 0.00095051635510047809 -0.0014503136497082748 0.0073214783553895045 -0.0048503222681632431 -0.020371284763503361 -0.026008053089344074 0.0031276818786376997 -0.012562830219346966 0.0066401494640400188 0.059600321800663714 0.0042784270205165975 0.0022084274769319382
leaf_weight=18488.184256643523 2445.9015324190259 13620.615773092024 1211.4113490208983 17600.940535284579 8935.5887918192893 8253.8817766648717 1750.6755012786016 323.69792646635324 5427.2639888520353 6767.7558266916312 722.92013249546289 185.70285281725228 1988.3445143727586 27629.472698955797
leaf_count=622439 49266 108002 12719 419309 90118 778260 263166 2556 59366 748654 6714 1234 49614 206886
internal_value=-8.67565e-06 0.00308258 0.0160177 -0.00278364 0.00195391 -0.00442921 -0.00675524 -0.00561003 0.00148352 -0.00832567 0.0217756 0.000412553 0.00902914 0.00079104
internal_weight=115352 54565.9 4380.23 60786.4 50185.7 40124.2 22523.3 20772.6 5750.96 15021.6 3168.82 20662.2 2174.05 41250.1
internal_count=3418303 473705 68699 2944598 405006 2271311 1852002 1588836 61922 1526914 55980 673287 50848 314888
cat_boundaries=0 1 2 3 4 5
cat_threshold=3446703003 38 1279262858 2097153 65748
is_linear=0
shrinkage=0.03


Tree=113
num_leaves=15
num_cat=2
split_feature=8 1 28 5 4 12 16 6 1 1 28 10 1 17
split_gain=1068.23 771.214 407.679 362.14 448.018 402.56 343.443 716.363 634.227 335.574 300.736 483.522 403.377 300.217
threshold=2.5000000000000004 60.000000000000007 0 1.0000000180025095e-35 1.0000000180025095e-35 0.86811594202898557 25.500000000000004 5.5000000000000009 99.500000000000014 99.500000000000014 1 1.0000000180025095e-35 138.50000000000003 36.500000000000007
decision_type=2 2 9 2 2 2 2 2 2 2 9 2 2 10
left_child=1 2 -1 4 5 -2 7 9 -9 -6 11 13 -12 -3
right_child=3 10 -4 -5 6 -7 -8 8 -10 -11 12 -13 -14 -15
leaf_value=0.02073333923721761 -0.00055626676898106668 0.0040977528694366491 0.0045488053168328919 0.0083896289735013313 0.0094273610787826475 0.021615651625582408 -0.014387450868209055 -0.013539065987667364 -0.0033738236314132084 -0.0053950210574068413 -0.013412066667736918 0.053365723524206946 0.0019992687617749181 0.032466573319088067
leaf_weight=3293.2498222924769 28618.71415650472 2632.1062153386883 2467.0595721527934 2728.5791709721088 4512.5162661969662 755.47797663509846 3165.851665828377 7606.175928464625 20175.730290756561 1975.9119483549148 1597.4299950865097 223.44352012639865 34955.636817947961 383.89457472926006
leaf_count=58741 262224 46284 19391 11167 18636 6019 382409 1024964 1216459 24016 120998 1807 222079 2007
internal_value=1.80768e-05 0.00358902 0.0138476 -0.00232115 -0.00275871 1.46916e-05 -0.00493479 -0.00406117 -0.00615727 0.00491339 0.00210369 0.0108489 0.00132506 0.00771827
internal_weight=115092 45552.8 5760.31 69539 66810.4 29374.2 37436.2 34270.3 27781.9 6488.43 39792.5 3239.44 36553.1 3016
internal_count=3417201 471307 78132 2945894 2934727 268243 2666484 2284075 2241423 42652 393175 50098 343077 48291
cat_boundaries=0 1 2
cat_threshold=2113953 3145728
is_linear=0
shrinkage=0.03


Tree=114
num_leaves=15
num_cat=4
split_feature=14 27 8 2 16 6 16 16 28 27 14 16 27 16
split_gain=1060.45 710.407 446.759 387.507 609.158 908.87 508.981 354.757 335.165 324.281 270.868 246.074 231.532 226.452
threshold=1.0000000180025095e-35 0 1.5000000000000002 844.50000000000011 25.500000000000004 5.5000000000000009 16.500000000000004 94.500000000000014 1 2 154.40617848970257 15.500000000000002 3 24.500000000000004
decision_type=2 9 2 2 2 2 2 2 9 9 2 2 9 2
left_child=8 3 12 4 5 13 -7 -6 9 -1 11 -4 -3 -2
right_child=1 2 10 -5 7 6 -8 -9 -10 -11 -12 -13 -14 -15
leaf_value=0.020829312134685557 0.036637530694332447 0.014835277977295029 0.0029652959337039607 0.0040997751245051848 -0.023287681690635401 -0.0041631869267184964 -0.015316923929448464 -0.005820662143675253 0.00068265396577539778 -0.0018028541674148164 -0.0039239256821614827 -0.0016688203824592063 0.0037075760818430551 0.0046156348169186156
leaf_weight=3412.8599663823843 204.04603632539511 1856.9414404220879 21656.26316052489 4206.644237883389 2523.8991417651996 12993.107384521514 5138.024235131219 1788.7125626625493 1568.1882479041815 689.71605323255062 15206.891019998118 19686.660354447551 17376.207767967135 6512.4408641457558
leaf_count=59373 994 10760 403847 20772 321266 1292241 597827 10276 13809 2919 194021 363337 98029 29034
internal_value=-0.00010628 -0.000763481 0.000842629 -0.00441013 -0.00563938 -0.0038326 -0.00732462 -0.016046 0.0125413 0.0170298 -0.000500605 0.000758637 0.0047923 0.00559377
internal_weight=114821 109150 75783 33366.9 29160.2 24847.6 18131.1 4312.61 5670.76 4102.58 56549.8 41342.9 19233.1 6716.49
internal_count=3418505 3342404 1069994 2272410 2251638 1920096 1890068 331542 76101 62292 961205 767184 108789 30028
cat_boundaries=0 1 2 3 5
cat_threshold=2170553107 2097289 2449473536 578949120 9
is_linear=0
shrinkage=0.03


Tree=115
num_leaves=15
num_cat=6
split_feature=8 27 18 29 27 28 14 1 27 30 7 5 18 16
split_gain=966.716 794.448 422.24 381.211 352.293 441.805 320.472 315.948 286.781 285.386 259.97 252.803 232.047 230.279
threshold=4.5000000000000009 0 112.50000000000001 1 2 3 149.89444444444447 138.50000000000003 4 5 2.5000000000000004 1.0000000180025095e-35 1631.5000000000002 25.500000000000004
decision_type=2 9 8 9 9 9 2 2 9 1 2 2 8 2
left_child=1 3 7 9 5 12 -4 -3 -9 -1 -8 13 -2 -6
right_child=4 2 6 -5 11 -7 10 8 -10 -11 -12 -13 -14 -15
leaf_value=0.025438393244396538 -0.0065834740060208372 -0.015498919711933503 0.0049743813403618029 0.0057220073537100503 -0.003445421872007809 -0.00083797049380642029 0.003424319597360349 -0.029951614600530821 -0.00084099465322790901 0.00053508188650647247 -0.0025846715715955879 0.0098450439160377122 0.045930904423315329 -0.010812636218968833
leaf_weight=2245.5716341296211 94.296355457045138 1820.8904740512371 23116.461406503338 3379.1793375005946 41266.650018203072 901.59636500477791 11806.879384221509 304.35708422958851 8966.2082953685895 518.37060294672847 14359.338061451912 1195.1686385124922 378.87320350017399 4207.2151615568437
leaf_count=46461 1068 152344 336666 31128 2216434 11590 61991 1695 83172 5264 108139 4873 2152 352611
internal_value=-8.4575e-05 0.0022575 0.00121023 0.0125258 -0.00332719 0.0115862 0.00240064 -0.00407778 -0.00183305 0.0207885 0.000126769 -0.00376842 0.034741 -0.00412725
internal_weight=114561 66517.3 60374.1 6143.12 48043.8 1374.77 49282.7 11091.5 9270.57 2763.94 26166.2 46669 473.17 45473.9
internal_count=3415588 826860 744007 82853 2588728 14810 506796 237211 84867 51725 170130 2573918 3220 2569045
cat_boundaries=0 2 3 4 5 6 7
cat_threshold=60887104 9 44 537073664 3213568 4194304 12
is_linear=0
shrinkage=0.03


Tree=116
num_leaves=15
num_cat=3
split_feature=14 27 8 28 27 2 16 16 1 18 16 8 13 11
split_gain=883.255 689.171 383.092 348.581 333.027 308.855 491.269 300.909 379.995 502.098 297.271 295.504 283.983 388.015
threshold=1.0000000180025095e-35 0 1.5000000000000002 1 2 844.50000000000011 25.500000000000004 24.500000000000004 99.500000000000014 993.50000000000011 94.500000000000014 1.5000000000000002 1.5000000000000002 457.50000000000006
decision_type=2 9 2 9 9 2 2 2 2 10 2 2 2 2
left_child=3 5 -3 4 -1 6 7 8 -2 -10 -8 -9 13 -13
right_child=1 2 -4 -5 -6 -7 10 11 9 -11 -12 12 -14 -15
leaf_value=0.020273572479769436 -0.010346790091154962 0.0046626160585758218 -0.00027252436595700207 -0.00041140300484438105 -0.002685266310537119 0.0035539675028583581 -0.020590714424720394 -0.024331598679341596 0.005248349758298655 -0.0074403888103437886 -0.0048880361422721586 0.0033524241631938817 -0.0094486682896850888 0.029043664800622673
leaf_weight=3299.5909581780434 8310.4020073511638 19176.191129295155 54067.712826269679 1570.0009665638208 691.02798138558865 4216.0620976909995 2689.2572725801729 370.65579954814166 4971.4854437159374 6443.0358043448068 1819.799113987945 4888.0473041944206 1301.7747087120079 592.35469143465161
leaf_count=59447 1120641 105732 818525 13856 2923 20779 345096 2967 339364 502279 10486 45844 25872 4658
internal_value=-4.911e-05 -0.000644942 0.00101947 0.0116121 0.0163015 -0.00406812 -0.00509334 -0.00355575 -0.00546718 -0.00191395 -0.0142558 0.00171529 0.00314217 0.00613408
internal_weight=114407 108847 73243.9 5560.62 3990.62 35602.9 31386.8 26877.8 19724.9 11414.5 4509.06 7152.83 6782.18 5480.4
internal_count=3418469 3342243 924257 76226 62370 2417986 2397207 2041625 1962284 841643 355582 79341 76374 50502
cat_boundaries=0 1 2 3
cat_threshold=2304803731 2113921 2449473536
is_linear=0
shrinkage=0.03


Tree=117
num_leaves=15
num_cat=4
split_feature=14 27 8 27 29 6 2 6 2 18 10 7 6 28
split_gain=850.667 651.029 379.9 338.131 372.586 314.372 472.354 355.438 358.926 293.246 266.822 254.123 252.63 245.065
threshold=1.0000000180025095e-35 0 1.5000000000000002 1 2 5.5000000000000009 99.500000000000014 4.5000000000000009 518.00000000000011 36.500000000000007 1.0000000180025095e-35 12.500000000000002 16.500000000000004 3
decision_type=2 9 2 9 9 2 2 2 2 10 2 2 2 9
left_child=3 5 13 4 -1 7 12 8 -2 11 -4 -8 -7 -3
right_child=1 2 10 -5 -6 6 9 -9 -10 -11 -12 -13 -14 -15
leaf_value=0.022240362449906612 -0.018334709906432656 0.018613418769989915 -0.001253918403215722 -0.0063585410144425614 0.005200463853282722 -0.017953725492799735 0.026102810826793353 0.0036392271359215055 0.0079571460942049338 -0.0042711240528142186 0.0044873290009246553 0.00065594303346372114 -0.0074233124917472033 0.003680853103560503
leaf_weight=2550.6226810179651 1503.8908797823824 1037.0058512184769 47933.527681877837 820.10081122815609 2142.8695469424129 3446.9699164638296 539.12209730502218 7243.8794018472545 677.09258479624987 13528.853165122215 8590.1082977699116 1020.7321040248498 5065.0187527369708 18220.389907413162
leaf_count=50292 264876 5515 819701 3488 22453 500307 22564 75624 3497 697564 142512 58454 649927 103065
internal_value=-9.1081e-05 -0.00067367 0.000858391 0.0114039 0.0144909 -0.00418808 -0.00603894 0.000442369 -0.0101724 -0.00285087 -0.000381336 0.00946206 -0.0116893 0.00449747
internal_weight=114320 108807 75781 5513.59 4693.49 33025.6 23600.7 9424.86 2180.98 15088.7 56523.6 1559.85 8511.99 19257.4
internal_count=3419839 3343606 1070793 76233 72745 2272813 1928816 343997 268373 778582 962213 81018 1150234 108580
cat_boundaries=0 1 2 3 4
cat_threshold=2170586003 2449473536 36 3147776
is_linear=0
shrinkage=0.03


Tree=118
num_leaves=15
num_cat=6
split_feature=8 27 29 18 28 16 7 27 1 27 5 27 18 18
split_gain=833.812 689.652 404.718 374.266 273.171 262.496 351.299 257.657 255.667 277.813 216.837 209.195 297.403 718.034
threshold=5.5000000000000009 0 1 112.50000000000001 2 18.500000000000004 6.5000000000000009 3 138.50000000000003 4 1.0000000180025095e-35 5 1704.5000000000002 1683.5000000000002
decision_type=2 9 9 8 9 2 2 9 2 9 2 9 8 10
left_child=1 2 4 8 -1 11 -7 -8 -3 -10 -2 12 13 -5
right_child=10 3 -4 5 -6 6 7 -9 9 -11 -12 -13 -14 -15
leaf_value=0.02450769252808006 -0.0042546540708735484 -0.014570422627528149 0.0045335743633855155 0.0053428768852747553 0.00025361768077988541 0.0021630043038928354 -0.01694405255331876 -0.0026705682407358595 -0.029992812313740323 -0.001266608162615244 0.0091449308418405009 0.00071125303087928872 0.013746207374318569 -0.034597062381881143
leaf_weight=2200.0800620280206 35250.400103711057 1804.3516597156413 3638.6344053000212 11550.168455765583 525.88747939001769 22912.181849269662 1275.0425997865386 10036.828991839197 302.65113561600447 9020.6296960967593 1120.5775359421968 10316.85111902561 3628.8698689099401 418.84437437495217
leaf_count=47399 2188014 153830 34331 192945 5141 229884 165894 130795 1737 83965 4588 81975 93659 3191
internal_value=-9.32951e-05 0.00166284 0.0111159 0.000816799 0.0198485 0.0017521 2.73812e-05 -0.00429813 -0.00423696 -0.00223576 -0.00384158 0.00402974 0.00622005 0.00394244
internal_weight=114002 77631 6364.6 71266.4 2725.97 60138.8 34224.1 11311.9 11127.6 9323.28 36371 25914.7 15597.9 11969
internal_count=3417348 1224746 86871 1137875 52540 898343 526573 296689 239532 85702 2192602 371770 289795 196136
cat_boundaries=0 2 3 4 5 6 7
cat_threshold=60887104 9 44 2097665 2148663296 4194304 3624009728
is_linear=0
shrinkage=0.03


Tree=119
num_leaves=15
num_cat=2
split_feature=8 1 18 29 14 30 5 1 7 16 6 1 14 11
split_gain=799.869 649.84 370.778 329.406 315.272 287.287 272.484 264.579 243.374 208.922 437.291 674.958 364.563 351.331
threshold=4.5000000000000009 60.000000000000007 112.50000000000001 0 149.89444444444447 1 1.0000000180025095e-35 138.50000000000003 2.5000000000000004 25.500000000000004 5.5000000000000009 130.00000000000003 142.76388888888891 639.50000000000011
decision_type=2 2 8 9 2 1 2 2 2 2 2 2 2 2
left_child=1 3 7 5 -4 -1 9 -3 -6 10 12 -12 13 -2
right_child=6 2 4 -5 8 -7 -8 -9 -10 -11 11 -13 -14 -15
leaf_value=0.024157793235454486 0.00575929996484112 -0.014829085331676694 0.0047951858739259026 0.0052016361320961404 0.0031605119529591313 -0.00058688057492377104 0.0090591588956370345 -0.0018910798014876173 -0.0026429112334975056 -0.0098566865687602454 -0.011793044909088652 -0.0018821549195829374 -0.0088554944515356615 0.033360954424452319
leaf_weight=2143.1898031011224 4434.7973228283226 1679.6884529120289 22951.721622861456 3476.3691138699651 11871.774799275678 534.01369962468743 1619.0119029283524 9264.1248832400888 14379.929657701869 4176.223729646299 7984.5339266718365 27420.702221609652 1433.3440106660128 456.99169212579727
leaf_count=46833 20111 151982 337910 29854 62208 5008 6612 85473 108974 354671 1009450 1176877 20685 2290
internal_value=-6.29323e-05 0.00206624 0.00111616 0.011351 0.00222702 0.0192398 -0.00303323 -0.00387802 -1.84162e-05 -0.00345988 -0.00281949 -0.00411751 0.00444573 0.00834414
internal_weight=113826 66300.8 60147.2 6153.57 49203.4 2677.2 47525.6 10943.8 26251.7 45906.6 41730.4 35405.2 6325.13 4891.79
internal_count=3418938 828242 746547 81695 509092 51841 2590696 237455 171182 2584084 2229413 2186327 43086 22401
cat_boundaries=0 1 2
cat_threshold=44 12
is_linear=0
shrinkage=0.03


Tree=120
num_leaves=15
num_cat=3
split_feature=8 27 28 18 6 1 18 18 16 14 7 17 1 27
split_gain=740.048 635.337 341.37 298.574 249.286 503.08 248.627 424.131 244.455 362.333 283.378 257.737 239.155 246.415
threshold=5.5000000000000009 0 1 112.50000000000001 5.5000000000000009 99.500000000000014 269.50000000000006 298.50000000000006 18.500000000000004 186.28125000000003 7.5000000000000009 35.500000000000007 138.50000000000003 2
decision_type=2 9 9 8 2 2 8 8 2 2 2 10 2 9
left_child=1 2 -1 12 6 -6 -2 -8 9 11 -10 -5 -3 -14
right_child=4 3 -4 8 5 -7 7 -9 10 -11 -12 -13 13 -15
leaf_value=0.018051688533051915 -0.013648229854356743 -0.01383599217307329 0.0039773715661564416 0.0040960268049552257 -0.012334179736078889 -0.0027312492394173365 0.04819847785705321 0.002186183223943467 0.0017483620086579984 -0.0066223426899834868 -0.0042496438176777484 0.015536824212415654 -0.028530668915555425 -0.00088966451940811187
leaf_weight=3015.5029359068722 859.04535256279632 1763.0942408903502 3222.8371963277459 21431.622794472147 6261.2081381999888 22740.671895171981 184.85098041826859 6042.0156089072116 24145.302704615984 2669.7368937102146 10034.525904214475 1931.1467344728298 289.03652958571911 8989.3281408320181
leaf_count=58417 18316 153754 28433 329279 830837 1210379 3216 130615 249745 25507 276861 17548 1689 84136
internal_value=-2.38675e-05 0.00162867 0.0108004 0.0008239 -0.00357234 -0.00480478 0.00147184 0.00355963 0.00165562 0.00384587 -1.26074e-05 0.00504234 -0.00371072 -0.00178541
internal_weight=113580 77492.1 6238.34 71253.8 36087.8 29001.9 7085.91 6226.87 60212.3 26032.5 34179.8 23362.8 11041.5 9278.36
internal_count=3418732 1225369 86850 1138519 2193363 2041216 152147 133831 898940 372334 526606 346827 239579 85825
cat_boundaries=0 2 3 4
cat_threshold=60887104 9 2113537 4194304
is_linear=0
shrinkage=0.03


Tree=121
num_leaves=15
num_cat=2
split_feature=27 14 18 1 6 16 11 11 11 18 27 16 16 8
split_gain=713.558 593.349 364.847 285.089 587.758 962.698 396.67 410.391 619.144 329.312 291.575 263.04 246.688 313.606
threshold=0 70.785714285714292 684.50000000000011 99.500000000000014 5.5000000000000009 25.500000000000004 668.50000000000011 603.50000000000011 478.50000000000006 1.0000000180025095e-35 1 7.5000000000000009 24.500000000000004 3.5000000000000004
decision_type=9 2 10 2 2 2 2 2 2 10 9 2 2 2
left_child=3 2 -2 4 5 6 7 8 12 -5 -11 -6 -1 -14
right_child=1 -3 -4 9 11 -7 -8 -9 -10 10 -12 -13 13 -15
leaf_value=0.049531456721579117 0.019513063049626519 0.0016851277478128507 7.5826400863247939e-05 0.0075699921839358962 -0.0034209635256779794 -0.023773868710142546 0.044827878567942986 -0.038482510247529349 0.047806451898878929 -0.0011130939686868004 -0.010621121038089191 -0.014880062091044085 -0.015226251503206419 0.0062314783620678786
leaf_weight=102.0793372541666 2863.3258228339255 42861.970015589613 1247.7411666885018 3692.5572521113791 2682.4571193321608 1147.8998150615953 232.16908377408981 188.75295711308718 304.70986913144588 45252.144550066907 3091.463703175541 5501.7104987599887 738.10678956285119 3592.1791065037251
leaf_count=520 56718 355497 13190 103282 349120 202461 1006 932 1261 1343024 173769 799909 3596 14572
internal_value=-0.000101534 0.00272893 0.0136152 -0.00210018 -0.00582197 0.00106139 0.00659195 0.00478105 0.00651268 -0.00106412 -0.00172374 -0.0111251 0.00366373 0.00257129
internal_weight=113499 46973 4111.07 66526.2 14490.1 6305.9 5158 4925.83 4737.08 52036.2 48343.6 8184.17 4432.37 4330.29
internal_count=3418857 425405 69908 2993452 1373377 224348 21887 20881 19949 1620075 1516793 1149029 18688 18168
cat_boundaries=0 1 2
cat_threshold=3446981529 3427024904
is_linear=0
shrinkage=0.03


Tree=122
num_leaves=15
num_cat=1
split_feature=8 27 17 18 18 18 10 7 16 18 16 6 1 18
split_gain=700.848 597.227 476.202 372.39 636.596 462.569 265.017 654.675 260.917 267.763 353.56 237.527 486.572 240.572
threshold=5.5000000000000009 0 35.500000000000007 1717.5000000000002 1727.5000000000002 1683.5000000000002 1.0000000180025095e-35 2.5000000000000004 12.500000000000002 786.50000000000011 11.500000000000002 5.5000000000000009 99.500000000000014 269.50000000000006
decision_type=2 9 8 10 10 10 2 2 2 10 2 2 2 8
left_child=1 2 3 5 -5 -1 -3 -8 9 -4 -11 13 -13 -2
right_child=11 6 8 4 -6 -7 7 -9 -10 10 -12 12 -14 -15
leaf_value=0.00025679668598526626 -0.013579669817070388 -4.8939634324577436e-05 0.023364477287632222 0.047056012045583351 0.002396158383345432 -0.036271373064255805 0.053792544825057464 0.0045073423498604966 0.0029960566925657461 -0.00016364305912002901 0.053124765525721748 -0.012207290680476487 -0.0026796264313399586 0.0034600570537946743
leaf_weight=3497.422763125971 845.86769580934197 61157.992837890983 2833.1225512139499 398.98185603041202 1019.7033158605918 341.56506211869419 252.72251756722108 5526.4115150016733 1303.8132573990151 978.21174044720829 125.55376183614135 6125.9737626235001 22690.545961454511 6241.4589982861653
leaf_count=25391 18204 1023960 54100 1835 7630 1966 1867 90502 6949 10004 564 830109 1211546 133831
internal_value=-3.08799e-05 0.00157548 0.00822412 0.00185225 0.0149803 -0.00300181 0.000531295 0.00667153 0.0146307 0.0184822 0.00594053 -0.00349534 -0.00470542 0.00142475
internal_weight=113339 77435.5 10498.4 5257.67 1418.69 3838.99 66937.1 5779.13 5240.7 3936.89 1103.77 35903.8 28816.5 7087.33
internal_count=3418458 1224768 108439 36822 9465 27357 1116329 92369 71617 64668 10568 2193690 2041655 152035
cat_boundaries=0 2
cat_threshold=61020224 9
is_linear=0
shrinkage=0.03


Tree=123
num_leaves=15
num_cat=3
split_feature=7 1 18 28 5 15 29 9 7 1 13 12 28 16
split_gain=641.631 432.019 361.545 322.201 269.154 276.615 253.737 228.513 535.794 220.076 211.47 203.944 198.465 190.023
threshold=7.5000000000000009 60.000000000000007 146.50000000000003 0 1.0000000180025095e-35 1.5000000000000002 1 1.0000000180025095e-35 2.5000000000000004 138.50000000000003 1.5000000000000002 0.967204301075269 2 13.500000000000002
decision_type=2 2 8 9 2 2 9 2 2 2 2 2 9 2
left_child=1 3 9 6 5 13 10 12 -9 -3 -1 -6 -4 -2
right_child=4 2 7 -5 11 -7 -8 8 -10 -11 -12 -13 -14 -15
leaf_value=0.026850637954459893 -0.0016599751848472549 -0.011991386013235896 -0.00020744081896562251 0.0020663104513388179 -0.011300625943236825 0.0027887082417030837 0.0048816000306562786 0.057628784915786421 0.0071425179618470769 -0.0014684319500500569 -0.0042712594940980111 0.010485098927352198 0.0040486845762708239 -0.0056495357573114382
leaf_weight=1697.6464330554008 19075.856461959891 2133.7626170255244 19039.659294730518 2569.9362929463387 467.4778133481741 6360.2238684701733 1094.3005003966391 207.62405753601342 2036.0949852289632 11036.919273111969 221.91602773591876 2218.4123857468367 20449.062739648391 24604.958651769906
leaf_count=44572 1094271 200110 162236 20045 1923 79925 13229 1449 32123 111619 1336 9161 447155 1201359
internal_value=-0.000140678 0.00196793 0.00115929 0.00991732 -0.00255961 -0.00305623 0.0165473 0.00252692 0.0118379 -0.00317402 0.0231319 0.00669051 0.00199759 -0.00390733
internal_weight=113214 60486.9 54903.1 5583.8 52726.9 50041 3013.86 41732.4 2243.72 13170.7 1919.56 2685.89 39488.7 43680.8
internal_count=3420513 1033874 954692 79182 2386639 2375555 59137 642963 33572 311729 45908 11084 609391 2295630
cat_boundaries=0 1 2 3
cat_threshold=2097569 36 754262
is_linear=0
shrinkage=0.03


Tree=124
num_leaves=15
num_cat=5
split_feature=27 14 29 29 8 28 2 6 6 1 27 6 14 10
split_gain=645.413 546.268 393.157 379.928 280.214 270.433 237.066 253.112 397.503 271.106 250.176 270.308 233.102 231.825
threshold=0 49.583333333333336 1 2 1.5000000000000002 3 844.50000000000011 5.5000000000000009 4.5000000000000009 99.500000000000014 4 20.500000000000004 154.40617848970257 1.0000000180025095e-35
decision_type=9 2 9 9 2 9 2 2 2 2 9 2 2 2
left_child=3 2 5 13 -3 -2 7 8 -5 -9 11 -11 -6 -1
right_child=1 4 -4 6 12 -7 -8 9 -10 10 -12 -13 -14 -15
leaf_value=0.00065892259999541971 0.026644177115450047 0.0042010246181084406 0.0030317766725462508 -0.014490475386057113 0.0011531846946480169 -0.0071958215315037983 0.0025316966391388468 -0.013245612858417813 0.0023201714179570954 -0.0068712631009989963 -0.012211118222223385 0.0040883694671209909 -0.0032739549201888981 0.0190578336726113
leaf_weight=9189.9015210270882 1655.3832208961248 18318.09133971855 1938.1818474186584 1614.58306924114 37577.773303589784 244.63096799328923 3364.0030225366354 5765.5168489697389 5848.6943890010007 5142.7052679243498 3373.4883511457592 3340.0606004279107 14966.088279866613 659.65283789625391
leaf_count=445362 44528 98412 21726 236514 601965 2650 16556 890627 66388 399020 146964 237575 190032 21244
internal_value=-2.03897e-05 0.001603 0.0126249 -0.00318631 0.00100606 0.0222709 -0.00494422 -0.0059488 -0.00131805 -0.00790986 -0.00531427 -0.00255296 -0.000107837 0.00189104
internal_weight=112999 74700.1 3838.2 38298.6 70862 1900.01 28449.1 25085 7463.28 17621.8 11856.3 8482.77 52543.9 9849.55
internal_count=3419563 959313 68904 2460250 890409 47178 1993644 1977088 302902 1674186 783559 636595 791997 466606
cat_boundaries=0 1 2 3 4 5
cat_threshold=2305852313 36 34 2097153 2282750464
is_linear=0
shrinkage=0.03


Tree=125
num_leaves=15
num_cat=5
split_feature=27 14 29 29 17 27 6 6 6 11 9 11 18 28
split_gain=624.932 550.925 334.489 259.94 229.915 224.368 272.942 484.097 351.535 238.631 778.614 691.702 231.867 222.743
threshold=0 70.785714285714292 1 2 28.500000000000004 3 4.5000000000000009 5.5000000000000009 13.500000000000002 668.50000000000011 1.0000000180025095e-35 607.50000000000011 670.50000000000011 4
decision_type=9 2 9 9 10 9 2 2 2 2 2 2 10 9
left_child=1 2 13 -2 -3 -5 -7 9 -9 11 -11 -8 -13 -1
right_child=3 4 -4 5 -6 6 7 8 -10 10 -12 12 -14 -15
leaf_value=0.02651802043228213 0.00054231293682848564 0.00071499435794236232 0.0049607750629407444 -0.00099956929888170352 0.0065729232598795801 -0.019402066480363727 0.0045853847851294229 -0.015428843228123035 -0.0047641757075914002 -0.030966083252804977 0.044764289460959582 0.033067719007537813 -0.036241954729263219 -0.0047738767459585213
leaf_weight=1638.0720752384514 25307.2226479901 35772.180876801722 2048.3002253789455 19427.863770532422 7251.7102734493092 1192.7130460876506 4576.9787210226059 3779.5919115175493 10534.971902805846 176.6620388138108 391.11154814623296 46.61476628575474 520.88422717526555 237.07699297368526
leaf_count=44747 703245 281451 22376 432564 80564 218057 49366 461353 1110042 2037 2126 385 8066 2551
internal_value=3.8334e-05 0.00268346 0.0134443 -0.00184464 0.00170248 -0.00333051 -0.00546301 -0.00463466 -0.00758094 0.00274857 0.0211879 0.000709789 -0.0305007 0.022557
internal_weight=112902 46947.3 3923.45 65954.6 43023.9 40647.4 21219.5 20026.8 14314.6 5712.25 567.774 5144.48 567.499 1875.15
internal_count=3418930 431689 69674 2987241 362015 2283996 1851432 1633375 1571395 61980 4163 57817 8451 47298
cat_boundaries=0 2 3 4 6 7
cat_threshold=847476836 9 36 38 1279524874 2 2621953
is_linear=0
shrinkage=0.03


Tree=126
num_leaves=15
num_cat=3
split_feature=7 27 17 18 27 10 7 28 18 18 6 2 6 18
split_gain=609.67 492.381 364.247 333.436 257.728 241.814 432.929 229.726 218.715 263.649 246.348 380.39 363.391 369.571
threshold=7.5000000000000009 0 34.500000000000007 112.50000000000001 1 1.0000000180025095e-35 2.5000000000000004 2 964.50000000000011 269.50000000000006 5.5000000000000009 99.500000000000014 4.5000000000000009 298.50000000000006
decision_type=2 9 8 8 9 2 2 9 10 8 2 2 2 8
left_child=1 2 -1 -3 8 -5 -7 -4 9 -2 12 -12 -11 -14
right_child=4 3 7 5 -6 6 -8 -9 -10 10 11 -13 13 -15
leaf_value=0.0018546727063765492 -0.01584587067797184 -0.0037988370624381434 0.030280213435960414 0.0017096848224911934 -0.00074324425300879013 0.055320041944697501 0.0078119875562004211 0.011508035078777777 -0.0089659060025904444 -0.016890418318559672 -0.011792092844038662 0.0026880071280017638 0.05657544069016017 0.0068584857539625253
leaf_weight=3767.7703117281199 1189.0136727038771 10505.276088957209 693.9151167916134 39650.795947228558 33055.727322006132 193.92142193531618 1514.7155258078128 3975.5849406067282 7848.7242191224359 572.43585631949827 3228.6731780180708 3301.6559271635488 139.70594903547317 3099.4950040406547
leaf_count=35728 113716 235665 11859 659816 720923 1251 25844 63393 694468 113930 475058 236902 908 29511
internal_value=1.0964e-05 0.00206817 0.00878435 0.000973563 -0.00235487 0.00218605 0.0132331 0.014393 -0.00510059 -0.00247349 -0.000934685 -0.00447184 0.00512497 0.00901956
internal_weight=112737 60302 8437.27 51864.7 52435.4 41359.4 1708.64 4669.5 19379.7 11531 10342 6530.33 3811.64 3239.2
internal_count=3418972 1033556 110980 922576 2385416 686911 27095 75252 1664493 970025 856309 711960 144349 30419
cat_boundaries=0 2 3 4
cat_threshold=195233856 9 2167449883 3145728
is_linear=0
shrinkage=0.03


Tree=127
num_leaves=15
num_cat=2
split_feature=14 8 9 7 28 6 1 11 14 11 11 1 29 12
split_gain=560.982 410.238 290.596 534.806 284.181 220.834 405.179 237.86 348.189 380.723 275.037 218.36 211.513 209.543
threshold=1.0000000180025095e-35 5.5000000000000009 1.0000000180025095e-35 2.5000000000000004 0 5.5000000000000009 99.500000000000014 270.50000000000006 123.07037037037038 478.50000000000006 179.50000000000003 119.50000000000001 1 1.0000000180025095e-35
decision_type=2 2 2 2 9 2 2 2 2 2 2 2 9 2
left_child=4 2 13 -4 11 7 -7 10 9 -9 -3 12 -1 -2
right_child=1 5 3 -5 -6 6 -8 8 -10 -11 -12 -13 -14 -15
leaf_value=0.026246891908178374 0.00087485377946800423 0.017503844366131092 0.04875696352462805 0.0047201874472774042 -0.001000232643371205 -0.011315887785315497 -0.0024768430057893567 0.0072438749470447612 -0.0029062275907430165 0.037697455633824116 -0.014820043913045627 0.0049390227666478602 0.0051331008319991257 -0.0038019730425929224
leaf_weight=1547.5347569026053 53485.667294345796 290.87382010440342 255.06502554379404 8103.6739163186867 1543.2519860118628 5890.2122561223805 22473.366101465188 2266.2041740790009 2775.690123855602 440.62680483423173 1259.1765162432566 1328.7833982110023 614.63202283158898 10278.122695863713
leaf_count=44557 316255 9767 1823 133683 14061 830181 1211998 30940 81439 5607 23891 7306 10123 697235
internal_value=-2.94164e-05 -0.000487746 0.000810451 0.00606963 0.00975757 -0.00313288 -0.00431277 0.00162576 0.00455945 0.0122133 -0.00874695 0.0144736 0.0203952 0.000120946
internal_weight=112553 107519 72122.5 8358.74 5034.2 35396.1 28363.6 7032.57 5482.52 2706.83 1550.05 3490.95 2162.17 63763.8
internal_count=3418866 3342819 1148996 135506 76047 2193823 2042179 151644 117986 36547 33658 61986 54680 1013490
cat_boundaries=0 1 2
cat_threshold=2097409 36
is_linear=0
shrinkage=0.03


Tree=128
num_leaves=15
num_cat=4
split_feature=7 27 17 18 28 10 7 27 27 18 18 6 1 6
split_gain=533.027 442.979 351.234 312.608 232.858 220.072 403.172 214.673 209.465 192.964 236.326 225.034 374.167 351.015
threshold=7.5000000000000009 0 34.500000000000007 135.50000000000003 1 1.0000000180025095e-35 2.5000000000000004 2 3 964.50000000000011 269.50000000000006 5.5000000000000009 99.500000000000014 4.5000000000000009
decision_type=2 9 8 8 9 2 2 9 9 10 8 2 2 2
left_child=1 2 -1 8 -4 -5 -7 9 -3 10 -2 13 -13 -12
right_child=7 3 4 5 -6 6 -8 -9 -10 -11 11 12 -14 -15
leaf_value=0.0015297379708167915 -0.015087696547118813 -0.027698209376958473 0.030117312753767198 0.0017045544968023038 0.010986965163723005 0.053517324113956377 0.0074598781029995296 -0.00075062518364630031 -0.0027101700020467968 -0.0083887518683327111 -0.01687566220177104 -0.011664300412625549 0.0027741902125272447 0.0087148667404555961
leaf_weight=3766.4009980466217 1161.5848841620609 299.31474796682596 673.92982836253941 38199.843944972381 3936.0820180196315 193.48635668773204 1424.2244074998889 32946.279909400735 11690.798778238706 7776.8868924691342 564.95701621472836 3137.4338684519753 3327.8875559126027 3268.2782393731177
leaf_count=35713 113640 1787 11900 614367 63376 1246 23709 719151 280984 695904 113936 474860 237338 30454
internal_value=-3.14751e-06 0.00192082 0.00831697 0.000884754 0.0138787 0.00216371 0.0129982 -0.00222209 -0.00336157 -0.00473917 -0.00226618 -0.0008187 -0.00423311 0.00493982
internal_weight=112367 60184.1 8376.41 51807.7 4610.01 39817.6 1617.71 52183.3 11990.1 19237 11460.1 10298.6 6465.32 3833.24
internal_count=3418365 1033082 110989 922093 75276 639322 24955 2385283 282771 1666132 970228 856588 712198 144390
cat_boundaries=0 2 3 4 5
cat_threshold=195266624 11 3145728 2167450555 4194304
is_linear=0
shrinkage=0.03


Tree=129
num_leaves=15
num_cat=2
split_feature=8 27 17 5 9 11 27 16 6 16 7 11 11 7
split_gain=509.434 510.702 340.41 281.365 250.129 526.272 245 474.687 730.797 370.709 235.637 737.518 456.253 412.763
threshold=2.5000000000000004 0 36.500000000000007 1.0000000180025095e-35 1.0000000180025095e-35 28.500000000000004 1 25.500000000000004 5.5000000000000009 18.500000000000004 20.500000000000004 634.50000000000011 694.50000000000011 15.500000000000002
decision_type=2 9 8 2 2 2 9 2 2 2 2 2 2 2
left_child=1 2 -1 6 -3 -6 -2 8 10 -10 13 -12 -13 -8
right_child=3 4 -4 -5 5 -7 7 -9 9 -11 11 12 -14 -15
leaf_value=0.0023121929778835578 -0.00041462882449687702 0.00058021165043707146 0.01699758000132395 0.007874650844215637 0.058675218501441556 0.0063643257315431825 0.0056210441067436447 -0.018001532675444101 -0.0036998052103197998 -0.013696211594458633 -0.035040443207889523 0.031878128049149246 -0.017295143000275088 0.03301602574524231
leaf_weight=2453.6354106692597 37264.16051794868 35874.09530997416 3374.37019180879 2704.5202423334122 183.20273001212627 2876.8694026791491 4599.7642420344055 2058.8404020292219 14750.571667193435 4315.1241935463622 477.9013278465718 441.91870171763003 274.60414924845099 553.79619514197111
leaf_count=19864 695166 362543 61856 11119 1497 25331 21155 321430 1416721 469312 3259 3029 2272 3644
internal_value=4.29105e-05 0.00252412 0.0107979 -0.00160394 0.00128229 0.00951426 -0.00200004 -0.00414876 -0.00302748 -0.00596288 0.00578835 -0.00621379 0.0130349 0.00857071
internal_weight=112203 44762.2 5828.01 67441.2 38934.2 3060.07 64736.7 27472.5 25413.7 19065.7 6347.98 1194.42 716.523 5153.56
internal_count=3418198 471091 81720 2947107 389371 26828 2935988 2240822 1919392 1886033 33359 8560 5301 24799
cat_boundaries=0 2 3
cat_threshold=60952576 9 1418150114
is_linear=0
shrinkage=0.03


Tree=130
num_leaves=15
num_cat=2
split_feature=14 27 8 10 27 18 6 16 16 6 2 16 8 7
split_gain=485.737 383.473 279.312 232.379 223.185 309.701 222.649 488.177 465.351 322.266 294.539 263.792 299.961 224.293
threshold=1.0000000180025095e-35 0 1.5000000000000002 1.0000000180025095e-35 1 684.50000000000011 5.5000000000000009 25.500000000000004 98.500000000000014 17.500000000000004 749.00000000000011 24.500000000000004 1.5000000000000002 20.500000000000004
decision_type=2 9 2 2 9 10 2 2 2 2 2 2 2 2
left_child=4 6 -3 -4 5 -1 7 11 -9 10 -8 -2 -13 -14
right_child=1 2 3 -5 -6 -7 9 8 -10 -11 -12 12 13 -15
leaf_value=0.017075167498909874 0.038343876471903952 0.0038309499608586307 -0.0011934366066364997 0.0041825802334492816 -0.0053152006433433629 -0.0011436181486357663 -0.011825072044616136 -0.019706577873744659 0.0068080984341790029 -0.0018822100088672904 0.0016331145692955438 -0.023424102269088667 0.0081192989529951885 -0.006990512656239416
leaf_weight=2979.0582693628967 205.92315874621272 18996.481092188507 47648.143665976822 8531.0744109922089 805.65826340019703 1169.0469626821578 7389.1084370273165 1681.8583958386444 921.54754620976746 13498.322757930495 1824.711382240057 340.697599735111 5024.9987631812692 1072.1199357677251
leaf_count=60018 997 107141 819578 142359 3435 12945 840542 309247 4722 1080134 9010 1971 20939 5988
internal_value=-5.93939e-05 -0.000484092 0.000686268 -0.000377004 0.00912379 0.0119129 -0.00323619 0.000687015 -0.010322 -0.00483489 -0.00915992 0.00500188 0.0039296 0.00546167
internal_weight=112089 107135 75175.7 56179.2 4953.76 4148.11 31959.3 9247.15 2603.41 22712.1 9213.82 6643.74 6437.82 6097.12
internal_count=3419026 3342628 1069078 961937 76398 72963 2273550 343864 313969 1929686 849552 29895 28898 26927
cat_boundaries=0 1 2
cat_threshold=2170585883 2449473536
is_linear=0
shrinkage=0.03


Tree=131
num_leaves=15
num_cat=6
split_feature=8 16 27 16 14 16 28 27 2 16 28 5 27 28
split_gain=452.883 373.548 474.05 697.587 614.313 430.145 308.777 248.422 258.659 271.535 226.558 207.085 197.333 177.643
threshold=5.5000000000000009 12.500000000000002 0 11.500000000000002 149.89444444444447 8.5000000000000018 1 2 844.50000000000011 27.500000000000004 3 1.0000000180025095e-35 4 5
decision_type=2 2 9 2 2 2 9 9 2 2 9 2 9 9
left_child=1 2 3 4 6 -6 -1 8 9 -3 -5 -2 -13 -9
right_child=11 7 -4 10 5 -7 -8 13 -10 -11 -12 12 -14 -15
leaf_value=0.018229983323429001 -0.00330104298067865 -0.0021268007947394915 0.0016473156909749434 0.047593156329405979 0.0056631835278287777 -0.029951815484898378 0.0037566819101976837 0.040210004302754669 0.0025693085823206784 -0.011720572761878299 0.00089380116572132821 0.00045709172562406476 0.026679363446504026 0.0010157047356508749
leaf_weight=3072.4430112605914 33875.929915449815 6770.0215482730418 19603.810494809411 547.35787129215896 630.55985414050519 590.02441858127713 2361.961958007887 93.410124500282109 4594.5460789948702 4368.0290485681035 123.28001843579113 740.06529296934605 389.32868108153343 34152.920091408771
leaf_count=63202 2189295 284934 344347 2816 6786 4681 28617 832 22490 205208 2084 3006 1626 258731
internal_value=-5.09457e-05 0.00123657 0.00408481 0.0105899 0.00766227 -0.0115634 0.0119817 -0.000298159 -0.00341731 -0.00588992 0.0397447 -0.00287963 0.00975219 0.00113549
internal_weight=111914 76908.4 26929.4 7325.63 6654.99 1220.58 5434.4 49978.9 15732.6 11138.1 670.638 35005.3 1129.39 34246.3
internal_count=3418655 1224728 452533 108186 103286 11467 91819 772195 512632 490142 4900 2193927 4632 259563
cat_boundaries=0 1 2 3 4 5 6
cat_threshold=1258491968 3170305 3260154122 1114112 1140850688 2097152
is_linear=0
shrinkage=0.03


Tree=132
num_leaves=15
num_cat=4
split_feature=8 1 16 6 28 18 28 29 28 10 18 1 15 11
split_gain=454.198 345.65 277.832 287.89 658.946 274.666 254.09 226.612 222.762 270.149 210.308 201.811 167.072 167.036
threshold=3.5000000000000004 60.000000000000007 12.500000000000002 20.500000000000004 0 94.500000000000014 1 2 3 1.0000000180025095e-35 1542.5000000000002 99.500000000000014 1.0000000180025095e-35 60.500000000000007
decision_type=2 2 2 2 9 8 9 9 9 2 10 2 2 2
left_child=1 6 3 4 -2 -3 7 -1 9 -7 11 -5 -8 -11
right_child=2 5 -4 10 -6 8 12 -9 -10 13 -12 -13 -14 -15
leaf_value=0.022182152414304965 0.038007485046316972 -0.0034114344278124691 -0.0037015928961654783 -0.0063511943726560945 0.0031245505550713424 0.0047786512585104137 -0.0040553582870906067 0.0036268833473848405 0.00084537417417971121 0.048510477644234093 -0.0059379592826169277 0.0029695565710165578 0.011208489343135022 0.013727852189918536
leaf_weight=1727.1678970828652 526.07558471336961 9564.1217265296727 32539.771474859444 2673.4139917548746 5337.7380610755645 10815.503418273758 1484.1776057332754 922.93702383711934 28951.145669606514 196.89397783391178 5952.7474995288067 9577.4965315200388 1140.4563046172261 337.20043716276996
leaf_count=47720 3985 196407 1536994 343972 221031 159953 12876 11632 200885 1671 330668 334472 8026 8538
internal_value=-6.47548e-06 0.0019314 -0.00189411 0.000549696 0.00633017 0.00115879 0.00923371 0.0157617 0.00224345 0.00580348 -0.00131257 0.000935214 0.00256905 0.0266172
internal_weight=111747 55139.6 56607.2 24067.5 5863.81 49864.9 5274.74 2650.1 40300.7 11349.6 18203.7 12250.9 2624.63 534.094
internal_count=3418830 647708 2771122 1234128 225016 567454 80254 59352 371047 170162 1009112 678444 20902 10209
cat_boundaries=0 1 2 3 4
cat_threshold=1050624 2097315 44 2363393
is_linear=0
shrinkage=0.03


Tree=133
num_leaves=15
num_cat=3
split_feature=27 14 28 1 16 6 16 16 8 28 11 11 9 11
split_gain=428.148 418.587 343.701 285.193 383.021 480.99 358.975 305.151 214.926 207.927 201.616 724.255 541.109 311.73
threshold=0 134.11756756756759 1 846.50000000000011 25.500000000000004 5.5000000000000009 17.500000000000004 94.500000000000014 1.5000000000000002 2 660.50000000000011 607.50000000000011 1.0000000180025095e-35 478.50000000000006
decision_type=9 2 9 2 2 2 2 2 2 9 2 2 2 2
left_child=2 9 -1 4 5 10 -7 -6 -3 -2 11 13 -12 -4
right_child=1 8 3 -5 7 6 -8 -9 -10 -11 12 -13 -14 -15
leaf_value=0.0030454469896895328 0.030275124117225358 0.0031188198323605885 0.0030507864678904497 0.0028418177862321375 -0.022612821533674266 -0.0041510554163071978 -0.015282989036180496 -0.0055087063319673325 -0.00073832061038399367 0.005906580277132794 -0.024648061266150115 -0.032524896478625102 0.039272063529701959 0.031147886307840045
leaf_weight=7154.0799563042819 315.45339743234217 17800.772625173442 3992.1121729221195 4222.8838336914778 1953.8416056216229 10702.900670704897 3446.3044005706906 1807.720330550801 48217.792843570001 10581.863558713812 168.17548712529242 499.95519029907882 403.61094767600298 389.15055659227073
leaf_count=409872 9875 96967 18051 20691 267180 1142645 441565 10542 875229 119428 1146 3027 1801 1859
internal_value=-4.77331e-05 0.00120076 -0.00281138 -0.00433085 -0.00562919 -0.00394612 -0.00686334 -0.0143966 0.000301723 0.00664791 0.00362322 0.00164699 0.0204615 0.00555295
internal_weight=111657 76915.9 34740.7 27586.7 23363.8 19602.2 14149.2 3761.56 66018.6 10897.3 5453 4881.22 571.786 4381.26
internal_count=3419878 1101499 2318379 1908507 1887816 1610094 1584210 277722 972196 129303 25884 22937 2947 19910
cat_boundaries=0 1 2 3
cat_threshold=2171650963 2097152 2097152
is_linear=0
shrinkage=0.03


Tree=134
num_leaves=15
num_cat=4
split_feature=7 27 17 10 7 18 28 27 5 27 15 14 1 5
split_gain=429.367 349.363 276.002 274.041 336.019 258.619 231.576 209.785 207.426 249.403 214.192 194.667 181.683 173.376
threshold=7.5000000000000009 0 34.500000000000007 1.0000000180025095e-35 2.5000000000000004 146.50000000000003 1 2 1.0000000180025095e-35 3 1.5000000000000002 150.12000000000003 138.50000000000003 1.0000000180025095e-35
decision_type=2 9 8 2 2 8 9 9 2 9 2 2 2 2
left_child=1 2 -1 5 13 7 -4 -3 10 11 -2 -10 -9 -5
right_child=8 3 6 4 -6 -7 -8 12 9 -11 -12 -13 -14 -15
leaf_value=0.0014422199045978849 -0.003280817687519361 -0.027595112004584216 0.029437754485224787 0.06161711174486427 0.0070444104647379852 0.0015526278380179326 0.0096633545742718097 -0.010918484792839625 0.0051997650721737959 0.028914488997771225 0.0026189569089712229 -0.024236306565726166 -0.0011233212900660274 0.0074476799320529492
leaf_weight=3711.9973845067434 42537.564165523509 305.6003765463829 620.90985578857362 167.59251979831606 1716.1896518978756 37697.160315397894 3770.1510597323067 2064.3484799815342 2111.0522458553314 359.17480523884296 6366.4994650399312 222.61228793859482 9749.5079617514275 78.119876831769943
leaf_count=35187 2295000 1932 11789 1427 31931 594467 62869 194664 8744 1492 79980 920 97946 375
internal_value=-6.06233e-05 0.00166761 0.00745565 0.0007601 0.0117551 0.000327016 0.0125546 -0.00348502 -0.00206634 0.00603824 -0.00251273 0.00237247 -0.00283331 0.0444949
internal_weight=111478 59881.6 8103.06 51778.5 1961.9 49816.6 4391.06 12119.5 51596.9 2692.84 48904.1 2333.66 11813.9 245.712
internal_count=3418723 1032587 109845 922742 33733 889009 74658 294542 2386136 11156 2374980 9664 292610 1802
cat_boundaries=0 2 3 4 5
cat_threshold=195233824 9 3145728 541097984 1678839808
is_linear=0
shrinkage=0.03


Tree=135
num_leaves=15
num_cat=4
split_feature=7 27 18 27 15 18 27 1 9 7 5 14 27 14
split_gain=396.12 331.564 279.781 202.111 266.549 189.286 177.973 206.21 172.025 339.903 161.692 294.935 133.507 123.255
threshold=7.5000000000000009 0 112.50000000000001 1 1.0000000180025095e-35 1.0000000180025095e-35 2 138.50000000000003 1.0000000180025095e-35 2.5000000000000004 1.0000000180025095e-35 149.51190476190479 3 142.52557544757036
decision_type=2 9 8 9 2 10 9 2 2 2 2 2 9 2
left_child=1 2 6 -2 10 -3 -1 -8 12 -10 -5 -12 -4 -6
right_child=3 5 8 4 13 -7 7 -9 9 -11 11 -13 -14 -15
leaf_value=-0.026885913553134012 -0.010096235697005606 0.030670686917024695 0.0029695520162601346 -0.0036907400536544512 0.0058118391863335919 0.0063300921946381162 -0.012705752412611921 -0.0011213767088975536 0.045671393239998526 0.0060877278626444015 0.013239438633857745 -0.030009010730944884 -0.00055532982225822149 -2.8561975370848446e-05
leaf_weight=278.37415391020477 2611.1214279611595 297.49277522135526 21089.184401866747 29502.733114217641 4243.8783387241419 7901.0644272491336 1650.9957464777399 8493.1798407235183 214.27278227778152 2103.9060092500877 1057.7663605362177 162.92082606256008 17852.76393294055 13904.660439622123
leaf_count=2031 174044 9870 518871 1856423 135506 101489 154422 79044 1446 33950 4339 674 131864 213841
internal_value=-5.14347e-05 0.00160756 0.000717469 -0.00198105 -0.00154489 0.00720816 -0.0036739 -0.00300487 0.00182699 0.00976462 -0.00324798 0.00744738 0.00135423 0.00133741
internal_weight=111364 59881.2 51682.7 51483.1 48872 8198.56 10422.5 10144.2 41260.1 2318.18 30723.4 1220.69 38941.9 18148.5
internal_count=3417814 1032987 921628 2384827 2210783 111359 235497 233466 686131 35396 1861436 5013 650735 349347
cat_boundaries=0 1 2 3 4
cat_threshold=4099170700 19966745 4210688 3489660932
is_linear=0
shrinkage=0.03


Tree=136
num_leaves=15
num_cat=4
split_feature=16 27 16 14 1 16 27 28 0 16 16 27 1 18
split_gain=394.592 471.871 443.332 532.621 443.737 409.864 381.679 312.911 248.087 275.254 245.098 244.299 221.325 206.06
threshold=12.500000000000002 0 11.500000000000002 149.89444444444447 149.50000000000003 8.5000000000000018 1 2 187.50000000000003 25.500000000000004 24.500000000000004 3 124.50000000000001 786.50000000000011
decision_type=2 9 2 2 2 2 9 9 2 2 2 9 2 10
left_child=1 2 3 7 -4 -5 8 13 9 10 -2 -3 -11 -1
right_child=6 11 4 5 -6 -7 -8 -9 -10 12 -12 -13 -14 -15
leaf_value=0.021424687926764423 -0.0058700719747562984 -0.0093938709984635257 0.00060814591651765391 0.0040128202188034071 0.044359415870782883 -0.029229225386697699 0.00053288073605987528 0.0044665671657468636 0.0027321685065627471 -0.021722719979587045 0.00092582723265385392 0.0011475140726475866 -0.0076952796339427526 -0.00039494716937932294
leaf_weight=2155.4753070790321 12964.07095478382 2101.9358448814601 331.38900319673121 719.51194234192371 562.36426731199026 621.39048453047872 37484.562435837463 4676.3043018933386 4287.4166143387556 1273.4199968518224 7561.7387276780792 31132.220706743654 4934.6269924954977 475.3606115821749
leaf_count=53774 1049410 162972 11662 8788 2683 5570 309793 109874 20861 206865 92581 1161087 215676 7296
internal_value=-9.29277e-05 0.00216777 0.0080439 0.00597166 0.028156 -0.0114022 -0.00150455 0.00916099 -0.0039653 -0.00504095 -0.00336653 0.000477923 -0.0105757 0.0174173
internal_weight=111282 42776 9541.8 8648.04 893.753 1340.9 68505.8 7307.14 31021.3 26733.9 20525.8 33234.2 6208.05 2630.84
internal_count=3418892 1523706 199647 185302 14345 14358 1895186 170944 1585393 1564532 1141991 1324059 422541 61070
cat_boundaries=0 1 2 3 4
cat_threshold=1107497024 3394371840 3145729 18908048
is_linear=0
shrinkage=0.03


Tree=137
num_leaves=15
num_cat=6
split_feature=7 27 17 16 27 9 7 28 6 27 1 16 27 27
split_gain=369.951 324.351 269.811 239.014 248.376 221.818 289.762 212.608 181.899 206.037 189.74 168.408 491.808 429.251
threshold=6.5000000000000009 0 34.500000000000007 12.500000000000002 1 1.0000000180025095e-35 2.5000000000000004 2 18.500000000000004 3 99.500000000000014 11.500000000000002 4 5
decision_type=2 9 8 2 9 2 2 9 2 9 2 2 9 9
left_child=1 2 -1 4 -2 -3 -7 -4 9 -6 -10 12 -12 -13
right_child=3 5 7 -5 8 6 -8 -9 10 -11 11 13 -14 -15
leaf_value=0.0012885344245417536 -0.0089896681111092513 0.00038730155009494713 0.029320939379388324 -0.0033851331535431337 0.016888691898661521 0.039524095376835613 0.006096286819392862 0.009784421853383669 -0.0067659114670661309 0.00078155664852716945 -0.025737099830470719 0.046153344531665932 0.0022960083298187621 -0.0039643390640722517
leaf_weight=3466.6023900429718 2179.3355010105297 46022.280214637285 582.87864039279521 32391.847797484603 1387.6842684531584 266.41543831909075 1838.7171026181895 3601.6365713523701 2732.4934984501451 1476.0581730068661 575.99413903430104 253.04019485786557 13931.438237594441 371.21681893803179
leaf_count=32377 165833 768753 11837 1403087 17798 2014 30261 61201 365584 32301 3688 1275 500163 22178
internal_value=1.22353e-05 0.00173609 0.00746905 -0.00172657 0.000618761 0.000822829 0.0103435 0.0126055 0.00163293 0.00865145 0.000508305 0.00182225 0.00116515 0.0170667
internal_weight=111078 55778.5 7651.12 55299.1 22907.3 48127.4 2105.13 4184.52 20727.9 2863.74 17864.2 15131.7 14507.4 624.257
internal_count=3418350 906443 105415 2511907 1108820 801028 32275 73038 942987 50099 892888 527304 503851 23453
cat_boundaries=0 2 3 4 5 6 7
cat_threshold=195266624 11 19956625 3145984 1250037824 131072 131072
is_linear=0
shrinkage=0.03


Tree=138
num_leaves=15
num_cat=1
split_feature=8 17 1 10 7 1 11 16 29 6 1 7 16 6
split_gain=355.237 281.629 321.681 260.836 370.217 239.131 270.242 238.631 233.862 183.831 173.746 220.281 183.162 332.336
threshold=4.5000000000000009 29.500000000000004 60.000000000000007 1.0000000180025095e-35 2.5000000000000004 99.500000000000014 112.50000000000001 12.500000000000002 0 16.500000000000004 99.500000000000014 12.500000000000002 11.500000000000002 19.500000000000004
decision_type=2 8 2 2 2 2 2 2 9 2 2 2 2 2
left_child=1 -1 8 5 -5 6 -4 9 -3 -2 -11 12 -12 -14
right_child=7 2 3 4 -6 -7 -8 -9 -10 10 11 -13 13 -15
leaf_value=-0.00089609324312645467 0.015124227308340217 0.019504504935209256 -0.011667158856367654 0.048911556625242505 0.0079707370838359298 0.002294265926607573 0.0097975718834772182 -0.004024081151418636 0.0036714285363531069 -0.0066001512059994131 0.0041003243733986963 -0.0012402320197295107 0.00070308052183784791 0.043131574817634216
leaf_weight=28750.372890747618 729.58182425796986 1739.7101795375347 2269.1658354529645 217.97859519626945 2164.4215014865622 27919.164325048681 687.00091387564316 25800.161302607739 1646.2341937348247 3187.5329313790426 4090.332961040549 11096.65011115279 346.17460986226797 318.56005361769348
leaf_count=213630 3164 48230 223159 1683 30473 239487 53183 1435231 17071 431919 105684 604062 9456 2099
internal_value=-9.04209e-05 0.00132653 0.00307036 0.0021733 0.0117356 0.0014351 -0.00667722 -0.00212381 0.0118783 0.000356302 -0.000210367 0.00107485 0.00647657 0.0210703
internal_weight=110963 65394 36643.7 33257.7 2382.4 30875.3 2956.17 45569 3385.94 19768.8 19039.3 15851.7 4755.07 664.735
internal_count=3418531 826916 613286 547985 32156 515829 276342 2591615 65301 1156384 1153220 721301 117239 11555
cat_boundaries=0 1
cat_threshold=44
is_linear=0
shrinkage=0.03


Tree=139
num_leaves=15
num_cat=1
split_feature=27 18 18 17 8 1 16 6 16 16 11 11 11 7
split_gain=326.767 349.847 313.176 258.725 278.266 237.163 370.267 401.916 363.273 283.873 232.369 664.97 494.382 305.252
threshold=0 1.0000000180025095e-35 24.500000000000004 28.500000000000004 1.5000000000000002 846.50000000000011 25.500000000000004 5.5000000000000009 15.500000000000002 94.500000000000014 660.50000000000011 607.50000000000011 694.50000000000011 15.500000000000002
decision_type=9 10 10 8 2 2 2 2 2 2 2 2 2 2
left_child=2 -2 -1 -3 -5 6 7 10 -9 -8 11 13 -12 -4
right_child=1 3 5 4 -6 -7 9 8 -10 -11 12 -13 -14 -15
leaf_value=0.0028804297100696475 0.023000096242761052 -0.00088991357182430567 0.0025352430731413462 0.0065191689488816344 0.0009884470711438388 0.0022864909386526083 -0.022110584255585479 -0.0030503952533673688 -0.013942880371425395 -0.0054037697847600045 0.044261887361501925 -0.031571943984484298 -0.01251503871162426 0.030465608072822323
leaf_weight=7833.6527605559677 651.3105062302202 36336.669574254192 3925.8904427029192 11614.266112254001 27742.852875718847 4562.1414098665118 1870.244919095654 9141.6221757070161 3944.2328959233128 1793.4732354413718 342.38059062696993 496.99254835955799 230.19714436680079 385.89924993738532
leaf_count=447877 18022 448895 17755 100669 537490 22336 267113 1002543 538297 10505 1570 3062 1396 1781
internal_value=2.85859e-05 0.00112383 -0.00239279 0.000935439 0.00262068 -0.00394128 -0.00522514 -0.00349634 -0.00633433 -0.0139359 0.00340471 0.00125165 0.0214535 0.00504146
internal_weight=110872 76345.1 34526.7 75693.8 39357.1 26693.1 22130.9 18467.2 13085.9 3663.72 5381.36 4808.78 572.578 4311.79
internal_count=3419311 1105076 2314235 1087054 638159 1866358 1844022 1566404 1540840 277618 25564 22598 2966 19536
cat_boundaries=0 1
cat_threshold=2171634585
is_linear=0
shrinkage=0.03


Tree=140
num_leaves=15
num_cat=5
split_feature=7 28 27 11 4 1 16 6 27 16 27 11 9 27
split_gain=327.656 272.368 229.317 233.482 225.948 290.071 205.593 232.047 223.025 672.138 204.715 195.473 195.126 212.56
threshold=7.5000000000000009 0 1 112.50000000000001 1.0000000180025095e-35 146.00000000000003 12.500000000000002 18.500000000000004 2 11.500000000000002 3 243.50000000000003 1.0000000180025095e-35 4
decision_type=2 9 9 2 2 2 2 2 9 2 9 2 2 9
left_child=1 12 3 4 -3 -6 7 10 9 -9 -2 -8 13 -1
right_child=6 2 -4 -5 5 -7 11 8 -10 -11 -12 -13 -14 -15
leaf_value=0.020583559933895185 0.017243703688386874 -0.028308317671532694 0.001878632558665448 -7.710439782654395e-05 -0.013114951686055058 0.0055659950029802634 -0.016049764903360048 -0.012186021692132828 0.00070052803696945166 0.040143337724203809 0.00064404119893603803 -0.0029626856737226303 0.030562800060028917 0.0037505025144784904
leaf_weight=796.94807805866003 1285.978249068372 478.2652802541852 42007.61025602743 8638.3924181277398 2026.1177653223276 1184.8999332285021 1064.5528281778097 2850.2988295592368 15637.775208288804 238.48811034485698 1393.6788949351758 28571.201450623572 321.37821043469012 4213.9578762520105
leaf_count=12821 16805 2938 366996 275368 198480 31114 72014 169528 842260 1370 31159 1252717 5320 139536
internal_value=-5.06218e-05 0.00145886 0.00082286 -0.00277324 -0.00909199 -0.0062219 -0.00181519 0.000425074 -0.000756624 -0.0081077 0.00868048 -0.00343332 0.0079219 0.0064798
internal_weight=110710 59667.6 54335.3 12327.7 3689.28 3211.02 51042 21406.2 18726.6 3088.79 2679.66 29635.8 5332.28 5010.91
internal_count=3418426 1032573 874896 507900 232532 229594 2385853 1061122 1013158 170898 47964 1324731 157677 152357
cat_boundaries=0 1 2 3 4 5
cat_threshold=3147776 2689646984 53642000 1250038336 33685504
is_linear=0
shrinkage=0.03


Tree=141
num_leaves=15
num_cat=3
split_feature=14 15 28 11 1 11 18 6 6 18 27 27 18 2
split_gain=326.541 289.796 216.871 212.605 260.411 431.234 312.645 312.153 214.927 218.842 198.93 187.658 172.018 170.089
threshold=1.0000000180025095e-35 1.5000000000000002 0 518.50000000000011 99.500000000000014 478.50000000000006 inf 5.5000000000000009 5.5000000000000009 24.500000000000004 1 2 493.50000000000006 124.50000000000001
decision_type=2 2 9 2 2 2 8 2 2 8 9 9 10 2
left_child=2 3 10 4 5 8 -6 -7 9 -2 12 -8 -1 -13
right_child=1 -3 -4 -5 6 7 11 -9 -10 -11 -12 13 -14 -15
leaf_value=0.019847531093841825 0.059233034276123378 0.0044345527886282318 -0.0020720609168778264 -0.003061600213369728 0.00052097287041996633 0.040138901076612075 0.024441971588259344 -0.0090107521970057489 -0.0080179978309525279 -0.00091374042988472603 -0.002353395054538839 0.058393057293222396 0.000123775138718586 0.0022395456762952805
leaf_weight=2023.672705732286 53.965373650193214 9951.8764183798339 1421.1957934498787 29533.025944727007 50883.038913254393 337.65667834808119 757.92286127572879 176.64164081634954 7583.7325565749779 5737.6757476439234 685.22814272344112 49.971576038748026 495.32927952334285 1023.0970330638811
leaf_count=52179 281 102622 13340 1275462 705092 7250 24706 20777 997496 196578 2913 283 7686 12063
internal_value=-9.82819e-05 -0.00043851 0.00770359 -0.000943001 -3.55153e-06 -0.00365782 0.000959368 0.0232732 -0.00469501 -0.000343176 0.0120078 0.0131354 0.0159076 0.00486122
internal_weight=110714 106089 4625.43 96136.7 66603.7 13889.7 52714 514.298 13375.4 5791.64 3204.23 1830.99 2519 1073.07
internal_count=3418728 3342610 76118 3239988 1964526 1222382 742144 28027 1194355 196859 62778 37052 59865 12346
cat_boundaries=0 1 2 3
cat_threshold=2113697 2449473536 4098238464
is_linear=0
shrinkage=0.03


Tree=142
num_leaves=15
num_cat=4
split_feature=8 27 28 15 18 5 27 27 14 7 7 18 7 10
split_gain=291.934 341.584 258.901 237.885 189.538 181.976 201.839 167.839 163.874 156.852 151.819 144.986 141.358 194.562
threshold=1.5000000000000002 0 1 1.5000000000000002 786.50000000000011 1.0000000180025095e-35 2 3 180.15625000000003 19.500000000000004 1.5000000000000002 112.50000000000001 6.5000000000000009 1.0000000180025095e-35
decision_type=2 9 9 2 10 2 9 9 2 2 2 8 2 2
left_child=1 2 4 5 -1 7 -7 -2 9 11 -4 -9 13 -13
right_child=3 -3 10 -5 -6 6 -8 8 -10 -11 -12 12 -14 -15
leaf_value=0.021641215016979867 -0.0099383221166888837 0.0011666489116085544 -0.0041316010563129486 0.0036852766864176626 -0.002333475223997016 0.0027411462549977667 0.02629965437950444 -0.005218911628593924 -0.0078003353189180771 -0.0043703410048338328 0.010834031453672035 0.0015232930190638883 -0.001267798984023097 0.017461037605624431
leaf_weight=1795.0935008376837 2221.6840715955477 26648.173091784585 1227.4090511575341 8844.5682529844344 355.30501354672015 2516.6973281241953 366.68578420951962 5223.5849684970453 3592.312572165858 11504.553929247893 1211.1607000380754 16637.340492659481 27756.354648237582 718.17894396162592
leaf_count=50073 164099 217465 11956 95984 5360 10492 1560 165803 48535 797586 7927 411101 1416356 15172
internal_value=1.44773e-05 0.00247125 0.0100208 -0.000952294 0.0175989 -0.00153384 0.00584589 -0.00184844 -0.00157185 -0.00121017 0.00328927 -0.000487812 6.01144e-05 0.00218377
internal_weight=110619 31237.1 4588.97 79382 2150.4 70537.4 2883.38 67654 65432.3 61840 2438.57 50335.5 45111.9 17355.5
internal_count=3419469 292781 75316 3126688 55433 3030704 12052 3018652 2854553 2806018 19883 2008432 1842629 426273
cat_boundaries=0 2 3 4 5
cat_threshold=597889024 9 3145857 1678839808 559973136
is_linear=0
shrinkage=0.03


Tree=143
num_leaves=15
num_cat=3
split_feature=14 28 7 9 7 29 16 1 16 16 11 29 2 11
split_gain=270.32 227.231 217.84 307.458 312.275 207.813 182.256 180.275 397.037 334.789 692.524 263.024 230.826 204.327
threshold=1.0000000180025095e-35 0 17.500000000000004 1.0000000180025095e-35 2.5000000000000004 1 17.500000000000004 99.500000000000014 25.500000000000004 24.500000000000004 478.50000000000006 2 124.50000000000001 92.500000000000014
decision_type=2 9 2 2 2 9 2 2 2 2 2 9 2 2
left_child=1 5 3 7 -5 -1 -4 8 9 -2 13 12 -9 -11
right_child=2 -3 6 4 -6 -7 -8 11 -10 10 -12 -13 -14 -15
leaf_value=0.022765032751890346 -0.0055637051452518092 -0.0029904392259124022 -0.00089616125307412906 0.037712256916780471 0.0044520873080093094 0.0062276498190092068 -0.0070767897026797078 0.059396660407605432 -0.020491410215756959 -0.012779513032661121 0.051710214247196358 -0.00018402489483848749 0.006497780428962931 0.0046360477718128592
leaf_weight=1007.9226379431784 8158.1581365163438 1391.5028772950172 10889.914616288152 260.1858922787942 9341.4844495728612 2166.3252902589738 7088.7435780728702 74.547791951568797 1127.2815567497164 729.06830603349954 263.34942314261571 60060.319884698838 4351.2559480750933 3575.9222650681622
leaf_count=35095 962055 13042 657566 1798 193760 28016 441593 2874 175026 7118 1470 675418 191540 32498
internal_value=-1.63637e-05 0.00713009 -0.00032448 0.000290682 0.0053572 0.0115393 -0.00333336 -0.000330353 -0.00343512 -0.00192282 0.00457887 0.000336698 0.00738534 0.00168437
internal_weight=110486 4565.75 105920 87941.6 9601.67 3174.25 17978.7 78339.9 13853.8 12726.5 4568.34 64486.1 4425.8 4304.99
internal_count=3418869 76153 3342716 2243557 195558 63111 1099159 2047999 1178167 1003141 41086 869832 194414 39616
cat_boundaries=0 1 2 3
cat_threshold=2114441 4 40
is_linear=0
shrinkage=0.03


Tree=144
num_leaves=15
num_cat=3
split_feature=7 27 28 17 14 10 7 16 11 1 27 6 6 6
split_gain=273.808 250.813 281.171 190.319 152.253 144.561 359.17 141.463 143.875 273.675 216.868 184.036 152.336 127.544
threshold=17.500000000000004 0 1 25.500000000000004 70.785714285714292 1.0000000180025095e-35 2.5000000000000004 15.500000000000002 666.50000000000011 146.00000000000003 2 5.5000000000000009 4.5000000000000009 5.5000000000000009
decision_type=2 9 9 8 2 2 2 2 2 2 9 2 2 2
left_child=1 5 -3 -4 -5 13 -7 -2 10 11 -9 12 -10 -1
right_child=7 2 3 4 -6 6 -8 8 9 -11 -12 -13 -14 -15
leaf_value=0.0015024059488535555 -0.001016644666949022 0.025640255307907936 -0.00014391061551895573 0.011141100715563452 0.0030434144570703524 0.04165220413906813 0.0023551661855521129 -0.013628615371088747 -0.022958266235945525 -0.005075637785260682 -0.0022031190341080566 -0.012409707076172564 0.041291875268358064 -0.0022803924704868704
leaf_weight=10520.6094263962 9840.505145246163 447.28084336593747 19910.694089428987 2318.1149637112394 21148.133001057431 219.47211795812473 4144.1384688357357 3433.4942850582302 37.08568112575449 1588.4757655696012 2668.7206434961408 103.35918687190861 276.2280551046133 33766.23724933574
leaf_count=274581 587108 12970 156112 51375 190092 1708 123916 273860 7353 78533 132618 17195 1918 1509445
internal_value=-4.35026e-05 0.000614635 0.00226047 0.00201295 0.00384379 -0.000868227 0.00434074 -0.00343434 -0.00636839 0.000603253 -0.00865895 0.0222131 0.033638 -0.00138175
internal_weight=110423 92474.7 43824.2 43376.9 23466.2 48650.5 4363.61 17947.9 8107.36 2005.15 6102.21 416.673 313.314 44286.8
internal_count=3418784 2320199 410549 397579 241467 1909650 125624 1098585 511477 104999 406478 26466 9271 1784026
cat_boundaries=0 1 2 3
cat_threshold=3312714654 2097152 2987526400
is_linear=0
shrinkage=0.03


Tree=145
num_leaves=15
num_cat=3
split_feature=16 6 7 29 28 28 18 18 16 1 1 6 16 7
split_gain=270.39 395.949 258.833 208.765 228.992 157.023 401.656 747.967 321.94 165.282 148.35 370.897 604.564 579.578
threshold=12.500000000000002 16.500000000000004 17.500000000000004 0 1 2 1717.5000000000002 1670.5000000000002 11.500000000000002 138.50000000000003 138.50000000000003 5.5000000000000009 25.500000000000004 15.500000000000002
decision_type=2 2 2 9 9 9 10 10 2 2 2 2 2 2
left_child=1 3 10 -1 -5 6 7 -3 -8 -7 11 12 13 -2
right_child=2 5 -4 4 -6 9 8 -9 -10 -11 -12 -13 -14 -15
leaf_value=0.0049841507568833274 0.0031557990008618249 0.006765707017013985 -0.0056639776807656623 0.023057866429932107 -0.00073556535113149485 -0.005692868332387295 -0.0085424485772666887 -0.03830838560362964 0.042752216435822693 0.00085795778434166921 0.00032856197555117885 -0.010193235301271759 -0.01836428453815828 0.046322617566134656
leaf_weight=3511.5592656061053 4655.4864123668522 3610.1613759445027 9753.7129489933141 1488.5756318811327 489.06675661727786 3948.3884071246721 148.18328218068928 363.81490139849484 424.4254932613112 28341.988909275271 47681.932241031667 4445.4256063671783 1152.3676863706205 296.85828341543674
leaf_count=30808 20562 190983 622290 47617 4125 505478 6381 2283 2346 734177 523531 535588 191521 1242
internal_value=3.05909e-05 0.00191296 -0.00114133 0.00942882 0.0172023 0.000792764 0.00600539 0.0026306 0.0294861 5.67697e-05 -0.000383715 -0.00360262 0.00119752 0.00575218
internal_weight=110312 42326.2 67985.8 5489.2 1977.64 36837 4546.59 3973.98 572.609 32290.4 58232.1 10550.1 6104.71 4952.34
internal_count=3418932 1524198 1894734 82550 51742 1441648 201993 193266 8727 1239655 1272444 748913 213325 21804
cat_boundaries=0 1 2 3
cat_threshold=18 2621441 3145728
is_linear=0
shrinkage=0.03


Tree=146
num_leaves=15
num_cat=4
split_feature=7 18 28 16 27 18 16 11 27 16 1 1 14 27
split_gain=262.709 279.795 246.516 214.293 199.597 206.02 248.224 188.268 185.222 163.839 157.314 156.486 152.726 150.815
threshold=6.5000000000000009 94.500000000000014 0 16.500000000000004 1 786.50000000000011 9.5000000000000018 246.50000000000003 2 9.5000000000000018 99.500000000000014 99.500000000000014 154.11032388663969 3
decision_type=2 8 9 2 9 10 2 2 9 2 2 2 2 9
left_child=1 13 -3 8 5 6 -4 10 -2 -7 -5 -10 -13 -1
right_child=3 2 4 7 -6 9 -8 -9 11 -11 -12 12 -14 -15
leaf_value=-0.026004202059588276 -0.0081518174231661172 9.949376891602134e-05 0.020949014127526283 -0.021272358841422687 0.0034305461965120202 -0.0077767454757883339 -0.0048566105988621482 -0.0027871223608442082 -0.0042708612852907397 0.019993437630113287 -0.0034829037703066308 0.0030955974193179656 -0.0036064967156751435 -0.0024999108503104494
leaf_weight=241.33439813740551 2156.037010172382 21577.304458522005 1881.8591426983476 944.91922237048857 20625.953026474919 699.29559912253171 407.79885529354215 24162.283197710291 4292.3648730642162 262.02172261476517 849.75859430152923 18495.212758738082 3665.8601158140227 9876.7502499150578
leaf_count=1823 167780 181321 47365 77201 452893 8263 1995 978984 514521 1200 28937 683508 60869 211704
internal_value=-3.14636e-05 0.00142038 0.0024247 -0.00151007 0.00452393 0.011426 0.0163528 -0.00348375 0.000280689 -0.000194647 -0.0128559 0.000970961 0.00198683 -0.00309121
internal_weight=110139 55572.3 45454.2 54566.4 23876.9 3250.98 2289.66 25957 28609.5 961.317 1794.68 26453.4 22161.1 10118.1
internal_count=3418364 906564 693037 2511800 511716 58823 49360 1085122 1426678 9463 106138 1258898 744377 213527
cat_boundaries=0 1 3 4 5
cat_threshold=754262 44204032 9 19956499 4243456
is_linear=0
shrinkage=0.03


Tree=147
num_leaves=15
num_cat=2
split_feature=27 18 6 28 1 6 16 11 11 9 11 7 16 17
split_gain=260.868 251.603 209.498 175.799 211.698 361.405 604.093 435.254 365.712 258.611 349.032 252.494 212.547 174.052
threshold=0 1.0000000180025095e-35 29.500000000000004 1 146.00000000000003 5.5000000000000009 25.500000000000004 668.50000000000011 607.50000000000011 1.0000000180025095e-35 457.50000000000006 15.500000000000002 8.5000000000000018 28.500000000000004
decision_type=9 10 2 9 2 2 2 2 2 2 2 2 2 8
left_child=3 2 -2 -1 5 6 7 8 11 10 -6 -5 -7 -3
right_child=1 13 -4 4 9 12 -8 -9 -10 -11 -12 -13 -14 -15
leaf_value=0.002869103173082694 0.032596449973635762 -0.00037683774718990824 -0.0079993933207560819 0.0021745701068355181 0.0002008114220436878 -0.003237996248866816 -0.024104719133029286 0.039780800130548334 -0.03354896820511799 0.0042702522308266603 -0.0064022522181214278 0.031898254686739992 -0.014696858032175361 0.0030902035427002525
leaf_weight=7506.9133163650986 411.18927906360477 26945.466611063108 157.89379520900548 3526.2351759038866 20310.416713042883 2306.4954979349859 775.34210447221994 294.43012285418808 242.93783626519144 6902.3346243673004 11164.360520453891 276.46671538241208 3957.0388777854387 25236.249902526382
leaf_count=422541 11893 298374 4276 15677 285864 338656 178554 1341 1370 198182 568047 1211 673879 418865
internal_value=-5.67007e-06 0.00151622 0.0213387 -0.00140766 -0.00205341 -0.00564734 0.000268938 0.00462778 0.00206024 -0.000988212 -0.00214148 0.00434338 -0.0104784 0.00129993
internal_weight=110014 52750.8 569.083 57263 49756.1 11378.9 5115.41 4340.07 4045.64 38377.1 31474.8 3802.7 6263.53 52181.7
internal_count=3418730 733408 16169 2685322 2262781 1210688 198153 19599 18258 1052093 853911 16888 1012535 717239
cat_boundaries=0 1 2
cat_threshold=2373190077 2115584
is_linear=0
shrinkage=0.03


Tree=148
num_leaves=15
num_cat=3
split_feature=7 28 15 16 6 28 11 6 9 1 2 7 28 7
split_gain=254.891 204.695 234.141 170.394 189.439 163.055 159.428 163.488 151.567 153.555 149.637 136.051 135.812 131.176
threshold=7.5000000000000009 0 1.0000000180025095e-35 12.500000000000002 18.500000000000004 1 243.50000000000003 6.5000000000000009 1.0000000180025095e-35 60.000000000000007 99.500000000000014 17.500000000000004 2 1.5000000000000002
decision_type=2 9 2 2 2 9 2 2 2 2 2 2 9 2
left_child=1 8 12 4 5 -2 7 10 9 -1 -5 -8 -3 -14
right_child=3 2 -4 6 -6 -7 11 -9 -10 -11 -12 -13 13 -15
leaf_value=0.030036318654930057 0.032549576085281161 -0.0040016504184731743 0.0042917844103659373 -0.03586841910463108 -0.00056155208019367255 0.0056995359747512662 -0.0010928624214883752 -0.0024445905013046219 0.029064426445055087 0.0047404886284001645 0.00013360284499311847 -0.0054835513977596496 0.0027311591158289731 -0.00100901019942836
leaf_weight=229.38220663927495 213.31448119739071 7108.2238241971936 13698.086448156275 387.06164758489467 18560.861374260392 2427.4470485625789 18523.462948207743 511.24047223757952 282.99229776067659 3469.1161531168036 141.88526629842818 9665.3968946302775 14449.322306814836 20287.876221135957
leaf_count=9844 1375 69967 134864 18536 1012213 46312 629884 47592 4977 133136 5936 622412 165855 514595
internal_value=2.99757e-05 0.00135946 0.000887405 -0.00153926 0.000508235 0.00802471 -0.00302439 -0.0145529 0.00792086 0.00631704 -0.0262292 -0.00259848 -0.000226882 0.000546631
internal_weight=109956 59525 55543.5 50430.7 21201.6 2640.76 29229 1040.19 3981.49 3698.5 528.947 28188.9 41845.4 34737.2
internal_count=3417498 1033238 885281 2384260 1059900 47687 1324360 72064 147957 142980 24472 1252296 750417 680450
cat_boundaries=0 1 2 3
cat_threshold=2099200 1048576 1049108
is_linear=0
shrinkage=0.03


Tree=149
num_leaves=15
num_cat=4
split_feature=16 6 27 27 6 1 16 1 28 29 16 8 11 11
split_gain=231.637 352.833 327.673 286.737 298.463 257.02 232.39 426.085 203.328 166.736 177.876 231.721 352.345 498.145
threshold=12.500000000000002 18.500000000000004 0 1 5.5000000000000009 99.500000000000014 25.500000000000004 99.500000000000014 2 3 24.500000000000004 3.5000000000000004 183.50000000000003 243.50000000000003
decision_type=2 2 9 9 2 2 2 2 9 9 2 2 2 2
left_child=1 8 -3 4 6 -6 9 -8 -1 10 -2 -12 -13 -14
right_child=3 2 -4 -5 5 -7 7 -9 -10 -11 11 12 13 -15
leaf_value=0.023158413073666288 0.035151353143055647 -0.0091035779903825588 0.0013388283506818427 0.00068439528486189023 -0.012174062582802701 -0.0036956608620097092 -0.021407596627041729 0.0010772110067469971 0.0059679247371905728 -0.011046595520363578 -0.0097001702291282122 0.025843837349454092 -0.022492088462076603 0.0072481553364663115
leaf_weight=670.70009616715834 172.90703703835607 2948.777823635377 31346.670714801177 37414.870986901224 4071.356979829492 15346.636993573513 1065.3123837469611 2627.3557886974886 7250.2138738529757 611.84099254570901 901.76724548451602 747.05340773612261 574.11108750477433 4272.8857972882688
leaf_count=17927 1033 168812 1213924 308483 577048 585971 202904 175336 124129 14219 4710 3122 2435 19748
internal_value=1.21025e-05 0.00175661 0.00043847 -0.00107405 -0.00323799 -0.00547386 0.000715751 -0.00541356 0.00746303 0.00382482 0.00519946 0.00440491 0.00668 0.00372161
internal_weight=110022 42216.4 34295.4 67806.1 30391.2 19418 10973.2 3692.67 7920.91 7280.57 6668.72 6495.82 5594.05 4847
internal_count=3419801 1524792 1382736 1895009 1586526 1163019 423507 378240 142056 45267 31048 30015 25305 22183
cat_boundaries=0 1 2 3 4
cat_threshold=589333265 3394371904 3145856 40
is_linear=0
shrinkage=0.03


Tree=150
num_leaves=15
num_cat=3
split_feature=8 17 27 18 10 11 5 27 18 27 6 1 14 1
split_gain=237.127 248.105 333.055 215.969 193.013 267.073 146.229 183.718 129.987 127.866 168.32 302.445 126.416 125.752
threshold=2.5000000000000004 29.500000000000004 0 786.50000000000011 1.0000000180025095e-35 32.500000000000007 1.0000000180025095e-35 1 699.50000000000011 2 13.500000000000002 99.500000000000014 141.55277777777781 99.500000000000014
decision_type=2 8 9 10 2 2 2 9 8 9 2 2 2 2
left_child=1 -1 3 8 13 -6 9 -8 -3 -2 -11 -12 -13 -4
right_child=6 2 4 -5 5 -7 7 -9 -10 10 11 12 -14 -15
leaf_value=-0.00094164506710839465 -0.0087475534254472104 0.013485757438958657 -0.0062247306384131387 0.001819137121657435 0.048840890011203314 0.0075279040897219757 0.0025182960222221553 0.025110675948335621 0.030183943884143003 -0.0028711722099082756 -0.0061857968998344243 0.0059021964304002365 0.00061102405670127394 0.0023343234892019152
leaf_weight=18514.408927460201 2068.5952974779066 1879.4505143277347 1677.2529966449365 1237.1902531040832 177.75958978896961 666.21150582050905 2333.1544857770205 366.67386113107204 540.83264401182532 28363.105818669079 5411.5318943127058 4974.3855864456855 22183.673759969417 19450.315457331482
leaf_count=120328 164689 43758 136014 12065 1466 8434 9629 1552 12107 1194580 704116 211990 661082 137096
internal_value=4.01908e-06 0.00170449 0.00361603 0.0119849 0.00221596 0.0162769 -0.00113851 0.00569711 0.017228 -0.00143152 -0.00118139 0.00028984 0.00158036 0.00165458
internal_weight=109845 44143.4 25629 3657.47 21971.5 843.971 65701.1 2699.83 2420.28 63001.3 60932.7 32569.6 27158.1 21127.6
internal_count=3418906 471268 350940 67930 283010 9900 2947638 11181 55865 2936457 2771768 1577188 873072 273110
cat_boundaries=0 2 3 4
cat_threshold=597889088 9 1678856192 555778832
is_linear=0
shrinkage=0.03


Tree=151
num_leaves=15
num_cat=5
split_feature=7 9 7 14 28 27 29 27 5 18 18 27 7 16
split_gain=217.088 222.133 261.093 203.132 147.649 197.799 159.96 145.829 193.988 154.889 145.733 176.093 159.548 214.822
threshold=17.500000000000004 1.0000000180025095e-35 2.5000000000000004 98.763157894736864 0 1 2 3 1.0000000180025095e-35 955.50000000000011 112.50000000000001 4 6.5000000000000009 25.500000000000004
decision_type=2 2 2 2 9 9 9 9 2 10 8 9 2 2
left_child=1 3 -3 4 5 6 -1 8 9 -2 11 -5 -12 -14
right_child=7 2 -4 10 -6 -7 -8 -9 -10 -11 12 -13 13 -15
leaf_value=0.018559804951295129 -0.00054997588072270925 0.033599761018045515 0.004050705608120252 -0.019991981264271656 -0.00036175592581064555 -0.0029908765260201258 0.004866979214267605 0.00055844184482371491 0.018777605943760343 -0.0081947768104949185 0.0014766573103085099 -0.0027542795221669738 -0.00041683550868333943 -0.0076182483087288266
leaf_weight=1692.3120727008209 3508.7420347884763 276.10974474484101 9369.4384011072107 555.38502314221114 2773.558920620475 1005.926059152931 1444.2094305134378 6471.2807909990661 297.21670080721378 7449.1906592394225 36385.103362387978 9436.5104957597796 24707.283824226819 4389.6147992466576
leaf_count=49427 226592 2110 194153 9079 22259 5940 17591 256375 1251 615083 547865 221621 1060787 189478
internal_value=7.18657e-06 0.000592721 0.00489996 8.8411e-05 0.00500893 0.00858422 0.012294 -0.00303277 -0.00509341 -0.00574718 -0.000362538 -0.00373708 0.000152432 -0.00150348
internal_weight=109762 92035.5 9645.55 82389.9 6916.01 4142.45 3136.52 17726.4 11255.1 10957.9 75473.9 9991.9 65482 29096.9
internal_count=3419611 2320310 196263 2124047 95217 72958 67018 1099301 842926 841675 2028830 230700 1798130 1250265
cat_boundaries=0 1 2 3 4 5
cat_threshold=2118049 2449735680 36 3107111241 575684608
is_linear=0
shrinkage=0.03


Tree=152
num_leaves=15
num_cat=2
split_feature=28 4 18 12 18 7 5 17 2 7 15 28 7 10
split_gain=213.389 221.294 344.968 337.306 200.791 190.586 187.05 164.177 152.948 131.902 130.465 139.222 177.266 128.73
threshold=0 1.0000000180025095e-35 1.0000000180025095e-35 0.42481203007518803 24.500000000000004 15.500000000000002 1.0000000180025095e-35 34.500000000000007 239.00000000000003 3.5000000000000004 2.5000000000000004 1 1.5000000000000002 1.0000000180025095e-35
decision_type=9 2 10 2 10 2 2 10 2 2 2 9 2 2
left_child=-1 2 -2 5 13 7 -6 10 9 -9 11 12 -4 -3
right_child=1 4 3 -5 6 -7 -8 8 -10 -11 -12 -13 -14 -15
leaf_value=-0.0031821021775782707 0.033062179463794188 0.0019833382844479733 0.0073669518407652908 0.011145393007041409 -0.0030418094643657966 -0.0059836323769843318 0.0055883136025849161 0.015433625158067201 -0.00041832893244493922 0.0028891272851126145 0.0084577803504520179 -0.00089450518845217387 0.00064718917472238364 0.017341374984310456
leaf_weight=16109.670901623555 314.20915624499321 7637.8485791673884 5016.181247074157 3133.2099900208414 27581.824458605377 3283.2538125663996 2461.1441690400243 1952.9670201521367 1766.2695539370179 1229.6579346060753 1960.4195170626044 24742.828829769045 11945.47444761917 523.98974630841985
leaf_count=336362 10427 441547 57581 23594 2186282 45195 10284 12201 8644 8682 10040 163856 87991 16322
internal_value=5.73525e-06 0.000555006 0.00176735 0.00158806 -0.00120107 0.00101085 -0.00233466 0.00148335 0.00666136 0.0105893 0.000896347 0.000540709 0.00263323 0.00297133
internal_weight=109659 93549.3 55344.5 55030.3 38204.8 51897.1 30043 48613.8 4948.89 3182.62 43664.9 41704.5 16961.7 8161.84
internal_count=3419008 3082646 428211 417784 2654435 394190 2196566 348995 29527 20883 319468 309428 145572 457869
cat_boundaries=0 1 2
cat_threshold=20 18689
is_linear=0
shrinkage=0.03


Tree=153
num_leaves=15
num_cat=4
split_feature=15 27 29 28 27 18 8 17 18 1 6 6 11 11
split_gain=219.189 342.901 243.708 222.776 218.28 229.022 196.45 148.848 154.764 140.468 367.196 361.923 368.368 305.295
threshold=1.0000000180025095e-35 0 1 2 3 493.50000000000006 2.5000000000000004 36.500000000000007 786.50000000000011 138.50000000000003 5.5000000000000009 4.5000000000000009 668.50000000000011 604.50000000000011
decision_type=2 9 9 9 9 10 2 10 10 2 2 2 2 2
left_child=2 -2 3 4 5 -1 7 -3 -9 10 11 -4 13 -13
right_child=1 6 9 -5 -6 -7 -8 8 -10 -11 -12 12 -14 -15
leaf_value=0.018810647369320234 -0.0054251604876155157 0.0055621773278671689 -0.016008172195309145 -0.0013841243307791749 0.0022101292706031188 -0.0069326351121210689 0.0016005417957447271 0.02891766888151499 0.005289905032485962 -0.0013665505701495294 -0.010562459624558247 0.003791769429263007 0.039063022736109891 -0.032621572279247557
leaf_weight=1430.468113899231 4760.5807824737858 8062.2030743653886 995.12015321315266 18136.009348249063 15555.359150200151 396.78845716360956 20141.2258450191 530.57007587328553 471.20525689702481 28894.562300096732 5800.2404244204517 3916.4005185454153 253.36271926155314 217.80134542658925
leaf_count=50039 171776 72225 153942 262812 441898 8180 405015 3639 4641 899413 902133 38385 1673 3574
internal_value=3.16653e-05 0.00203347 -0.000867774 0.000941611 0.00336749 0.0131478 0.00325015 0.00691879 0.0178202 -0.00247094 -0.00532631 0.000316948 0.00402237 0.00186599
internal_weight=109562 33965.8 75596.1 35518.6 17382.6 1827.26 29205.2 9063.98 1001.78 40077.5 11182.9 5382.68 4387.56 4134.2
internal_count=3419345 657296 2762049 762929 500117 58219 485520 80505 8280 1999120 1099707 197574 43632 41959
cat_boundaries=0 2 3 4 5
cat_threshold=24420634 2 38 2377987 1778393164
is_linear=0
shrinkage=0.03


Tree=154
num_leaves=15
num_cat=1
split_feature=28 4 18 12 7 16 6 16 2 2 2 18 18 17
split_gain=198.696 213.46 345.383 324.89 188.563 179.868 208.226 235.823 233.051 209.428 211.257 161.327 176.144 149.239
threshold=0 1.0000000180025095e-35 1.0000000180025095e-35 0.30217391304347835 15.500000000000002 9.5000000000000018 5.5000000000000009 25.500000000000004 99.500000000000014 99.500000000000014 60.000000000000007 24.500000000000004 53.500000000000007 31.500000000000004
decision_type=9 2 10 2 2 2 2 2 2 2 2 8 8 10
left_child=-1 2 -2 4 13 -3 7 11 -9 10 -8 -7 -13 -4
right_child=1 5 3 -5 -6 6 9 8 -10 -11 -12 12 -14 -15
leaf_value=-0.0031328558868904555 0.033230117788165585 0.001668627629012587 0.00063990629149045849 0.01027444262271265 -0.0062426316150760892 0.048757216977353149 0.0028549305386504436 -0.017627202479749918 0.000929137287495893 -0.0025258962314352591 -0.012983804334562627 -0.023141578228803895 0.0038946969234283061 0.0054172916979566286
leaf_weight=16405.195817760425 308.71762620657682 12456.414336638525 41266.780990997329 3520.930407743901 3160.125215344131 69.173179842531681 934.94660947471857 1088.5456519909203 1381.2437317767181 10882.608222419396 3994.1322388509288 222.93901305273175 6890.7574001830071 6862.8810108359903
leaf_count=344651 10403 911053 304708 26870 43724 391 6008 200180 157311 628196 700014 1584 42522 41056
internal_value=-8.99003e-05 0.000446962 0.00163887 0.00146033 0.000855074 -0.00128541 -0.00273044 0.000741595 -0.00725329 -0.00484995 -0.00997955 0.00349122 0.00304426 0.00132122
internal_weight=109445 93040.2 55119.4 54810.7 51289.8 37920.8 25464.3 9652.66 2469.79 15811.7 4929.08 7182.87 7113.7 48129.7
internal_count=3418671 3074020 426761 416358 389488 2647259 1736206 401988 357491 1334218 706022 44497 44106 345764
cat_boundaries=0 1
cat_threshold=262164
is_linear=0
shrinkage=0.03


Tree=155
num_leaves=15
num_cat=4
split_feature=7 18 28 14 8 27 27 18 8 8 17 27 18 18
split_gain=184.993 236.235 195.736 151.719 179.488 138.369 123.395 187.549 210.157 140.855 129.662 116.672 139.83 196.524
threshold=7.5000000000000009 94.500000000000014 0 154.11032388663969 2.5000000000000004 1 2 786.50000000000011 2.5000000000000004 4.5000000000000009 36.500000000000007 3 993.50000000000011 269.50000000000006
decision_type=2 8 9 2 2 9 9 10 2 2 8 9 10 8
left_child=1 5 -3 4 -2 -1 7 8 10 -9 -4 12 13 -6
right_child=3 2 6 -5 11 -7 -8 9 -10 -11 -12 -13 -14 -15
leaf_value=-0.025552312009638312 0.0070883434438993179 -0.000379553472617315 0.003979330270189243 -0.0053786908770280702 -0.012891835433432959 -0.0025355574517461387 0.0027627262769912768 -0.0043903013388826208 -0.0061663041371907475 0.028736755506854467 0.021859177284164644 0.00028713265692781065 -0.0062812281618433753 0.00042104680373357888
leaf_weight=230.21783217042685 2507.5879486631602 19550.49656278058 481.45358925126493 7291.9469776747283 1105.5742817334831 9828.4403693221975 26086.246911721071 1090.8524287017062 403.73736031539738 128.18625496607274 1515.1446721553802 22062.046395980753 7010.8933394397609 10167.218459174037
leaf_count=1577 23678 172899 5113 107531 114098 211717 583306 10667 2933 926 43733 590136 675108 875708
internal_value=-3.73399e-05 0.00109663 0.0019522 -0.00137866 -0.000697903 -0.00309276 0.00348573 0.00867255 0.0135615 -0.000886175 0.0175518 -0.001182 -0.0029532 -0.000885636
internal_weight=109460 59314.8 49256.1 50145.3 42853.3 10058.7 29705.6 3619.37 2400.34 1219.04 1996.6 40345.7 18283.7 11272.8
internal_count=3419130 1032871 819577 2386259 2278728 213294 646678 63372 51779 11593 48846 2255050 1664914 989806
cat_boundaries=0 1 2 4 5
cat_threshold=737876 4227072 44269568 9 2205188369
is_linear=0
shrinkage=0.03


Tree=156
num_leaves=15
num_cat=4
split_feature=15 28 8 27 18 17 27 11 16 27 8 11 9 8
split_gain=194.381 209.962 243.889 240.265 217.403 166.459 134.638 134.146 128.29 120.308 105.471 104.424 109.668 145.632
threshold=1.5000000000000002 0 1.5000000000000002 1 786.50000000000011 36.500000000000007 2 6.5000000000000009 13.500000000000002 3 2.5000000000000004 203.50000000000003 1.0000000180025095e-35 2.5000000000000004
decision_type=2 9 2 9 10 8 9 2 2 9 2 2 2 2
left_child=1 -1 3 4 5 -3 10 -6 9 -4 -2 12 -10 -14
right_child=6 2 8 -5 7 -7 -8 -9 11 -11 -12 -13 13 -15
leaf_value=-0.0038174705936492048 0.010256919884702956 0.0035610729601990923 -0.0075666242964328567 0.0014453828090467461 -0.010229653075234961 0.020657779925528686 -0.0042436831926434349 0.0091832035557711886 -0.00042244163945127108 0.0011873695055003729 0.0031371221792986714 -0.0032467263121831865 0.040394212686278179 0.004957696949685347
leaf_weight=13785.798404304776 2786.0938690137118 753.28225541859865 1486.0355039490387 21370.993270902429 615.77394516021013 1605.8974580802023 1507.9247681386769 665.60954624041915 10452.973737797234 25184.902824571356 5711.3317483691499 22778.760477308417 131.94714354211465 487.39338097651489
leaf_count=309756 16043 7995 124022 186607 7835 49562 33085 4828 297959 1170963 53959 1140719 1044 14544
internal_value=1.82579e-05 -0.000383259 0.000170712 0.0026626 0.00977478 0.0152027 0.0040036 -0.000146424 -0.000859093 0.000696963 0.00546603 -0.00208508 0.000304824 0.0125602
internal_weight=109325 99319.4 85533.6 25011.6 3640.56 2359.18 10005.4 1281.38 60522 26670.9 8497.43 33851.1 11072.3 619.341
internal_count=3418921 3315834 3006078 256827 70220 57557 103087 12663 2749251 1294985 70002 1454266 313547 15588
cat_boundaries=0 1 3 5 6
cat_threshold=4112 597819392 9 2669824000 8 18908049
is_linear=0
shrinkage=0.03


Tree=157
num_leaves=15
num_cat=3
split_feature=15 27 7 11 18 18 17 27 12 15 18 27 1 16
split_gain=187.711 314.773 202.818 197.164 218.907 216.334 176.807 173.096 153.735 165.625 145.447 144.812 123.528 108.598
threshold=1.0000000180025095e-35 0 3.5000000000000004 233.50000000000003 238.50000000000003 112.50000000000001 33.500000000000007 1 0.26491228070175443 2.5000000000000004 964.50000000000011 2 1100.0000000000002 25.500000000000004
decision_type=2 9 2 2 8 8 10 9 2 2 10 9 2 2
left_child=3 -2 6 5 -5 11 -3 -6 9 -4 12 -1 13 -9
right_child=1 2 8 4 7 -7 -8 10 -10 -11 -12 -13 -14 -15
leaf_value=-0.024802295868616958 -0.0030614211482653413 0.0066567349263264974 -0.0004500897574414573 -0.028947904873324045 -0.0073557384078442147 0.0022820992925537392 0.022640498269742845 0.00090321752475960252 0.0068449151846179017 0.0079795723379859542 -0.0033376835465137866 -0.0022081098328064147 0.0082115346872071934 -0.0057686345853757868
leaf_weight=250.7590807331726 8767.2443437383045 3407.4177275570109 13351.358943495667 275.18616302032024 4987.5242753901985 25095.978051097365 761.65509756281972 12508.437304295599 5140.3137258547358 2487.7244204615708 16939.29438889469 10871.946371294791 1720.7120366096497 2662.1486323974095
leaf_count=1986 276083 39085 90431 10820 91832 646261 5190 775012 233236 13070 812868 247840 8123 166172
internal_value=-2.15738e-05 0.00183163 0.00353731 -0.000856153 -0.0023336 0.000738572 0.00958157 -0.00214418 0.00233747 0.000874313 -0.00137309 -0.00274396 0.000596361 -0.000267868
internal_weight=109228 33915.7 25148.5 75312 39093.3 36218.7 4169.07 38818.1 20979.4 15839.1 33830.6 11122.7 16891.3 15170.6
internal_count=3418009 657095 381012 2760914 1864827 896087 44275 1854007 336737 103501 1762175 249826 949307 941184
cat_boundaries=0 2 4 5
cat_threshold=1643424018 2 101845316 8 4243456
is_linear=0
shrinkage=0.03


Tree=158
num_leaves=15
num_cat=2
split_feature=16 27 16 14 1 16 27 17 2 16 1 16 8 7
split_gain=206.54 257.152 380.363 423.453 392.867 359.335 230.844 185.703 159.348 233.166 185.703 182.882 163.398 284.09
threshold=12.500000000000002 0 11.500000000000002 149.89444444444447 149.50000000000003 8.5000000000000018 1 34.500000000000007 844.50000000000011 25.500000000000004 124.50000000000001 24.500000000000004 3.5000000000000004 6.5000000000000009
decision_type=2 9 2 2 2 2 9 8 2 2 2 2 2 2
left_child=1 2 3 7 -4 -5 8 -1 9 11 -11 -2 -13 -14
right_child=6 -3 4 5 -6 -7 -8 -9 -10 10 -12 12 13 -15
leaf_value=0.0018708026772625086 -0.0046615822595343151 0.0003500287305361008 -0.00050024659175497822 0.002847424707326191 0.041105598752685726 -0.028776761476164019 0.00048693203947056552 0.011811415948727909 0.0019784247037822693 -0.020296960011798908 -0.0066555918158453702 -0.0095872955991448874 0.019507907162966825 0.00066708414417600173
leaf_weight=3229.0202776929364 12299.068714805879 32967.948762298562 332.7305412478745 707.8070595189929 527.91060479357839 594.13037617877126 36948.173381983303 3551.8081505708396 4793.2406202107668 1104.5566152748652 4799.3062518464867 1062.9835180896334 826.68838541116565 5550.8910985128023
leaf_count=68597 1049461 1324371 11613 8796 2679 5464 307826 102322 23311 206743 215764 10824 8938 72616
internal_value=-7.84881e-05 0.00157511 0.00608337 0.00406973 0.0250385 -0.0115951 -0.00110698 0.00707868 -0.00304101 -0.00398046 -0.00921077 -0.00241575 0.00129668 0.00311199
internal_weight=109296 41911.4 8943.41 8082.77 860.641 1301.94 67384.9 6780.83 30436.7 25643.5 5903.86 19739.6 7440.56 6377.58
internal_count=3419325 1523842 199471 185179 14292 14260 1895483 170919 1587657 1564346 422507 1141839 92378 81554
cat_boundaries=0 1 2
cat_threshold=1107497024 3394371852
is_linear=0
shrinkage=0.03


Tree=159
num_leaves=15
num_cat=3
split_feature=15 7 10 18 27 18 18 17 16 27 6 1 27 15
split_gain=166.596 207.06 273.416 218.468 195.335 240.986 170.537 169.542 148.971 301.755 217.842 404.14 229.937 164.192
threshold=1.5000000000000002 2.5000000000000004 1.0000000180025095e-35 59.500000000000007 0 59.500000000000007 117.50000000000001 36.500000000000007 25.500000000000004 1 5.5000000000000009 99.500000000000014 2 1.0000000180025095e-35
decision_type=2 2 2 8 9 10 8 10 2 9 2 2 9 2
left_child=1 2 3 -1 6 -6 -5 -7 10 -10 12 13 -3 -12
right_child=-2 8 -4 4 5 7 -8 -9 9 -11 11 -13 -14 -15
leaf_value=-0.0033294413955624099 0.0036713500639040911 -0.0059279121857842903 0.032602364712133791 -0.023956645408660045 0.032984737596474627 0.0031744315088226235 -0.00021868137556761087 0.013723702728030281 -0.015715831201956972 -0.0023423039010907858 -0.010114430472664164 -0.00030293500047613313 0.0062934817052524936 0.0018236702025896719
leaf_weight=6841.5594169239048 9987.0912583149038 1738.853501226753 253.72403063531965 281.33574766968377 265.68554085865617 13850.198655658402 7725.0596311436966 1520.9518835330382 1783.3297081796918 9962.1138100568205 5917.397394742351 40825.731821945403 6689.5425343308598 1256.7757977074943
leaf_count=129584 103093 25347 1871 5826 10201 116340 98423 10905 301396 133802 918427 1413116 32192 115169
internal_value=-2.11736e-05 -0.000394038 0.00165007 0.0013914 0.00275753 0.00470692 -0.00105438 0.00421909 -0.00131571 -0.00438937 -0.000675864 -0.00145696 0.00377213 -0.00802314
internal_weight=108899 98912.3 30738.5 30484.8 23643.2 15636.8 8006.4 15371.2 68173.7 11745.4 56428.3 47999.9 8428.4 7174.17
internal_count=3415692 3312599 373150 371279 241695 137446 104249 127245 2939449 435198 2504251 2446712 57539 1033596
cat_boundaries=0 1 2 3
cat_threshold=2823840172 2182217728 1544912896
is_linear=0
shrinkage=0.03


Tree=160
num_leaves=15
num_cat=4
split_feature=27 17 14 18 28 4 12 16 1 12 28 17 28 17
split_gain=166.698 183.048 176.196 201.507 141.23 160.449 226.451 166.193 155.536 140.214 137.273 140.074 133.558 186.332
threshold=0 26.500000000000004 70.785714285714292 504.50000000000006 1 1.0000000180025095e-35 0.2752525252525253 25.500000000000004 124.50000000000001 0.85449735449735453 2 30.500000000000004 3 26.500000000000004
decision_type=9 8 2 10 9 2 2 2 2 2 9 10 9 10
left_child=1 -1 3 12 -2 6 10 9 -9 -7 -6 -12 -3 -14
right_child=4 2 -4 -5 5 7 -8 8 -10 -11 11 -13 13 -15
leaf_value=-0.00071071940208599228 0.0027956842163094015 0.022188706475940755 0.0021445208444462881 -0.00017065722701510843 0.0032045199076675985 -0.010245067410778972 0.0076695814936305496 -0.024730370582212009 -0.0060207129117378121 -0.0019854816658302489 -0.0043882679431340027 0.0016892229315744287 -0.067615642547748878 0.0080088897444912412
leaf_weight=24140.638403921388 7164.8413643015083 1141.6283779125661 26049.024702018593 902.89928263518959 5112.8845982439816 2020.9791366797872 3066.0823621973395 590.42808285495266 1237.7515995812137 21733.140948679531 10708.666043691337 5009.0098570138216 33.315187558531761 200.62049327604473
leaf_count=247064 413580 46952 417633 11601 33914 60577 23708 158920 141933 1761323 71864 29053 309 2089
internal_value=-9.71124e-06 0.00120853 0.0028445 0.0108427 -0.00113816 -0.0017083 5.89584e-05 -0.00335971 -0.0120734 -0.0026886 -0.00106158 -0.00244991 0.0180666 -0.0028803
internal_weight=109112 52468.1 28327.5 2278.46 56643.8 49478.9 23896.6 25582.3 1828.18 23754.1 20830.6 15717.7 1375.56 233.936
internal_count=3420520 725648 478584 60951 2694872 2281292 158539 2122753 300853 1821900 134831 100917 49350 2398
cat_boundaries=0 2 3 4 5
cat_threshold=1921202278 11 2099200 1 2097153
is_linear=0
shrinkage=0.03


Tree=161
num_leaves=15
num_cat=0
split_feature=8 14 5 18 14 2 0 11 2 7 18 11 18 1
split_gain=162.427 146.789 141.729 138.247 292.264 200.498 221.927 171.849 151.86 123.184 138.25 95.4299 132.286 133.736
threshold=1.5000000000000002 198.70000000000002 1.0000000180025095e-35 29.500000000000004 180.15625000000003 299.00000000000006 85.000000000000014 270.50000000000006 1693.5000000000002 17.500000000000004 112.50000000000001 350.50000000000006 602.50000000000011 60.000000000000007
decision_type=2 2 2 8 2 2 2 2 2 2 8 2 10 2
left_child=3 2 9 -1 11 6 -6 -7 -9 10 -2 12 13 -5
right_child=1 -3 -4 4 5 7 -8 8 -10 -11 -12 -13 -14 -15
leaf_value=-0.0034304195567923259 -0.0046569841799513597 -0.006481518858569733 0.0060637154518689718 0.014840460328634706 -0.0037637038636064721 0.0084440475018608008 -0.0275304959350656 -0.0038072160108070332 0.003551792612097713 -0.0029067786024004746 0.00052674476881966721 0.011140549726747537 -0.00013645002499162588 0.0047267402898038746
leaf_weight=3826.028978602495 5104.0583304376341 3716.3643718287349 2955.4311301410198 1572.3004585523158 1795.5813621990383 2442.4417179599404 439.44431246817112 5477.8633996546268 4678.1358363181353 16563.955155221978 49804.064835387282 2645.7499241805635 3319.8699326394126 4675.1684726609383
leaf_count=63579 166031 44440 12426 51912 12441 11276 2875 29377 21932 1094930 1807294 20293 35352 44202
internal_value=6.4247e-05 -0.000663607 -0.00037302 0.00190653 0.0026616 -0.000168177 -0.00844688 0.00130106 -0.000417436 -0.000639266 4.48082e-05 0.00609826 0.00470284 0.00727403
internal_weight=109016 78143.9 74427.5 30872.6 27046.6 14833.5 2235.03 12598.4 10156 71472.1 54908.1 12213.1 9567.34 6247.47
internal_count=3418360 3125121 3080681 293239 229660 77901 15316 62585 51309 3068255 1973325 151759 131466 96114
is_linear=0
shrinkage=0.03


Tree=162
num_leaves=15
num_cat=4
split_feature=16 27 27 15 16 16 29 1 28 0 16 16 8 11
split_gain=170.9 213.707 194.128 156.462 398.231 238.374 228.695 271.413 171.976 153.086 222.425 164.271 180.183 234.28
threshold=12.500000000000002 0 1 1.0000000180025095e-35 11.500000000000002 10.500000000000002 2 119.50000000000001 3 187.50000000000003 25.500000000000004 24.500000000000004 3.5000000000000004 183.50000000000003
decision_type=2 9 9 2 2 2 9 2 9 2 2 2 2 2
left_child=1 3 9 6 5 -5 -1 -8 -6 10 11 -2 -13 -14
right_child=2 -3 -4 4 8 -7 7 -9 -10 -11 -12 12 13 -15
leaf_value=0.0084056006471732499 -0.0042773013494798338 -0.00043856184743047575 0.00048749038583568099 0.0072955898968964589 0.041172980759891412 -0.02236017791406485 -0.0066444884478786452 0.0036610939148577215 -0.0053595118060772128 0.002377244434147668 -0.0088194903376486132 -0.01001367508187407 0.018075109892488055 0.0010519481689673447
leaf_weight=3850.0507219377905 12199.996667956701 23181.786132703535 37159.88254229771 4184.852302139625 417.20147566217929 258.07547283777967 3686.1144832596183 6112.6728859473951 90.413350321818143 4443.052828900516 5799.5938366593327 1069.6680832523853 836.50257740914822 5546.3039864082821
leaf_count=190863 1048576 409020 308721 188687 2681 4165 379215 347113 2944 21518 422587 10931 9046 72746
internal_value=-2.214e-05 0.00148386 -0.000960518 0.00387796 0.0084483 0.00556834 0.0022226 -0.000215729 0.0335948 -0.0027596 -0.00365746 -0.00213373 0.00137548 0.00328541
internal_weight=108836 41781.2 67055 18599.4 4950.54 4442.93 13648.8 9798.79 507.615 29895.1 25452.1 19652.5 7452.47 6382.81
internal_count=3418813 1524688 1894125 1115668 198477 192852 917191 726328 5625 1585404 1563886 1141299 92723 81792
cat_boundaries=0 1 2 3 4
cat_threshold=3390246976 3394371844 36 3735558
is_linear=0
shrinkage=0.03


Tree=163
num_leaves=15
num_cat=5
split_feature=16 6 27 27 6 2 18 16 29 28 18 14 28 18
split_gain=147.7 240.225 266.068 195.794 271.7 227.842 166.374 161.697 151.784 168.159 145.217 143.982 141.31 139.891
threshold=12.500000000000002 17.500000000000004 0 1 5.5000000000000009 844.50000000000011 24.500000000000004 23.500000000000004 2 3 7.5000000000000009 223.55000000000004 4 53.500000000000007
decision_type=2 2 9 9 2 2 8 2 9 9 10 2 9 8
left_child=1 8 -3 4 6 7 -2 12 9 -1 -5 -4 -6 -8
right_child=3 2 11 10 5 -7 13 -9 -10 -11 -12 -13 -14 -15
leaf_value=0.020272990324484708 0.047456728348140374 -0.008265818775305878 0.0016540156563133615 0.039402595138325433 -0.0087545082716118938 0.0015665147244872436 -0.018233019460453567 -0.01140768746124618 0.0036987964505065594 -0.00037869825707333306 0.00044528002610660553 -0.0078744702892640499 -0.0017768522781855638 0.0014041182505710294
leaf_weight=1265.6118848710321 68.190092850476503 2874.1637417105958 32000.815760829486 85.316856991499662 4352.722282351926 3939.8305822759867 336.10280679445714 4360.1447086781263 3593.940608561039 500.41360558383167 36944.613234982826 1492.9087831182405 6552.7848781775683 10375.353575075977
leaf_count=48747 388 168691 1249498 463 557949 19182 8900 183959 36664 4971 307365 15602 403002 413794
internal_value=-5.09709e-05 0.00135016 0.000476218 -0.00092341 -0.00272487 -0.00486515 0.00108591 -0.00652505 0.00727873 0.0144551 0.000535954 0.00122872 -0.00457205 0.000786302
internal_weight=108743 41727.9 36367.9 67015.1 29985.1 19205.5 10779.6 15265.7 5359.97 1766.03 37029.9 33493.7 10905.5 10711.5
internal_count=3419175 1524173 1433791 1895002 1587174 1164092 423082 1144910 90382 53718 307828 1265100 960951 422694
cat_boundaries=0 1 2 3 4 5
cat_threshold=589333264 3394371850 44 2097153 1839109
is_linear=0
shrinkage=0.03


Tree=164
num_leaves=15
num_cat=3
split_feature=15 7 10 14 18 27 18 18 0 11 5 27 14 27
split_gain=145.108 182.295 278.316 200.985 188.052 150.933 234.557 142.163 126.46 119.291 117.484 185.411 157.075 139.403
threshold=1.5000000000000002 2.5000000000000004 1.0000000180025095e-35 154.40617848970257 59.500000000000007 0 59.500000000000007 117.50000000000001 280.00000000000006 312.50000000000006 1.0000000180025095e-35 1 150.12000000000003 2
decision_type=2 2 2 2 8 9 10 8 2 2 2 9 2 9
left_child=1 2 4 10 -1 7 -7 -6 9 -5 13 12 -12 -3
right_child=-2 3 -4 8 5 6 -8 -9 -10 -11 11 -13 -14 -15
leaf_value=-0.0031041054964664563 0.0034191982015413474 -0.0084542385068496137 0.032950022812088392 -0.0011347698902331833 -0.022280128293055729 0.032757394550590291 0.0037059944551117076 -0.00020708279100163508 0.0081736339351526528 -0.0066559378197760437 0.003979546108643409 0.025086635262933296 -0.038999370028886877 -0.0003396719174985834
leaf_weight=6819.6981723816134 9988.4336004010402 1974.9679751053918 250.86877096211538 5414.8004344291985 271.76611185190268 253.10610306542367 16047.285357705317 7051.1501533449627 714.64419057965279 10076.935614750488 2319.3380594849586 371.31549263000488 78.145328119397163 47034.280893255956
leaf_count=129750 102899 163002 1854 69843 5891 10328 130647 95602 3855 120357 9701 1585 320 2572236
internal_value=-2.63378e-05 -0.000375134 0.00154384 -0.00124153 0.00128396 0.00255081 0.00415653 -0.00102778 -0.00415702 -0.00472633 -0.000328927 0.0056821 0.00255234 -0.000668632
internal_weight=108667 98678.3 30693.9 67984.4 30443 23623.3 16300.4 7322.92 16206.4 15491.7 51778 2768.8 2397.48 49009.2
internal_count=3417870 3314971 374072 2940899 372218 242468 140975 101493 194055 190200 2746844 11606 10021 2735238
cat_boundaries=0 1 2 3
cat_threshold=2823897516 1678852160 559973137
is_linear=0
shrinkage=0.03


Tree=165
num_leaves=15
num_cat=4
split_feature=7 15 27 10 7 6 1 27 14 8 27 29 17 17
split_gain=161.049 156.196 180.68 160.43 157.487 131.057 141.059 177.315 127.138 169.951 123.945 118.726 109.615 133.949
threshold=7.5000000000000009 1.0000000180025095e-35 0 1.0000000180025095e-35 2.5000000000000004 5.5000000000000009 99.500000000000014 1 154.40617848970257 2.5000000000000004 2 3 36.500000000000007 37.500000000000007
decision_type=2 2 9 2 2 2 2 9 2 2 9 9 10 10
left_child=1 3 -3 5 -5 -1 11 -8 9 -2 -6 -7 -4 -14
right_child=8 2 12 4 10 6 7 -9 -10 -11 -12 -13 13 -15
leaf_value=0.0029489196998329953 0.0068980916306201328 -0.0036334630342913245 0.0044745014981395085 0.032067156431714559 -0.014841733122321527 -0.012888518458591843 0.010132952547756495 -0.00085289457990212955 -0.0049957366084434005 -0.0011381739492574356 0.010762166367342729 -0.0015984442693796606 0.02695072612374684 0.005142510229345385
leaf_weight=9725.4150245138444 2516.2732455383521 2410.8784910701215 10399.375079354038 249.07384880911559 206.10885937185958 1549.2220395263284 1373.6665260461159 29343.101252185181 7112.9138825663831 40051.469917005626 796.2070966148749 1836.5444546490908 451.84916427312419 577.1050333941821
leaf_count=188498 23757 12393 127595 1866 12536 278325 59253 238665 106075 2256845 8444 96498 2983 5764
internal_value=-2.53044e-05 0.00103554 0.00382322 0.000179663 0.0107668 -0.000122862 -0.000998939 -0.000358268 -0.0012834 -0.000662982 0.00544696 -0.00680949 0.0053949 0.0147361
internal_weight=108599 58918.5 13839.2 45079.3 1251.39 43827.9 34102.5 30716.8 49680.7 42567.7 1002.32 3385.77 11428.3 1028.95
internal_count=3419497 1032820 148735 884085 22846 861239 672741 297918 2386677 2280602 20980 374823 136342 8747
cat_boundaries=0 2 4 5 6
cat_threshold=542443848 2 2174812160 11 2147483648 8
is_linear=0
shrinkage=0.03


Tree=166
num_leaves=15
num_cat=6
split_feature=7 9 7 27 28 8 27 29 17 30 16 7 27 5
split_gain=156.773 185.365 194.431 139.325 128.876 148.003 151.166 129.407 140.772 138.746 124.916 143.828 192.155 103.49
threshold=17.500000000000004 1.0000000180025095e-35 2.5000000000000004 0 1 1.5000000000000002 2 3 35.500000000000007 4 18.500000000000004 23.500000000000004 5 1.0000000180025095e-35
decision_type=2 2 2 9 9 2 9 9 10 1 2 2 9 2
left_child=1 4 13 -4 -1 6 7 9 -9 -6 -2 12 -12 -3
right_child=10 2 3 -5 5 -7 -8 8 -10 -11 11 -13 -14 -15
leaf_value=-0.0017773473514931385 -0.00072291931823135504 0.041695069021241656 0.014578981084909726 0.0024628711258717975 0.02241022394714404 -0.00024794707491926837 0.0019097576139413023 -0.00056443587801242347 0.021105188162100261 -0.0080785085186218762 -0.012764532584382525 0.0058392093528408249 -0.0013801923990530074 0.00045623218214186099
leaf_weight=24935.828956486657 11136.269803546369 187.68183812266216 942.17452428862453 8397.7660841336474 892.9243088029325 38375.720865316223 15663.613134475425 1228.6433456279337 344.71234148368239 156.76393316872418 3038.6138822289649 800.45630964147858 2392.4996240839828 77.198183298110962
leaf_count=345967 693033 1649 19459 174531 42334 1563788 150597 14843 3188 2371 237049 43185 126297 427
internal_value=-1.40239e-05 0.000483455 0.00442532 0.00370477 1.94152e-05 0.000810318 0.00303149 0.0096825 0.00416716 0.0178204 -0.00262629 -0.0060271 -0.00777675 0.0297231
internal_weight=108571 91203 9604.82 9339.94 81598.2 56662.4 18286.7 2623.04 1573.36 1049.69 17367.8 6231.57 5431.11 264.88
internal_count=3418718 2319154 196066 193990 2123088 1777121 213333 62736 18031 44705 1099564 406531 363346 2076
cat_boundaries=0 2 3 4 5 6 7
cat_threshold=196153920 8 331860 42074112 36 12 2450653184
is_linear=0
shrinkage=0.03


Tree=167
num_leaves=15
num_cat=4
split_feature=16 27 27 6 1 6 1 16 1 14 28 27 18 16
split_gain=157.499 207.217 190.233 250.568 223.662 166.887 184.454 187.527 470.366 398.501 320.248 244.59 190.41 165.834
threshold=12.500000000000002 0 1 5.5000000000000009 99.500000000000014 18.500000000000004 99.500000000000014 11.500000000000002 149.50000000000003 149.89444444444447 2 3 993.50000000000011 25.500000000000004
decision_type=2 9 9 2 2 2 2 2 2 2 9 9 10 2
left_child=1 5 3 13 -5 -1 -7 9 -9 11 -11 12 -8 -2
right_child=2 -3 -4 4 -6 6 7 8 -10 10 -12 -13 -14 -15
leaf_value=0.0071925029425051754 0.0035959808905855805 -0.0017631897957835537 0.00055518966263290123 -0.011201240639808796 -0.0030997682290413312 -0.0039225084676947457 0.015457483922524948 -0.0028435380091892675 0.045770224363813575 -0.034633919981866115 -0.00428475760603744 0.0018070491949101894 0.0016455451353953362 -0.0043068083884656872
leaf_weight=6265.7845831690356 7230.4628864564002 12491.682785037905 37011.828754016198 3843.2045423008967 15176.202707219403 4311.5782425878569 2494.1424713153392 420.79704480851069 310.75490886718035 380.39317781478167 1611.073590002954 11946.256409287453 1404.0486131072976 3568.3544554701075
leaf_count=130987 45195 321406 307866 576843 585738 561549 133141 23762 1620 2434 19133 210597 119920 378704
internal_value=2.07058e-05 0.00146899 -0.000881616 -0.0026643 -0.00473732 0.00285397 0.00166678 0.00296482 0.0178413 0.00235368 -0.0102916 0.0039436 0.0104576 0.000984431
internal_weight=108467 41636.5 66830.1 29818.2 19019.4 29144.8 22879 18567.5 731.552 17835.9 1991.47 15844.4 3898.19 10798.8
internal_count=3418895 1524549 1894346 1586480 1162581 1203143 1072156 510607 25382 485225 21567 463658 253061 423899
cat_boundaries=0 1 2 3 4
cat_threshold=3658682432 3394371848 1048576 2147684416
is_linear=0
shrinkage=0.03


Tree=168
num_leaves=15
num_cat=6
split_feature=28 8 27 17 5 27 29 27 15 16 28 11 1 14
split_gain=154.586 153.605 149.426 134.087 115.975 129.063 114.584 109.491 154.904 119.621 110.372 114.648 126.465 152.808
threshold=0 1.5000000000000002 1 35.500000000000007 1.0000000180025095e-35 2 3 4 1.0000000180025095e-35 19.500000000000004 5 32.500000000000007 109.50000000000001 143.30384615384619
decision_type=9 2 9 8 2 9 9 9 2 2 9 2 2 2
left_child=-1 2 3 -2 7 -6 -5 -3 10 -10 11 -9 -13 -14
right_child=1 4 -4 6 5 -7 -8 8 9 -11 -12 12 13 -15
leaf_value=-0.0028650603191726102 0.0015145840595466612 -0.0063317189232156628 0.0014979541664545881 -0.0012963826004126009 0.0034704841161887399 0.02425213573731887 0.01654269907458731 0.024252882060927981 0.0034346688189124132 -0.0013621194574144719 -0.0018972288443286328 -0.0020540623238621165 0.021904182582041135 0.0028013417989623023
leaf_weight=14510.39504873124 1594.7146134078503 2785.3438609961886 22334.937752022175 408.48113358393312 2036.4531543888152 301.14886505529284 1658.7257739892229 213.93474504863843 14023.651429365855 7020.7998831742443 36680.729379400378 2950.5589907912072 508.87659722217359 1446.1788805804681
leaf_count=312415 14654 154631 192031 6081 8576 1324 51549 2915 306525 88922 1918844 270612 24419 63860
internal_value=1.5663e-05 0.000460798 0.00242205 0.00803034 -0.000289314 0.00627551 0.0130925 -0.000523231 -0.000264646 0.00183439 -0.00132149 0.00280137 0.00186682 0.00778223
internal_weight=108475 93964.5 25996.9 3661.92 67967.7 2337.6 2067.21 65630.1 62844.7 21044.5 41800.3 5119.55 4905.61 1955.06
internal_count=3417358 3104943 264315 72284 2840628 9900 57630 2830728 2676097 395447 2280650 361806 358891 88279
cat_boundaries=0 1 3 4 5 6 7
cat_threshold=16 597819392 9 1678835712 2 561021843 2098048
is_linear=0
shrinkage=0.03


Tree=169
num_leaves=15
num_cat=5
split_feature=15 27 28 27 27 28 7 14 17 1 14 17 1 6
split_gain=156.353 247.093 165.009 178.527 147.761 152.45 142.563 126.379 119.428 117.014 193.713 110.703 101.65 319.155
threshold=1.0000000180025095e-35 0 1 2 3 4 2.5000000000000004 99.029411764705898 36.500000000000007 749.00000000000011 180.15625000000003 28.500000000000004 146.00000000000003 5.5000000000000009
decision_type=2 9 9 9 9 9 2 2 10 2 2 8 2 2
left_child=2 -2 3 -1 9 -6 8 -5 -3 10 12 -7 13 -4
right_child=1 6 4 7 5 11 -8 -9 -10 -11 -12 -13 -14 -15
leaf_value=0.018811245400639793 -0.0053878177407597804 0.0067515881191164209 0.00062716304448716474 -0.001112559888184272 -0.0041087427484460138 -0.0010370079588802148 0.0020251148399718514 0.0074322704022682937 0.025163121971967763 0.0020597813984244311 -0.010612256022275104 0.0026201937180019039 -0.00091666965733157367 -0.01018327826330522
leaf_weight=617.83812431339175 3912.3205282173585 1907.7856519762427 4809.4507124985103 4170.0033550278749 6479.0704894009978 13630.768780826125 27627.245332786348 2485.5807967449073 379.65369506459683 3950.0859016925097 3030.8633520295843 16423.314739647787 13980.475856516045 5025.5699277252425
leaf_count=18831 168695 20589 191681 288224 152963 195264 465321 82078 2674 19626 29758 306375 580320 897433
internal_value=1.45097e-06 0.00169321 -0.000765651 0.00352391 -0.00122943 6.10933e-05 0.00262036 0.00207609 0.00981707 -0.00275982 -0.00347004 0.000961203 -0.00256068 -0.00489731
internal_weight=108430 33827 74603 7273.42 67329.6 36533.2 29914.7 6655.58 2287.44 30796.4 26846.4 30054.1 23815.5 9835.02
internal_count=3419832 657279 2762553 389133 2373420 654602 488584 370302 23263 1718818 1699192 501639 1669434 1089114
cat_boundaries=0 2 3 4 5 6
cat_threshold=20226330 2 2097536 2055350272 2219999617 1048592
is_linear=0
shrinkage=0.03


Tree=170
num_leaves=15
num_cat=4
split_feature=28 8 27 18 17 11 16 6 27 16 1 27 11 11
split_gain=132.774 152.486 143.267 187.166 122.472 117.981 113.679 128.613 382.361 228.375 296.172 168.328 118.051 643.649
threshold=0 1.5000000000000002 1 786.50000000000011 36.500000000000007 6.5000000000000009 18.500000000000004 5.5000000000000009 2 25.500000000000004 138.50000000000003 3 639.50000000000011 607.50000000000011
decision_type=9 2 9 10 8 2 2 2 9 2 2 9 2 2
left_child=-1 2 3 4 -2 -5 -3 9 -9 11 -11 -8 13 -13
right_child=1 6 -4 5 -6 -7 7 8 -10 10 -12 12 -14 -15
leaf_value=-0.0025353168171117126 0.0035206316521237085 0.00072416005459426125 0.0015305582430751772 -0.010719818021355883 0.018610977296650091 0.007980569001087302 -0.0093725941387049604 -0.011766029326554449 -0.00067180304213366418 -0.01884238408231529 -0.0011460799041860057 0.0069028748008909688 0.017653622954857714 -0.028774082292322641
leaf_weight=15811.563048811862 733.84059946611524 39220.211679892149 22224.054080535658 598.15754772722721 1424.1062411973253 614.62483882904053 776.83122649602592 3911.9285658204462 9751.6919768285006 1007.3050161683932 5463.2563906009309 5648.2121088206768 630.36863839440048 494.00128654204309
leaf_count=336327 8066 1773217 191108 7804 49984 5101 15457 455472 166414 213542 164272 25813 3621 3393
internal_value=4.21419e-06 0.000438567 0.00240789 0.00816148 0.0134833 -0.0012439 -0.00031478 -0.00178665 -0.00385784 0.000232022 -0.00390344 0.00377655 0.00529197 0.00402926
internal_weight=108310 92498.6 25594.8 3370.73 2157.95 1212.78 66903.8 27683.6 13663.6 14020 6470.56 7549.41 6772.58 6142.21
internal_count=3419591 3083264 262063 70955 58050 12905 2821201 1047984 621886 426098 377814 48284 32827 29206
cat_boundaries=0 1 3 4 5
cat_threshold=20 60985344 9 2186412288 1276248064
is_linear=0
shrinkage=0.03


Tree=171
num_leaves=15
num_cat=3
split_feature=16 6 27 27 6 2 18 16 14 1 27 18 18 18
split_gain=130.976 172.167 194.423 137.844 248.52 212.041 169.019 137.982 135.925 143.929 137.912 184.817 603.315 372.735
threshold=15.500000000000002 14.500000000000002 0 1 5.5000000000000009 749.00000000000011 24.500000000000004 23.500000000000004 223.55000000000004 99.500000000000014 2 1717.5000000000002 1683.5000000000002 1727.5000000000002
decision_type=2 2 9 9 2 2 8 2 2 2 9 8 10 8
left_child=1 -1 -3 4 6 7 -2 -6 9 -4 11 12 -11 -13
right_child=3 2 8 -5 5 -7 -8 -9 -10 10 -12 13 -14 -15
leaf_value=0.0063241656104563032 0.045346795393474186 -0.0065973501261450563 -0.0034572637255542381 0.0003545124929399808 -0.0045760024144943581 0.0012073568994276475 0.0006279123344468334 -0.011381634166097524 -0.0068804610243063556 0.0060974406451804802 0.0012240771313991403 0.039713209500866473 -0.03227962444616278 0.0074115756953863415
leaf_weight=5172.602325828746 75.617068659514189 3176.5190286422148 4706.1010562209412 32536.567070494406 7575.2707072370686 3751.9346367269754 10606.440555453999 4151.2902067680843 1837.3246631589718 3873.2505012969486 28198.456822585315 389.84136242000386 406.45222575822845 1816.6940285749733
leaf_count=88667 412 171046 717427 263878 691418 18395 422540 182957 19600 249276 482080 3374 8417 100402
internal_value=9.58371e-06 0.0011449 0.000541447 -0.000949338 -0.00257008 -0.00500002 0.000948687 -0.00698601 0.00109295 0.00146531 0.00213329 0.00607399 0.002446 0.0131339
internal_weight=108274 49577.2 44404.6 58697.1 26160.6 15478.5 10682.1 11726.6 41228.1 39390.8 34684.7 6486.24 4279.7 2206.54
internal_count=3419889 1840289 1751622 1579600 1315722 892770 422952 874375 1580576 1560976 843549 361469 257693 103776
cat_boundaries=0 1 2 3
cat_threshold=589333267 3394371841 2147684352
is_linear=0
shrinkage=0.03


Tree=172
num_leaves=15
num_cat=3
split_feature=15 17 27 18 7 27 6 7 16 11 6 28 18 2
split_gain=153.602 166.877 244.123 160.939 121.097 112.257 102.168 99.9997 175.753 133.86 245.259 92.9129 91.8195 98.6218
threshold=1.5000000000000002 28.500000000000004 0 1.0000000180025095e-35 18.500000000000004 1 29.500000000000004 23.500000000000004 19.500000000000004 668.50000000000011 5.5000000000000009 2 388.50000000000006 138.50000000000003
decision_type=2 8 9 10 2 9 2 2 2 2 2 9 8 2
left_child=1 -1 3 -3 12 -2 11 8 -6 -9 -11 -5 13 -4
right_child=5 2 4 6 7 -7 -8 9 -10 10 -12 -13 -14 -15
leaf_value=-0.0020702444708781448 -0.0043874448085885961 0.027733907841179829 -0.0047005104855701143 0.00011400893549318613 -0.0017979142202411977 0.0047916040266512789 -0.011236536851672224 -0.0080564934830261725 -0.01196462532463867 0.030801586166915178 -0.0046605481094811919 0.0057589719070525458 0.0012991100906583381 0.00019473868187819051
leaf_weight=34560.725439529633 1386.6411741450429 253.73846928216517 5822.7691933759488 3703.1911559412256 4583.4679318834096 8585.3635516441427 400.92642635945231 472.2722137903329 2296.7156262064818 340.65799633855931 360.50377968815155 9062.4519194057211 26106.873188678175 10175.693969297688
leaf_count=591323 28929 11314 620296 96956 368351 74028 4853 47998 208754 7740 40395 182115 971588 163893
internal_value=-3.19192e-05 -0.000392386 0.00051969 0.00411172 -0.000442173 0.00351532 0.00365754 -0.00381246 -0.00519297 0.00427941 0.012588 0.00412616 0.000202442 -0.00158711
internal_weight=108112 98140 63579.3 13420.3 50159 9972 13166.6 8053.62 6880.18 1173.43 701.162 12765.6 42105.3 15998.5
internal_count=3418533 3315576 2724253 295238 2429015 102957 283924 673238 577105 96133 48135 279071 1755777 784189
cat_boundaries=0 2 3 4
cat_threshold=1644632136 11 1616142660 151636
is_linear=0
shrinkage=0.03


Tree=173
num_leaves=15
num_cat=5
split_feature=7 18 18 27 18 16 18 27 6 27 27 2 14 27
split_gain=118.055 153.249 161.439 135.644 146.644 135.467 174.897 128.212 116.165 123.842 110.692 97.7795 99.5649 93.967
threshold=7.5000000000000009 112.50000000000001 786.50000000000011 0 699.50000000000011 16.500000000000004 238.50000000000003 1 13.500000000000002 2 3 99.500000000000014 162.02941176470591 4
decision_type=2 8 10 9 8 2 8 9 2 9 9 2 2 9
left_child=1 7 3 -3 -5 8 -7 -1 10 -10 -2 -11 -13 -8
right_child=5 2 -4 4 -6 6 13 -9 9 11 -12 12 -14 -15
leaf_value=-0.023820517021649414 0.01488209601111515 0.0024346229475601736 -0.00026420741373931015 0.0061476773243905915 0.023185395507118081 -0.023311298117324797 -0.012185734488156396 -0.0017373784296230866 -0.0067282835111565778 -0.0045208010338071347 -0.0024926185443972164 0.0020263843987140869 -0.0056654611229048999 -0.0020065188263984632
leaf_weight=231.0821729125455 917.8043212541379 23117.401190713048 21162.215297146467 2765.9335316363722 543.45035264501348 364.37741205072962 838.03591917641461 10907.147171059856 2259.2131977705285 2898.5096298055723 513.57983410730958 18026.866446903907 1652.5154522270896 21883.968454285758
leaf_count=2013 8207 471437 244045 51432 13432 22082 10896 250826 167681 466398 3278 687002 28071 992600
internal_value=3.80723e-05 0.000946998 0.0016884 0.00325197 0.00892472 -0.00104345 -0.00271994 -0.00222057 0.000429993 -4.90893e-05 0.00873717 0.000622224 0.00138023 -0.00238872
internal_weight=108082 58727.2 47589 26426.8 3309.38 49354.9 23086.4 11138.2 26268.5 24837.1 1431.38 22577.9 19679.4 22722
internal_count=3419400 1033185 780346 536301 64864 2386215 1025578 252839 1360637 1349152 11485 1181471 715073 1003496
cat_boundaries=0 1 2 3 4 5
cat_threshold=4099148232 4243456 53510419 3389063232 34734344
is_linear=0
shrinkage=0.03


Tree=174
num_leaves=15
num_cat=0
split_feature=17 5 8 14 6 11 14 1 6 11 7 7 6 14
split_gain=128.885 199.176 194.748 124.928 102.363 92.2172 213.652 76.8777 304.73 309.624 221.805 395.724 180.657 166.997
threshold=28.500000000000004 1.0000000180025095e-35 1.5000000000000002 149.25543478260872 3.5000000000000004 28.500000000000004 98.763157894736864 138.50000000000003 5.5000000000000009 668.50000000000011 19.500000000000004 15.500000000000002 13.500000000000002 146.39565217391308
decision_type=8 2 2 2 2 2 2 2 2 2 2 2 2 2
left_child=-1 2 4 -3 -2 6 -4 8 9 10 11 -7 -10 -9
right_child=1 3 5 -5 -6 7 -8 13 12 -11 -12 -13 -14 -15
leaf_value=-0.0013075236773038873 0.0089216264796848181 0.013635217727006517 0.0017438329365468514 -0.0095209248447774546 0.0023061647789112795 0.00024850633160384969 0.040314377376651785 0.0045936268323549532 -0.013958253318211163 0.03266486666053546 -0.022863546864813556 0.032197756680237749 -0.0036497378418621244 -0.00087015142400644389
leaf_weight=40124.682421468897 2418.5897630907129 1591.9861904680729 625.18737283232622 240.74752360582352 16205.878794918535 5064.0111716904212 161.97096741362475 6205.9682000086177 2104.0975244180299 290.99794806540012 329.47070315876044 373.72974808048457 5605.3278021065053 26654.238496164093
leaf_count=636047 44064 6827 4139 998 176331 188623 1597 231957 370594 7656 24558 10990 797106 917299
internal_value=4.03526e-05 0.000837198 0.000566383 0.0105899 0.00316569 -0.000454661 0.00972145 -0.000626656 -0.0025085 0.00252615 0.00100003 0.00244986 -0.00646464 0.000161844
internal_weight=107997 67872.2 66039.5 1832.73 18624.5 47415 787.158 46627.8 13767.6 6058.21 5767.21 5437.74 7709.43 32860.2
internal_count=3418786 2782739 2774914 7825 220395 2554519 5736 2548783 1399527 231827 224171 199613 1167700 1149256
is_linear=0
shrinkage=0.03


Tree=175
num_leaves=15
num_cat=5
split_feature=28 29 27 5 17 18 17 29 27 16 18 16 6 16
split_gain=136.359 120.117 128.019 167.466 107.811 149.104 131.66 106.966 104.559 103.079 115.139 97.9523 205.689 225.047
threshold=0 1 2 1.0000000180025095e-35 35.500000000000007 786.50000000000011 37.500000000000007 3 4 7.5000000000000009 684.50000000000011 8.5000000000000018 5.5000000000000009 25.500000000000004
decision_type=9 9 9 2 10 10 10 9 9 2 10 2 2 2
left_child=-1 8 4 11 7 6 -6 -3 9 10 -2 -4 13 -13
right_child=1 2 3 -5 5 -7 -8 -9 -10 -11 -12 12 -14 -15
leaf_value=-0.0025893404314234958 0.011052310181191983 -0.00047787887992159131 0.0010708264388561565 0.023578230956989511 0.029932636118890389 0.0027198120996356503 0.0026996901240314447 0.0071699466546509974 0.0007670605193920558 0.001989053104021532 -0.0022462205365396653 0.0034866277192407685 -0.0062642011315186801 -0.0092794269306912206
leaf_weight=15834.963613826083 2865.4072042093612 21602.73860733211 5291.8449412011541 222.87145880609751 384.99436983652413 2670.1382495416328 272.98607678338885 1770.6080410294235 32776.519464203157 6395.7436625568662 736.12042654119432 5207.4282510410994 10349.6385156631 1631.2930564207491
leaf_count=336741 150086 286192 574682 968 3426 62060 5304 27607 352882 325759 11491 26700 993710 260579
internal_value=-1.85884e-05 0.00042329 -0.000584338 -0.00223998 0.000823727 0.00587498 0.0186553 0.000104614 0.00158697 0.00427128 0.00833434 -0.00249798 -0.00359672 0.000440531
internal_weight=108013 92178.3 49404.5 22703.1 26701.5 3328.12 657.98 23373.3 42773.8 9997.27 3601.53 22480.2 17188.4 6838.72
internal_count=3418187 3081446 2241228 1856639 384589 70790 8730 313799 840218 487336 161577 1855671 1280989 287279
cat_boundaries=0 1 2 4 5 7
cat_threshold=20 38 1988565090 9 16 2315384908 11
is_linear=0
shrinkage=0.03


Tree=176
num_leaves=15
num_cat=2
split_feature=15 27 18 12 7 27 14 11 17 6 1 18 7 11
split_gain=123.745 245.977 144.559 232.324 134.858 132.119 131.291 125.375 112.952 110.448 234.033 158.956 229.253 329.892
threshold=1.0000000180025095e-35 0 1.0000000180025095e-35 0.92153846153846175 3.5000000000000004 1 99.029411764705898 478.50000000000006 34.500000000000007 5.5000000000000009 119.50000000000001 713.50000000000011 23.500000000000004 668.50000000000011
decision_type=2 9 10 2 2 9 2 2 10 2 2 10 2 2
left_child=2 -2 3 -1 8 9 7 -5 -3 11 -11 -4 -13 -14
right_child=1 4 5 6 -6 -7 -8 -9 -10 10 -12 12 13 -15
leaf_value=0.032527472230288297 -0.0053273858531190489 0.0050584127166027892 0.0032850996029743732 -0.0016376835794820028 0.001614684146006464 0.00033208897804887694 0.0080994010443966469 0.030185631147730492 0.017522266882276261 -0.0090790633332091617 -0.0019402114041235574 -0.0067241351508552597 -0.030456049578395476 0.0283188226773586
leaf_weight=238.63134321942925 4129.9938264680095 3789.3945395550691 6277.7977991530206 4041.0133276686538 25063.348577219294 31466.772065284196 2359.3311760562938 113.57905105594546 790.41984236007556 5198.9614917745348 20146.333710862789 3776.5204899550881 110.1165590302553 379.71707893256098
leaf_count=10066 167926 41852 207634 281159 442284 470693 80264 6625 5526 807508 743676 138562 6074 8672
internal_value=1.83339e-05 0.00152339 -0.000667567 0.00351681 0.00247897 -0.0010871 0.0024492 -0.000760637 0.00721288 -0.00233083 -0.00340487 0.000248759 -0.00421884 0.0150709
internal_weight=107882 33773.2 74108.8 6752.55 29643.2 67356.2 6513.92 4154.59 4579.81 35889.4 25345.3 10544.2 4266.35 489.834
internal_count=3418521 657588 2760933 378114 489662 2382819 368048 287784 47378 1912126 1551184 360942 153308 14746
cat_boundaries=0 2 4
cat_threshold=20195594 2 2387788169 2
is_linear=0
shrinkage=0.03


Tree=177
num_leaves=15
num_cat=4
split_feature=15 27 28 27 7 16 27 11 5 16 14 11 14 7
split_gain=128.242 224.234 148.303 140.18 122.754 116.016 102.761 114.781 158.713 108.025 98.5318 109.552 106.701 98.3329
threshold=1.0000000180025095e-35 0 1 2 2.5000000000000004 21.500000000000004 3 513.50000000000011 1.0000000180025095e-35 341.50000000000006 99.029411764705898 478.50000000000006 105.59625668449199 23.500000000000004
decision_type=2 9 9 9 2 2 9 2 2 2 2 2 2 2
left_child=2 -2 3 -1 -3 -6 -4 -8 9 13 11 -5 -12 -9
right_child=1 4 6 10 5 -7 7 8 -10 -11 12 -13 -14 -15
leaf_value=0.016908581900389987 -0.0049656053323557537 0.0093558910670377433 0.0012456429010029057 -0.0015723870387387049 0.0032095507310136834 -0.001041582433019583 -0.00092846617596329696 -0.0062305776881309569 0.020132025824208859 0.0071832980914928474 0.031158621820579612 0.028102119609515072 0.0051942978844512775 0.0025431197899739967
leaf_weight=618.91313722822815 4156.3733446213882 2158.3553912907373 13200.245457335841 4043.1322481506504 19142.247213121504 8274.6559795637149 40708.584107714705 10682.382941246033 236.26067075133324 658.84456035494804 150.51106489915401 114.15748253464699 2399.4142980850302 1287.7745725342538
leaf_count=19176 170047 22739 315577 281741 364212 100668 1323503 620295 1013 3581 1721 6717 81192 107123
internal_value=1.79667e-05 0.00155133 -0.000680059 0.00336883 0.00246818 0.00192653 -0.00112466 -0.00170883 -0.00417913 -0.00463549 0.0020938 -0.000750975 0.00673847 -0.00528655
internal_weight=107832 33731.6 74100.2 7326.13 29575.3 27416.9 66774.1 53573.8 12865.3 12629 6707.22 4157.29 2549.93 11970.2
internal_count=3419305 657666 2761639 390547 487619 464880 2371092 2055515 732012 730999 371371 288458 82913 727418
cat_boundaries=0 1 2 3 5
cat_threshold=20228378 2099584 2046830656 1638234178 9
is_linear=0
shrinkage=0.03


Tree=178
num_leaves=15
num_cat=5
split_feature=28 8 14 27 17 18 16 27 1 27 18 18 18 28
split_gain=122.115 128.273 123.545 112.519 141.623 132.89 96.0856 106.101 86.9835 122.163 130.487 560.455 392.062 128.46
threshold=0 1.5000000000000002 242.21634615384619 1 33.500000000000007 786.50000000000011 14.500000000000002 2 99.500000000000014 3 1717.5000000000002 1670.5000000000002 1727.5000000000002 4
decision_type=9 2 2 9 8 10 2 9 2 9 8 10 8 9
left_child=-1 3 6 4 -2 -6 7 -3 -9 10 11 -10 -12 -14
right_child=1 2 -4 -5 5 -7 -8 8 9 -11 12 -13 13 -15
leaf_value=-0.002548404146679166 0.00066922668082308279 -0.0053668338267256746 -0.0076504832253768626 0.0011635502666229505 0.014136304827470244 0.00062012680263001869 -0.0011428785117008041 -0.0018780160238839759 0.0054741705459349825 0.00084189928838039445 0.038626270477474453 -0.029815656036531295 0.011901353447051595 -0.0013930157303207119
leaf_weight=14363.24482876109 2540.2075801640749 2085.1996858762577 1978.3797421804629 20190.925691163633 2236.4591158339754 925.59967183694243 34221.012423154665 5247.8245225171559 4735.0300266523845 15841.297368990257 382.91789454501122 441.910472643096 1509.8415554808453 1150.8631885778159
leaf_count=311682 18592 128354 22183 182540 54078 9134 1396863 635663 278299 241949 3394 10902 51176 74311
internal_value=2.59077e-05 0.000421671 -0.00026607 0.00221712 0.00593437 0.0101813 -4.33094e-05 0.00115524 0.00162069 0.00238447 0.00534905 0.00245661 0.010284 0.00619211
internal_weight=107851 93487.5 67594.3 25893.2 5702.27 3162.06 65615.9 31394.9 29309.7 24061.9 8220.56 5176.94 3043.62 2660.7
internal_count=3419120 3107438 2843094 264344 81804 63212 2820911 1424048 1295694 660031 418082 289201 128881 125487
cat_boundaries=0 1 3 4 5 6
cat_threshold=16 598118400 9 555778562 3222470720 2167170
is_linear=0
shrinkage=0.03


Tree=179
num_leaves=15
num_cat=3
split_feature=28 4 9 28 7 27 1 11 11 11 11 14 17 11
split_gain=110.4 115.833 223.164 225.937 138.682 129.494 158.643 156.778 207.441 304.092 150.022 130.324 108.933 125.723
threshold=0 1.0000000180025095e-35 1.0000000180025095e-35 1 15.500000000000002 2 146.00000000000003 668.50000000000011 547.50000000000011 478.50000000000006 694.50000000000011 105.59625668449199 29.500000000000004 356.50000000000006
decision_type=9 2 2 9 2 9 2 2 2 2 2 2 10 2
left_child=-1 2 3 -2 12 -3 7 8 9 -7 -8 -11 -5 -14
right_child=1 5 -4 4 -6 6 10 -9 -10 11 -12 -13 13 -15
leaf_value=-0.0024409989555141099 0.029994259925512894 -0.0056833610090694167 0.007940723203248368 0.00031245567160054233 -0.0056905676857565042 -0.0029647782988418969 0.0019936000370073211 0.013006292342331834 -0.01444667889207569 0.028640146291963091 -0.016632208410716182 -0.0093253784173147128 0.0078941460248790757 0.000571719326344539
leaf_weight=14345.575138799381 225.09550804458559 4480.6288899776991 4152.5204182900488 40094.721703082323 2990.0658554490656 12224.648782866076 18080.375533818733 556.98809782858007 1336.6501820203848 397.47862833854742 396.76331092603505 101.73435170436278 4027.7745857350528 4432.0483198836446
leaf_count=312172 10243 213580 33650 299080 41979 1227257 930559 50739 190718 26179 19856 11442 26078 25146
internal_value=8.43082e-06 0.000384496 0.00125009 0.000713279 0.000578899 -0.000903638 -0.000254573 -0.00258981 -0.00320851 -0.00202689 0.00159277 0.0209 0.000965211 0.00405849
internal_weight=107843 93497.5 55922.2 51769.7 51544.6 37575.3 33094.6 14617.5 14060.5 12723.9 18477.1 499.213 48554.5 8459.82
internal_count=3418678 3106506 436176 402526 392283 2670330 2456750 1506335 1455596 1264878 950415 37621 350304 51224
cat_boundaries=0 1 2 3
cat_threshold=16 2097152 86245634
is_linear=0
shrinkage=0.03


Tree=180
num_leaves=15
num_cat=4
split_feature=15 17 27 18 5 7 18 27 8 6 27 18 11 28
split_gain=125.136 135.621 161.4 155.66 144.527 120.734 112.671 92.7289 95.036 89.4503 85.0201 82.0395 95.7588 80.4265
threshold=1.5000000000000002 28.500000000000004 0 inf 1.0000000180025095e-35 18.500000000000004 964.50000000000011 1 2.5000000000000004 29.500000000000004 2 112.50000000000001 203.50000000000003 3
decision_type=2 8 9 8 2 2 10 9 2 2 9 8 2 9
left_child=1 10 3 9 5 11 -7 -2 -9 13 -1 -4 -13 -3
right_child=7 2 4 -5 -6 6 -8 8 -10 -11 -12 12 -14 -15
leaf_value=-0.0037615705743325048 -0.0041139695131321447 -0.00036065817199094712 -0.0031843330623410517 0.027516772998192218 0.019576415184730692 0.001376639224763032 -0.0063687733230565324 0.008831522276134457 0.0021032383404867381 -0.010974687499741899 -0.00070694770034394362 0.0028473394545955703 -0.00041546469224774149 0.0048976017313206921
leaf_weight=13491.549124389654 1363.7779884813353 3694.0166900167242 5706.6187944333069 234.96086616348475 324.50646883435547 2477.3403658834286 5317.4227816322818 2798.9793307087384 5812.5616357782856 402.56199565343559 20927.035118616419 12217.018625070108 23991.465410968987 9012.3894484410994
leaf_count=168000 28583 96852 195482 11287 1435 180397 491951 16240 58319 4895 423704 411575 1148947 181660
internal_value=-6.32309e-05 -0.000389724 0.00043356 0.0033636 -0.000348522 -0.000479054 -0.00390726 0.00313739 0.0042859 0.00293119 -0.00190569 0.000158552 0.000685479 0.00337258
internal_weight=107772 97796.9 63378.3 13343.9 50034.4 49709.9 7794.76 9975.32 8611.54 13109 34418.6 41915.1 36208.5 12706.4
internal_count=3419327 3316185 2724481 294694 2429787 2428352 672348 103142 74559 283407 591704 1756004 1560522 278512
cat_boundaries=0 2 3 4 5
cat_threshold=1644632136 11 1616126272 662044936 153684
is_linear=0
shrinkage=0.03


Tree=181
num_leaves=15
num_cat=3
split_feature=28 8 27 18 17 1 16 6 10 7 27 11 18 6
split_gain=111.601 100.547 116.251 198.563 109.878 101.346 146.694 182.045 99.5001 209.337 264.435 155.102 139.345 136.015
threshold=0 1.5000000000000002 1 1.0000000180025095e-35 34.500000000000007 846.50000000000011 24.500000000000004 5.5000000000000009 1.0000000180025095e-35 2.5000000000000004 2 668.50000000000011 65.500000000000014 5.5000000000000009
decision_type=9 2 9 10 10 2 2 2 2 2 9 2 10 2
left_child=-1 2 5 -4 -5 6 7 -2 -3 -10 11 -11 -12 -13
right_child=1 8 3 4 -6 -7 -8 -9 9 10 12 13 -14 -15
leaf_value=-0.0023442335512787204 0.036837771442031965 -0.00068274976096790703 0.033214604076956672 0.002229041398063228 0.0099682789292976932 0.0026069549912380871 -0.0094133175670007094 -0.0006339577740787567 0.031141509244894634 -0.0061972938096748337 0.043171373191778793 0.025491148025427839 0.0059968856553218926 -0.0032156950191263296
leaf_weight=15713.88638723013 122.03357443585992 57498.25492978259 198.45959738455713 14659.111695979722 1859.7907232483849 4113.4084713608027 2222.6533179895487 2260.6571869184263 226.09647999005392 3410.7104468573816 91.560569761320949 281.45497604459524 4722.7763322740793 312.90973103139549
leaf_count=336301 658 2458741 10025 115909 12341 19733 26239 76809 1763 253121 765 6327 69306 31443
internal_value=-8.65983e-06 0.000390584 0.0019949 0.00345831 0.00310092 -0.000814157 -0.0038715 0.00129987 -0.000222621 0.00270196 0.00196943 -0.00372321 0.00669879 0.0103981
internal_weight=107694 91979.9 25436.1 16717.4 16518.9 8718.75 4605.34 2382.69 66543.8 9045.51 8819.41 4005.08 4814.34 594.365
internal_count=3419481 3083180 261714 138275 128250 123439 103706 77467 2821466 362725 360962 290891 70071 37770
cat_boundaries=0 1 3 4
cat_threshold=20 3360694636 2 3225600128
is_linear=0
shrinkage=0.03


Tree=182
num_leaves=15
num_cat=1
split_feature=28 8 18 18 17 1 16 1 6 1 16 11 11 11
split_gain=117.52 107.052 114.888 105.402 129.767 131.574 90.6194 264.628 168.275 279.304 150.493 100.587 296.557 395.041
threshold=0 1.5000000000000002 29.500000000000004 786.50000000000011 36.500000000000007 60.000000000000007 25.500000000000004 99.500000000000014 5.5000000000000009 99.500000000000014 16.500000000000004 694.50000000000011 657.50000000000011 607.50000000000011
decision_type=9 2 8 10 10 2 2 2 2 2 2 2 2 2
left_child=-1 2 -2 4 5 -4 8 -8 11 10 -10 12 13 -3
right_child=1 6 3 -5 -6 -7 7 -9 9 -11 -12 -13 -14 -15
leaf_value=-0.001540871561362743 -0.0028158470208120329 0.0058583291991715757 0.013291588082280233 0.00064024261501126529 0.018638447235859435 0.0030437681816154389 -0.018719567134412106 -0.0010191466764194258 -0.0030761465551990734 0.00071495935362705053 -0.012794172231527883 -0.01437567652652259 0.03029399749772687 -0.019626008945949881
leaf_weight=35477.700089548482 3067.7123125060461 6258.5429247058928 1332.2298627691343 6651.2258899591397 637.66040896368213 7317.7886458002031 882.88875684258528 5431.9795774433296 4902.9567276453599 32433.435898639727 2026.7100712046959 246.09954041056335 396.18368943221867 598.9331165868789
leaf_count=732104 56683 35344 51350 50796 4676 58609 188653 176151 696399 1000972 357056 2235 2653 5286
internal_value=-0.000127343 0.000567536 0.0025 0.00352324 0.00558756 0.00462344 -0.000123088 -0.00349643 0.000331543 -0.000453176 -0.0059198 0.00444971 0.00509031 0.00362999
internal_weight=107662 72184.3 19006.6 15938.9 9287.68 8650.02 53177.7 6314.87 46862.9 39363.1 6929.67 7499.76 7253.66 6857.48
internal_count=3418967 2686863 222114 165431 114635 109959 2464749 364804 2099945 2054427 1053455 45518 43283 40630
cat_boundaries=0 1
cat_threshold=852052
is_linear=0
shrinkage=0.03


Tree=183
num_leaves=15
num_cat=1
split_feature=15 11 6 7 1 14 16 29 1 7 14 14 1 16
split_gain=108.313 119.075 110.899 326.051 245.103 159.968 115.539 108.839 105.115 103.139 128.041 102.713 129.878 100.955
threshold=1.0000000180025095e-35 513.50000000000011 5.5000000000000009 15.500000000000002 99.500000000000014 105.59625668449199 18.500000000000004 0 124.50000000000001 3.5000000000000004 142.52557544757036 49.583333333333336 119.50000000000001 25.500000000000004
decision_type=2 2 2 2 2 2 2 9 2 2 2 2 2 2
left_child=1 2 3 -1 6 13 -4 8 11 -2 -11 -6 -13 -5
right_child=9 -3 4 5 7 -7 -8 -9 -10 10 -12 12 -14 -15
leaf_value=0.0015351530272110921 0.0052437650827884862 -0.0027702377930855929 -0.0037901960660093412 0.046924913855716774 -0.090938043668399471 0.0026620176231228867 -0.013042343482738495 -0.00038253587052607043 0.0041895805227783441 0.004391138952573064 -0.00040987873625196187 0.040496692288524552 0.19871902450055046 -0.02356162577730754
leaf_weight=13821.80583987711 5310.1994267979171 17972.566754265223 4819.3133443465922 253.46735248714685 3.6391787929460397 142.13007305632345 1623.7872367051896 30902.862702723127 4245.9093093378469 6481.0354106179439 21857.990738418419 44.565068831201643 4.3681791531853369 19.113189596682787
leaf_count=336860 50749 976161 666338 1076 24 4669 264662 343760 162577 191022 414701 1599 326 4156
internal_value=-3.46068e-06 -0.000646226 3.69413e-05 0.0023226 -0.000744469 0.0285005 -0.00612358 0.000240246 0.00470657 0.00140726 0.000688213 0.0464813 0.0583177 0.0419144
internal_weight=107503 73853.5 55881 14236.5 41644.4 414.711 6443.1 35201.3 4298.48 33649.2 28339 52.5724 48.9332 272.581
internal_count=3418680 2762208 1786047 346761 1439286 9901 931000 508286 164526 656472 605723 1949 1925 5232
cat_boundaries=0 1
cat_threshold=40
is_linear=0
shrinkage=0.03


Tree=184
num_leaves=15
num_cat=3
split_feature=15 27 28 2 14 1 17 11 14 4 11 11 27 8
split_gain=110.219 213.82 137.309 110.636 177.523 169.797 124.921 104.661 101.088 103.265 98.9387 94.6437 88.9614 85.6761
threshold=1.0000000180025095e-35 0 1 844.50000000000011 242.21634615384619 299.00000000000006 30.500000000000004 183.50000000000003 99.029411764705898 1.0000000180025095e-35 478.50000000000006 92.500000000000014 2 3.5000000000000004
decision_type=2 9 9 2 2 2 10 2 2 2 2 2 9 2
left_child=2 -2 8 4 6 11 -4 -7 9 -1 -11 -6 -8 -3
right_child=1 13 3 -5 5 7 12 -9 -10 10 -12 -13 -14 -15
leaf_value=0.024233376767293237 -0.0035594306933360315 0.0040818993536540921 -0.0017413981303102026 0.0019711739155737077 -0.025814581055261569 0.0074595682617205495 -0.0034834732249511948 -0.0061281038523068503 0.0073356835252614064 -0.0015161015053691874 0.026382671595223856 -0.0099518371485771313 0.0041979710238524495 0.00070862608717569577
leaf_weight=153.88628745079041 6481.3051090145018 14457.956414708402 45405.964794649743 8780.3404697775841 401.46297805011272 813.33873890340328 1760.2661942844279 1365.0937112718821 3049.4281678586267 4001.0473351117689 116.77060921629891 2154.1097002639435 5827.941055232659 12754.489575925283
leaf_count=9948 227212 139891 1995284 43334 2805 3795 144691 8808 92040 281573 6655 26511 147998 289797
internal_value=-8.77402e-05 0.00133403 -0.000736607 -0.00116589 -0.00164325 -0.00720879 -0.00114595 -0.00105392 0.00316006 0.000185599 -0.000718752 -0.0124529 0.00241679 0.00250001
internal_weight=107523 33693.8 73829.7 66508.5 57728.2 4734.01 52994.2 2178.43 7321.13 4271.7 4117.82 2555.57 7588.21 27212.4
internal_count=3420342 656900 2763442 2373226 2329892 41919 2287973 12603 390216 298176 288228 29316 292689 429688
cat_boundaries=0 2 3 4
cat_threshold=565453082 2 2099584 2282899841
is_linear=0
shrinkage=0.03


Tree=185
num_leaves=15
num_cat=4
split_feature=15 27 7 28 28 27 16 7 5 7 16 18 6 7
split_gain=103.821 205.203 113.974 115.29 108.12 105.253 102.227 95.5276 131.958 117.279 134.163 122.692 118.581 155.641
threshold=1.0000000180025095e-35 0 3.5000000000000004 1 2 3 25.500000000000004 18.500000000000004 1.0000000180025095e-35 23.500000000000004 20.500000000000004 699.50000000000011 5.5000000000000009 28.500000000000004
decision_type=2 9 2 9 9 9 2 2 2 2 2 10 2 2
left_child=4 -2 3 -3 -1 -6 -4 -7 9 10 -9 -12 13 -11
right_child=1 2 6 -5 5 7 -8 8 -10 12 11 -13 -14 -15
leaf_value=0.0025727554771704715 -0.0048306436569776441 0.025204973602962061 0.0023849696461299202 0.00539156833431926 0.0013734352118986396 -0.0010637203128493955 -0.0026497423769915414 -0.0038257728780058823 0.019160859467034701 0.024212004094213948 0.0061624573198021558 -0.015514839489097036 -0.0039294487359822269 -0.017135635183297665
leaf_weight=8569.6713097817264 4140.2008453244343 273.24831580463797 20564.3535191603 4299.952195829479 13277.258950298652 43780.267805733951 4406.6104385021608 4497.3158196229488 204.13006463646889 367.88003976782784 267.06260886858217 1926.993998689577 792.08665108028799 104.54813768807799
leaf_count=416874 172099 1957 374730 45441 307688 1367129 63251 363370 881 10033 17213 182028 91195 4867
internal_value=3.67084e-05 0.00141673 0.0022932 0.00664756 -0.000593291 -0.00100959 0.00149643 -0.00161891 -0.0045991 -0.00521106 -0.00679432 -0.0128747 0.00316575 0.0150449
internal_weight=107472 33684.4 29544.2 4573.2 73787.2 65217.5 24971 51940.3 8160.02 7955.89 6691.37 2194.06 1264.51 472.428
internal_count=3418756 657478 485379 47398 2761278 2344404 437981 2036716 669587 668706 562611 199241 106095 14900
cat_boundaries=0 2 3 4 6
cat_threshold=20228890 2 1048576 2099592 1638217806 3
is_linear=0
shrinkage=0.03


Tree=186
num_leaves=15
num_cat=2
split_feature=17 4 12 5 18 27 6 6 1 18 14 27 18 18
split_gain=97.7077 175.228 257.476 227.903 210.398 158.872 140.784 143.198 267.514 153.597 134.432 132.859 129.085 268.909
threshold=28.500000000000004 1.0000000180025095e-35 0.86811594202898557 1.0000000180025095e-35 1.0000000180025095e-35 0 22.500000000000004 5.5000000000000009 99.500000000000014 24.500000000000004 149.34057971014497 1 269.50000000000006 298.50000000000006
decision_type=8 2 2 2 10 9 2 2 2 8 2 9 8 8
left_child=11 2 4 5 -2 6 7 9 -9 -3 -5 -1 -11 -14
right_child=1 3 -4 10 -6 -7 -8 8 -10 12 -12 -13 13 -15
leaf_value=-0.0041638082670540522 0.031149183179321822 0.045224592681397273 0.017967142943831466 0.01272446336481923 0.0015845742745370464 -0.0072356567128514003 0.0029048513250032248 -0.010458559997915605 -0.0010134014954200782 -0.0062432607077915914 -0.011204241501937639 -0.00018126768131109674 0.040261949320585154 0.0017698557132117597
leaf_weight=10080.017781964038 217.099928711541 69.550294905900955 908.21223159506917 1569.9174962081015 32467.784118700773 3725.4288988211192 7395.6562579115853 3894.7510688044131 8784.6521562407725 1835.8922920329496 243.35312481969595 29828.187069855863 166.72413536882959 6262.082950754324
leaf_count=111356 10346 364 6587 6778 251219 189472 630700 744704 572518 73605 1008 523798 9688 286594
internal_value=-1.14702e-05 0.000683921 0.00222 -0.000836116 0.0017819 -0.00142012 -0.0006545 -0.00190759 -0.00391528 0.00114694 0.00950866 -0.00118835 0.000770589 0.00277421
internal_weight=107449 67541.1 33593.1 33948 32684.9 32134.7 28409.3 21013.7 12679.4 8334.25 1813.27 39908.2 8264.7 6428.81
internal_count=3418737 2783583 268152 2515431 261565 2507645 2318173 1687473 1317222 370251 7786 635154 369887 296282
cat_boundaries=0 1 3
cat_threshold=3364962368 594936064 2
is_linear=0
shrinkage=0.03


Tree=187
num_leaves=15
num_cat=3
split_feature=28 16 27 27 16 16 8 11 11 7 11 11 11 14
split_gain=91.9182 118.192 152.519 150.976 139.172 152.105 166.999 225.554 428.731 185.411 434.121 325.407 227.858 201.329
threshold=0 9.5000000000000018 1 2 25.500000000000004 24.500000000000004 3.5000000000000004 183.50000000000003 267.50000000000006 20.500000000000004 634.50000000000011 694.50000000000011 478.50000000000006 105.59625668449199
decision_type=9 2 9 9 2 2 2 2 2 2 2 2 2 2
left_child=-1 3 4 -2 5 -3 -7 -8 -9 12 -11 -12 -10 -14
right_child=1 2 -4 -5 -6 6 7 8 9 10 11 -13 13 -15
leaf_value=-0.0012174845276358742 0.0052817555201310623 -0.0039069821582003736 0.0010830122498159415 0.00021864638192616254 -0.0098406021849474952 -0.0095306871109245173 0.019023652979071392 -0.02212145803917159 0.0050180930186114912 -0.031591683547842558 0.02858519380403475 -0.018834257250057492 0.045373739544974138 0.0068668093676993161
leaf_weight=36492.227265506983 9626.8923750589602 9321.5100487153977 31554.795330323745 11792.111643075012 2000.6241132549476 954.68679018318653 777.30393769172952 598.53453712491319 2801.2372510186397 377.22271980950609 334.72977417288348 211.91905380459502 257.82569177029654 232.28736740676686
leaf_count=742703 717150 1002658 370630 209280 304989 9335 7918 7537 23327 5996 5638 2359 1538 7716
internal_value=5.50303e-06 0.000635583 -0.00017103 0.002497 -0.00238488 -0.00144577 0.00205919 0.00403954 0.00161653 0.00499161 -0.00687875 0.0102013 0.00832467 0.0271747
internal_weight=107334 70841.7 49422.7 21419 17867.9 15867.3 6545.75 5591.06 4813.76 4215.22 923.872 546.649 3291.35 490.113
internal_count=3418774 2676071 1749641 926430 1379011 1074022 71364 62029 54111 46574 13993 7997 32581 9254
cat_boundaries=0 1 3 4
cat_threshold=1376340 2182217986 2 3389194304
is_linear=0
shrinkage=0.03


Tree=188
num_leaves=15
num_cat=2
split_feature=15 28 7 10 16 1 6 1 16 14 27 7 7 7
split_gain=107.316 118.858 111.658 205.143 100.187 261.092 150.797 296.839 125.22 123.216 119.679 117.679 391.103 277.906
threshold=1.5000000000000002 0 2.5000000000000004 1.0000000180025095e-35 25.500000000000004 119.50000000000001 5.5000000000000009 99.500000000000014 16.500000000000004 211.11858974358978 1 20.500000000000004 23.500000000000004 15.500000000000002
decision_type=2 9 2 2 2 2 2 2 2 2 9 2 2 2
left_child=1 -1 3 -3 6 -6 10 8 -8 -9 11 13 -13 -4
right_child=-2 2 4 -5 5 -7 7 9 -10 -11 -12 12 -14 -15
leaf_value=-0.0022546118465676611 0.0029851843891549206 0.0016976559410813068 0.0051065125245170597 0.031022745644014253 -0.019664716816509231 -0.001773880605684047 -0.0039596689093145286 0.00096004716959491234 -0.013304743155993812 -0.0076668852244314604 -0.0047276058346128122 -0.0195755840740903 0.01916694069290149 0.027960250680421416
leaf_weight=21441.125147775281 9969.0845333484467 23887.402356401319 4659.1680747447535 215.64587465487421 814.07103028753772 7396.0293737391476 4463.1820929825772 28475.816299843136 1815.2101341369562 1571.307059916202 1185.56771014072 579.01439992710948 392.70615924149752 532.85734535939991
leaf_count=463565 102653 329615 21039 1713 182899 194055 659885 1072831 346142 18866 16895 4190 1860 2662
internal_value=2.07132e-05 -0.000282643 0.00027406 0.0019613 -0.000509714 -0.00355002 6.18788e-05 -0.00073105 -0.00666321 0.000508664 0.00398066 0.00565465 -0.00391477 0.00745692
internal_weight=107398 97429.1 75988 24103 51884.9 8210.1 43674.8 36325.5 6278.39 30047.1 7349.31 6163.75 971.721 5192.03
internal_count=3418870 3316217 2852652 331328 2521324 376954 2144370 2097724 1006027 1091697 46646 29751 6050 23701
cat_boundaries=0 1 2
cat_threshold=1048660 2726428736
is_linear=0
shrinkage=0.03


Tree=189
num_leaves=15
num_cat=4
split_feature=15 27 16 28 27 1 6 16 11 11 11 14 11 27
split_gain=100.944 179.429 134.927 115.172 110.743 89.2671 211.386 378.954 211.294 232.941 193.498 140.32 103.218 108.279
threshold=1.0000000180025095e-35 0 16.500000000000004 1 2 138.50000000000003 5.5000000000000009 25.500000000000004 668.50000000000011 607.50000000000011 473.50000000000006 111.04000000000001 435.50000000000006 3
decision_type=2 9 2 9 9 2 2 2 2 2 2 2 2 9
left_child=3 -2 -3 4 -1 6 7 8 9 10 -5 -12 13 -7
right_child=1 2 -4 5 -6 12 -8 -9 -10 -11 11 -13 -14 -15
leaf_value=0.015027233023475065 -0.003535323129119743 0.0041804684280620768 -9.9639525485219333e-06 0.0017256919818687284 0.0018143758757927563 0.0053684706099736933 -0.0073297335690138505 -0.020143065306824921 0.031053112653364728 -0.030252802197559651 0.043502989818429955 -0.0070507444754444584 -0.0023804663457771946 -0.00011537819391893511
leaf_weight=614.14615261089057 5610.1544404875021 15728.201127704233 12341.550140209496 5224.7972174733877 6709.8818524191156 3587.1490919536445 6060.3632271785755 717.45478632301092 230.09084655530751 196.12719130702317 172.69447978772223 68.710262037813663 17426.306436445098 32605.95780528849
leaf_count=19467 177034 336582 143399 59621 370964 148761 912798 173327 1116 1208 777 343 757976 315002
internal_value=-1.75548e-06 0.00135863 0.00233728 -0.000624172 0.0029432 -0.00101864 -0.0032834 0.000427083 0.00293468 0.00178679 0.00294169 0.0291443 -0.000483619 0.000429718
internal_weight=107294 33679.9 28069.8 73613.7 7324.03 66289.7 12670.2 6609.87 5892.42 5662.33 5466.2 241.405 53619.4 36193.1
internal_count=3418375 657015 479981 2761360 390431 2370929 1149190 236392 63065 61949 60741 1120 1221739 463763
cat_boundaries=0 2 3 4 6
cat_threshold=557099786 2 2099584 2055284736 2309032000 11
is_linear=0
shrinkage=0.03


Tree=190
num_leaves=15
num_cat=2
split_feature=28 8 18 18 17 28 1 10 7 4 5 17 11 18
split_gain=104.595 93.8967 92.7159 133.628 115.023 95.6076 134.132 82.7376 198.247 209.764 149.751 102.941 91.6409 80.3078
threshold=0 1.5000000000000002 29.500000000000004 786.50000000000011 36.500000000000007 1 60.000000000000007 1.0000000180025095e-35 2.5000000000000004 1.0000000180025095e-35 1.0000000180025095e-35 31.500000000000004 694.50000000000011 88.500000000000014
decision_type=9 2 8 10 10 9 2 2 2 2 2 8 2 8
left_child=-1 2 -2 4 5 6 -4 12 -9 -10 -11 -12 13 -3
right_child=1 7 3 -5 -6 -7 -8 8 9 10 11 -13 -14 -15
leaf_value=-0.0023759866066402823 -0.0025582276601724429 -0.004959870846442011 0.016552280103551524 0.00018672745642735224 0.014931417505534422 0.00087211640609584785 0.0045006323945794881 0.029683745713926648 0.0094258145085684818 -0.0043204271216270487 -4.7535485393225808e-05 0.012951090263943182 -0.013797551580988035 -0.00023495372995943278
leaf_weight=14257.156863847049 3575.1693794347811 3442.62011053483 1002.842109920457 10470.076131548034 936.68690592050552 4896.9141764682718 4840.6021468597464 233.3011623583734 2346.2193746231496 4293.2889419209678 1359.6258808672428 917.89907266199589 470.51370995934121 54094.867473876104
leaf_count=312210 61188 111075 48073 73399 6696 29255 45093 1792 20119 333436 5681 3947 22972 2340665
internal_value=1.54908e-05 0.000382818 0.00192409 0.00264775 0.00485419 0.00397402 0.00656017 -0.000207467 0.00244361 0.00172766 -0.00102211 0.00519462 -0.00062569 -0.000517739
internal_weight=107138 92880.6 25722.3 22147.1 11677 10740.4 5843.44 67158.3 9150.33 8917.03 6570.81 2277.52 58008 57537.5
internal_count=3415601 3103391 263704 202516 129117 122421 93166 2839687 364975 363183 343064 9628 2474712 2451740
cat_boundaries=0 1 2
cat_threshold=16 2376073
is_linear=0
shrinkage=0.03


Tree=191
num_leaves=15
num_cat=4
split_feature=17 5 4 18 10 27 16 2 16 1 27 15 28 27
split_gain=91.1784 150.735 185.039 187.193 188.67 137.463 167.334 139.145 112.526 212.069 103.203 87.1795 82.6283 80.8405
threshold=28.500000000000004 1.0000000180025095e-35 1.0000000180025095e-35 1.0000000180025095e-35 1.0000000180025095e-35 0 7.5000000000000009 146.00000000000003 25.500000000000004 99.500000000000014 1 2.5000000000000004 2 3
decision_type=8 2 2 10 2 9 2 2 2 2 9 2 9 9
left_child=10 2 3 -2 -5 6 7 -4 -8 -10 -1 -12 -11 -3
right_child=1 13 5 4 -6 -7 8 -9 9 12 11 -13 -14 -15
leaf_value=-0.0037420069314909252 0.030022744993453716 0.024657312963472001 3.1572697331413528e-05 0.0012165523765411243 0.010526242130415085 -0.0054031629922732301 -0.00082260556069023503 0.0094001815430839013 -0.021168965616673252 0.0083322843210116727 -0.00063069448486394023 0.0067288252939409236 -0.0070370637883678394 0.0064807250608142153
leaf_weight=10254.314439610345 211.86062662862241 252.48257614858449 3189.1620912458748 31280.921238522977 2089.1224429327995 5758.2102909991518 18341.243760283804 2580.8921118779108 731.66737756761722 510.04546287306584 28122.977540120482 1526.3024667478167 784.93724891892634 1555.0915183536708
leaf_count=112342 10361 1146 369078 240658 17165 313132 1327155 153230 197045 35457 510117 13235 111658 6650
internal_value=-1.34182e-05 0.000660388 0.000424396 0.00197862 0.00179968 -0.00121198 -0.000286315 0.00422297 -0.00156404 -0.00827035 -0.00114958 -0.000251538 -0.000971897 0.00920404
internal_weight=107189 67285.6 65478.1 33581.9 33370 31896.2 26137.9 5770.05 20367.9 2026.65 39903.6 29649.3 1294.98 1807.57
internal_count=3418429 2782735 2774939 268184 257823 2506755 2193623 522308 1671315 344160 635694 523352 147115 7796
cat_boundaries=0 1 2 3 4
cat_threshold=3222356032 594940296 2720416 2306871296
is_linear=0
shrinkage=0.03


Tree=192
num_leaves=15
num_cat=4
split_feature=28 15 27 16 27 18 8 27 6 18 11 2 11 9
split_gain=83.0329 114.329 146.463 117.496 88.9692 84.368 83.8661 77.2607 79.3276 148.802 170.268 142.669 127.907 413.972
threshold=0 1.0000000180025095e-35 1 19.500000000000004 2 3944.5000000000005 3.5000000000000004 3 5.5000000000000009 713.50000000000011 473.50000000000006 146.00000000000003 668.50000000000011 1.0000000180025095e-35
decision_type=9 2 9 2 9 8 2 9 2 10 2 2 2 2
left_child=4 7 -3 -4 5 -1 -5 -2 9 10 -9 -10 -11 -14
right_child=1 2 3 6 -6 -7 -8 8 11 12 -12 -13 13 -15
leaf_value=0.004357847065956229 3.1802192417485826e-05 -0.0034136068889080197 0.0035644718319220508 0.001751737854055455 0.0016651479811894123 0.022226168473312654 -0.0038384232081419669 0.0017065728797850534 -0.0068294047891333575 -0.0065161913511058624 0.02062775613702475 -0.0015500227750410162 -0.029030017335369133 0.026416371348780113
leaf_weight=618.37438660208136 32656.434913062491 5248.0419820768293 17149.721488978481 5924.8754387453664 7570.332964041736 386.10075152618811 4076.2161921954248 5639.9321862400975 6321.8679970637895 3396.1385794179514 462.21296781580895 16978.274913189467 176.02175818616524 383.51096465229057
leaf_count=8103 589432 162435 318589 50550 426355 15214 65705 185792 914210 117140 17168 525716 10420 8996
internal_value=-4.26085e-05 -0.000289416 0.00117011 0.0020567 0.0027868 0.0111307 -0.00052684 -0.00100578 -0.00202092 0.000205167 0.00314292 -0.00298267 -0.00432636 0.00895298
internal_weight=106988 98413.2 32398.9 27150.8 8574.81 1004.48 10001.1 66014.4 33358 10057.8 6102.15 23300.1 3955.67 559.533
internal_count=3415825 2966153 597279 434844 449672 23317 116255 2368874 1779442 339516 202960 1439926 136556 19416
cat_boundaries=0 1 3 5 7
cat_threshold=2099584 557075226 2 2051144288 8 2040870978 3
is_linear=0
shrinkage=0.03


Tree=193
num_leaves=15
num_cat=3
split_feature=17 5 7 10 14 27 27 28 17 15 18 1 6 14
split_gain=96.5143 137.341 127.891 245.699 115.974 110.734 94.9295 116.106 114.829 87.0768 86.7088 86.1123 78.6867 74.4742
threshold=28.500000000000004 1.0000000180025095e-35 2.5000000000000004 1.0000000180025095e-35 149.25543478260872 0 1 2 inf 2.5000000000000004 800.50000000000011 99.500000000000014 1.5000000000000002 1.0000000180025095e-35
decision_type=8 2 2 2 2 9 9 9 8 2 10 2 2 2
left_child=5 2 3 6 -3 -1 7 10 -9 -7 13 -8 -13 -2
right_child=1 4 -4 -5 -6 9 11 8 -10 -11 -12 12 -14 -15
leaf_value=-0.0029049578877225857 0.018240518100796976 0.011960949662965856 -0.00035722872917002131 0.039114270671836489 -0.010168819039771496 -0.00016364467683977279 -0.0057963034413037011 0.0041545438907571747 -0.014372174839481599 0.0082269018122807739 0.00034195589252062323 0.014930345783435184 0.0013686910103987069 0.0077503358610418738
leaf_weight=17591.154355297796 922.3120390214026 1548.8729802872986 45760.077825758373 162.90956388041377 246.33280494809151 21096.205463356106 1504.2459291822743 989.99123512580991 431.50548467971385 1174.1871083525475 851.48060475476086 396.2375221401453 12568.87374239089 1798.836550061591
leaf_count=277866 48188 6735 2472970 1413 1021 350934 129482 6715 2568 6774 7683 3214 94388 8810
internal_value=4.26273e-05 0.000736512 0.000511687 0.00253753 0.0089204 -0.00112682 0.00222939 0.00579079 -0.00146522 0.000278964 0.00867348 0.000995162 0.00178428 0.0113113
internal_weight=107043 67181.7 65386.5 19626.4 1795.21 39861.5 19463.5 4994.13 1421.5 22270.4 3572.63 14469.4 12965.1 2721.15
internal_count=3418761 2783187 2775431 302461 7756 635574 301048 73964 9283 357708 64681 227084 97602 56998
cat_boundaries=0 1 3 4
cat_threshold=1735786888 61212744 11 3490341
is_linear=0
shrinkage=0.03


Tree=194
num_leaves=15
num_cat=2
split_feature=28 17 27 18 10 5 16 6 16 1 1 6 18 7
split_gain=98.1403 115.234 90.3435 189.541 105.613 90.7861 90.4238 160.253 203.767 211.139 190.711 117.659 105.25 126.418
threshold=0 30.500000000000004 1 inf 1.0000000180025095e-35 1.0000000180025095e-35 9.5000000000000018 5.5000000000000009 25.500000000000004 99.500000000000014 99.500000000000014 4.5000000000000009 24.500000000000004 9.5000000000000018
decision_type=9 10 9 8 2 2 2 2 2 2 2 2 8 2
left_child=1 -1 5 4 -4 6 -2 8 11 -10 -9 -8 -13 -14
right_child=2 -3 3 -5 -6 -7 7 10 9 -11 -12 12 13 -15
leaf_value=-0.002399398437190811 0.0017733921647405961 0.0013158774501674812 0.0007852969886463435 0.023715444844027784 0.0057552560316138073 0.023589809511926716 -0.023334412883223153 -0.010227550940450443 -0.020307545471004947 0.00034324829240034747 -0.0017170219397704806 0.039391230885798691 -0.0011292194997858382 0.0076292139769372361
leaf_weight=25798.83061170741 8275.6410760590807 10599.90020077629 38256.035261248238 340.79111877456307 4277.6022910652682 136.44939776882529 139.630893509835 3405.4956912156194 711.95418420550413 1188.1434023936745 7788.3714313509408 75.501982863992453 2542.4760660286993 3558.1729616206139
leaf_count=457549 728220 285353 480507 14026 65488 634 1465 683077 194484 102906 376541 392 11676 16709
internal_value=-5.16586e-05 -0.00131708 0.000599969 0.00146374 0.00128525 -0.000731192 -0.000852172 -0.00197165 0.00121011 -0.00740108 -0.00430685 0.00380154 0.00441871 0.00397951
internal_weight=107095 36398.7 70696.3 42874.4 42533.6 27821.8 27685.4 19409.7 8215.88 1900.1 11193.9 6315.78 6176.15 6100.65
internal_count=3419027 742902 2676125 560021 545995 2116104 2115470 1387250 327632 297390 1059618 30242 28777 28385
cat_boundaries=0 1 2
cat_threshold=1376340 2180170641
is_linear=0
shrinkage=0.03


Tree=195
num_leaves=15
num_cat=1
split_feature=16 6 14 1 7 18 14 14 18 7 16 18 29 1
split_gain=87.6988 100.209 101.119 104.73 97.6164 128.128 168.589 116.449 130.915 95.9159 89.9572 88.6614 86.711 88.8873
threshold=15.500000000000002 14.500000000000002 223.55000000000004 99.500000000000014 6.5000000000000009 269.50000000000006 99.029411764705898 141.55277777777781 273.50000000000006 10.500000000000002 25.500000000000004 169.50000000000003 0 124.50000000000001
decision_type=2 2 2 2 2 8 2 2 8 2 2 8 9 2
left_child=1 -1 3 9 -2 6 -6 8 10 11 -7 -3 13 -5
right_child=4 2 -4 12 5 7 -8 -9 -10 -11 -12 -13 -14 -15
leaf_value=0.0050004322474008697 0.00033625736946325206 -0.0086525742713499925 -0.0063837044917874845 0.038737479494498399 -0.021156492501231736 0.052269423326041384 -0.00066158418439737985 -0.0031190773433286286 0.00082378370835362426 -0.00846011855409683 -0.01479287137346174 0.0028519529658200464 0.00065797428129048415 0.0040593201354319555
leaf_weight=4933.571277536219 31864.863138975808 802.96179318707436 1843.3195486995392 66.197393248789012 715.30505048239138 72.38010353804566 728.84481762163341 16190.718022601213 8352.0368562666699 1948.7365199734922 23.355358730535954 2409.6122667528689 30243.265986439306 6788.0911001097411
leaf_count=88381 415628 123903 20026 6072 68598 472 26773 498506 560996 300933 7763 296944 618258 385608
internal_value=1.23812e-05 0.0009461 0.000492452 0.000792532 -0.000777744 -0.00213867 -0.0108206 -0.00162937 0.00122578 -0.00321104 0.0359253 -2.53258e-05 0.00134961 0.00439343
internal_weight=106983 49035.8 44102.2 42258.9 57947.5 26082.6 1444.15 24638.5 8447.77 5161.31 95.7355 3212.57 37097.6 6854.29
internal_count=3418861 1840125 1751744 1731718 1578736 1163108 95371 1067737 569231 721780 8235 420847 1009938 391680
cat_boundaries=0 1
cat_threshold=40
is_linear=0
shrinkage=0.03


Tree=196
num_leaves=15
num_cat=4
split_feature=28 8 10 27 7 18 16 27 6 1 14 18 27 7
split_gain=83.5275 93.0684 92.3343 188.56 266.388 129.484 95.853 245.816 135.374 162.027 141.557 159.127 374.201 262.463
threshold=0 1.5000000000000002 1.0000000180025095e-35 1 2.5000000000000004 59.500000000000007 25.500000000000004 2 5.5000000000000009 130.00000000000003 146.39565217391308 164.50000000000003 3 12.500000000000002
decision_type=9 2 2 9 2 10 2 9 2 2 2 10 9 2
left_child=-1 -2 6 4 -4 -5 8 -8 -3 -10 11 12 13 -11
right_child=1 2 3 5 -6 -7 7 -9 9 10 -12 -13 -14 -15
leaf_value=-0.0012148117122907655 0.0023747268795537629 0.0040742995463367571 0.035079642186321702 0.04141094296640787 -0.0037405252543423039 0.0071333053199147244 -0.01664802942687137 -0.0010408363971444951 -0.0049344544768007747 0.073782297887212425 -0.0007692272205901342 0.0024308084375660346 0.0031805280198625107 0.0098178152809091489
leaf_weight=33571.950610196218 19383.980960765155 6180.6861857222393 166.34247114136815 101.26527007110417 3225.7342265243642 3353.2454494228587 1126.8085420801071 4527.8023575101979 6707.6562168018427 148.23927633650601 23278.194486919791 4558.1497179470025 583.08152387663722 94.724344053305686
leaf_count=698116 225007 37569 1398 834 260073 47997 254332 66988 998717 5486 669566 140251 6711 4974
internal_value=2.45911e-05 0.00059129 -4.82047e-05 0.00320732 -0.00182169 0.00812629 -0.000520438 -0.00418459 -2.16976e-05 -0.000737542 0.00024477 0.00462805 0.0167349 0.047058
internal_weight=107008 73435.9 54051.9 6846.59 3392.08 3454.51 47205.3 5654.61 41550.7 35370 28662.4 5384.19 826.045 242.964
internal_count=3418019 2719903 2494896 310302 261471 48831 2184594 321320 1863274 1825705 826988 157422 17171 10460
cat_boundaries=0 1 2 3 4
cat_threshold=65620 3227697408 2186280960 2147483648
is_linear=0
shrinkage=0.03


Tree=197
num_leaves=15
num_cat=3
split_feature=17 4 12 28 12 7 16 27 2 6 1 16 1 27
split_gain=93.2086 89.5664 240.381 172.574 147.256 95.9833 87.8476 159.628 139.705 104.455 272.755 109.065 261.881 110.779
threshold=19.500000000000004 1.0000000180025095e-35 0.85092592592592597 0 0.65108695652173931 16.500000000000004 9.5000000000000018 1 146.00000000000003 5.5000000000000009 99.500000000000014 25.500000000000004 99.500000000000014 2
decision_type=8 2 2 9 2 2 2 9 2 2 2 2 2 9
left_child=-1 2 3 -2 -3 -5 7 8 -6 11 -11 13 -13 -8
right_child=1 4 -4 5 6 -7 9 -9 -10 10 -12 12 -14 -15
leaf_value=-0.0029775266048763915 0.028215278772653007 -0.0089331278309780701 0.012404929228101665 0.0009226600092245512 -0.00028781243349242048 -0.0043242403044999435 0.0040721182182382187 -0.0031064164530417633 0.0071853632933187514 -0.010384245686744471 -0.00085808931830844907 -0.019848981498175093 0.0020894762835406743 -0.0080959215154792433
leaf_weight=8620.1808221581159 193.53899605665356 1907.2466296714265 1626.6429445184767 52230.559446684085 4083.8609023741446 3337.4259796477854 6561.0044898837805 4437.3124749790877 5016.0930072357878 3453.2086664673407 12473.914176977938 706.38242444093339 1590.8646995609161 740.65795371495187
leaf_count=91236 10278 57386 11450 375937 480885 47704 30273 244984 268513 708158 700722 200995 173896 16895
internal_value=1.35072e-05 0.00027567 0.00104058 0.000708844 -0.000795746 0.000607349 -0.000398224 0.00155527 0.0038277 -0.00143424 -0.00292401 0.00103771 -0.0046621 0.00283138
internal_weight=106979 98358.7 57388.2 55761.5 40970.5 55568 39063.3 13537.3 9099.95 25526 15927.1 9598.91 2297.25 7301.66
internal_count=3419312 3328076 445369 433919 2882707 423641 2825321 994382 749398 1830939 1408880 422059 374891 47168
cat_boundaries=0 1 2 3
cat_threshold=2097152 3356561472 2692743168
is_linear=0
shrinkage=0.03


Tree=198
num_leaves=15
num_cat=5
split_feature=28 8 27 18 1 18 17 28 11 16 16 27 27 16
split_gain=82.2597 78.5535 97.7838 158.626 94.9326 137.987 83.6907 82.4313 69.4963 86.1508 66.7328 102.627 93.4697 155.847
threshold=0 1.5000000000000002 1 1.0000000180025095e-35 846.50000000000011 24.500000000000004 31.500000000000004 2 92.500000000000014 24.500000000000004 12.500000000000002 3 4 11.500000000000002
decision_type=9 2 9 10 2 10 10 9 2 2 2 9 9 2
left_child=-1 2 4 -4 5 -2 7 -5 9 -7 12 -12 13 -3
right_child=1 10 3 6 -6 8 -8 -9 -10 -11 11 -13 -14 -15
leaf_value=-0.0021180141298048614 0.001485490366602889 0.0016736169557446186 0.031730587869941242 0.0042890841621409772 0.0024466624031039999 -0.00079250466932939754 0.0078144385605873785 -0.00028785546504746977 -0.0046062306706382084 -0.020778944198267296 -0.0088200432412838935 -0.00070739301375707486 -0.00062364170945575584 0.012427509493320835
leaf_weight=14149.757384088822 2281.4430097974837 11064.822826509364 171.20940889511257 6752.1041131522506 4217.6837876960635 271.12380817672238 2530.3466644352302 7439.369995450601 1400.5646856892854 682.98498150147498 1447.6229319300037 37281.643207120826 15855.607299761847 1361.2447729357518
leaf_count=312215 62255 858388 10126 70991 20197 12546 16477 42265 15931 13462 21721 1571283 310175 81985
internal_value=1.17132e-05 0.000336804 0.00174525 0.00308259 -0.000809024 -0.0037725 0.00278924 0.00189276 -0.00886544 -0.0151063 -0.000204314 -0.00101331 0.000903528 0.00285029
internal_weight=106908 92757.8 25746.8 16893 8853.8 4636.12 16721.8 14191.5 2354.67 954.109 67010.9 38729.3 28281.7 12426.1
internal_count=3420017 3107802 264250 139859 124391 104194 129733 113256 41939 26008 2843552 1593004 1250548 940373
cat_boundaries=0 1 2 3 4 5
cat_threshold=16 3360694764 18445 5374208 3390263296
is_linear=0
shrinkage=0.03


Tree=199
num_leaves=15
num_cat=4
split_feature=7 9 7 27 27 18 11 18 27 11 27 16 5 14
split_gain=84.0573 136.628 151.964 117.857 99.8956 90.5268 131.712 204.441 169.502 144.285 198.546 87.0156 86.9437 83.5965
threshold=18.500000000000004 1.0000000180025095e-35 2.5000000000000004 0 1 94.500000000000014 233.50000000000003 238.50000000000003 2 144.50000000000003 3 35.500000000000007 1.0000000180025095e-35 99.029411764705898
decision_type=2 2 2 9 9 8 2 8 9 2 9 2 2 2
left_child=1 4 12 -4 -1 -6 9 13 -9 10 -7 -12 -3 -8
right_child=-2 2 3 -5 5 6 7 8 -10 -11 11 -13 -14 -15
leaf_value=-0.024864438955382012 -0.0021330529909894978 0.036708153926552092 -0.00019407953437485545 0.0063611097387141899 -0.0027929537832699631 -0.026996488371204375 -0.038029685167825046 0.00041498191053887008 -0.0041376193535186808 0.0050298715306678959 0.00042880220477760508 0.012999880384828189 -0.0022320250565964726 -0.0019954488652149747
leaf_weight=135.38940839958377 14805.524810130708 189.6032965159975 5090.3751784819178 4788.1437191236764 9623.2261795098893 223.68467143550515 184.30670074967202 34432.419533248059 9350.1804388398305 9045.3178555805935 18284.929366309661 508.36602957546711 70.611456118524075 84.470975573174655
leaf_count=2552 1012042 1702 149438 63647 208192 1394 7796 1051431 213175 324987 377517 2488 418 2318
internal_value=-3.51699e-05 0.000302421 0.00358734 0.0029898 -0.000104409 -6.00435e-05 0.000304676 -0.000718629 -0.000558191 0.001911 0.000427337 0.000769119 0.0261733 -0.0267543
internal_weight=106817 92011 10138.7 9878.52 81872.3 81736.9 72113.7 44051.4 43782.6 28062.3 19017 18793.3 260.215 268.778
internal_count=3419097 2407055 215205 213085 2191850 2189298 1981106 1274720 1264606 706386 381399 380005 2120 10114
cat_boundaries=0 2 3 5 6
cat_threshold=3758524448 3 536871168 3670196260 11 4194304
is_linear=0
shrinkage=0.03


Tree=200
num_leaves=15
num_cat=4
split_feature=18 18 7 27 27 16 1 27 14 27 14 10 7 7
split_gain=77.0903 122.161 103.732 106.394 97.367 94.9047 161.735 94.2247 81.3519 92.2358 75.5797 72.0471 68.1946 75.7572
threshold=955.50000000000011 94.500000000000014 3.5000000000000004 0 1 25.500000000000004 138.50000000000003 2 180.15625000000003 3 149.25543478260872 1.0000000180025095e-35 23.500000000000004 18.500000000000004
decision_type=10 8 2 9 9 2 2 9 2 9 2 2 2 2
left_child=1 4 3 -3 -1 10 -7 12 -9 -10 -4 -5 13 -2
right_child=7 2 5 11 -6 6 -8 8 9 -11 -12 -13 -14 -15
leaf_value=-0.02280827392705256 -0.0021006907775789428 0.0087187883936567824 0.0016074518746384181 0.0017938868497136403 -0.0020173720345989777 -0.01768437445683058 -0.0015064543980476699 0.00049096201004952573 -0.0086153792424465189 -0.0012494438305929729 -0.002229096491201882 0.01639001677443809 0.0039870264512588786 -0.0082745968562882508
leaf_weight=196.3995460299775 3938.0174309974536 2575.4004922183231 25168.857064792654 14163.007369540166 9600.8530006518122 632.61954526160844 4551.5145967651624 26471.213800334604 1912.5260923746973 7537.4422127017751 5659.7294846964069 310.06244336743839 868.81643556593917 3277.8397346080747
leaf_count=1813 306523 62734 1272939 147582 211139 149994 97689 545560 26230 42813 77485 2966 86401 387149
internal_value=-5.83009e-05 0.000615879 0.00118418 0.00311196 -0.00246178 0.000271499 -0.00348367 -0.0010213 -0.000361971 -0.00275139 0.000903062 0.00210624 -0.00394504 -0.00490598
internal_weight=106864 62858.4 53061.2 17048.5 9797.25 36012.7 5184.13 44005.9 35921.2 9449.97 30828.6 14473.1 8084.67 7215.86
internal_count=3419017 2024341 1811389 213282 212952 1598107 247683 1394676 614603 69043 1350424 150548 780073 693672
cat_boundaries=0 2 3 4 5
cat_threshold=1118011428 11 4243584 2167431708 1678114816
is_linear=0
shrinkage=0.03


Tree=201
num_leaves=15
num_cat=0
split_feature=15 11 11 18 10 17 14 18 11 14 7 12 2 6
split_gain=91.9403 104.837 176.056 148.255 143.019 115.325 110.995 104.233 97.2906 96.4537 91.4279 130.286 93.17 154.925
threshold=1.5000000000000002 233.50000000000003 144.50000000000003 238.50000000000003 1.0000000180025095e-35 30.500000000000004 70.785714285714292 955.50000000000011 52.500000000000007 99.029411764705898 2.5000000000000004 0.84412955465587058 109.50000000000001 5.5000000000000009
decision_type=2 2 2 8 2 10 2 10 2 2 2 2 2 2
left_child=1 2 4 9 5 -1 -6 10 -8 -3 -5 -12 13 -13
right_child=-2 3 -4 7 6 -7 8 -9 -10 -11 11 12 -14 -15
leaf_value=-0.0012911041484474724 0.0027353672574198756 -0.036100301496441889 0.004445145604381604 0.0053686538632249543 -0.02015880445842622 0.0047344499822482107 0.029207204449512487 -0.0022092372768357823 0.0075994416265085848 0.00051666890617133184 -0.0025269868109477271 0.0039174135046537838 0.0042772122407687407 -0.005880965870229694
leaf_weight=25446.286094500218 9991.3079549979884 178.05260648787953 9577.4940265617333 2918.2229573098011 91.068521092412993 3219.5352592789568 275.12115553114563 30157.640576275997 587.9918086680118 101.36997124180198 11705.455919229425 2947.4096423829906 6726.864494525129 2861.0953674896155
leaf_count=550644 103051 8122 344758 15405 3579 39770 3201 1187005 11420 2931 132174 110409 388473 519100
internal_value=-4.364e-06 -0.000287192 0.000909599 -0.00110168 -0.000233716 -0.000614216 0.0111861 -0.000995201 0.0145128 -0.0228618 0.000352908 -0.000251107 0.00187413 -0.000909156
internal_weight=106785 96793.6 39197.5 57596.1 29620 28665.8 954.181 57316.7 863.113 279.423 27159 24240.8 12535.4 5808.51
internal_count=3420042 3316991 953372 2363619 608614 590414 18200 2352566 14621 11053 1165561 1150156 1017982 629509
is_linear=0
shrinkage=0.03


Tree=202
num_leaves=15
num_cat=3
split_feature=15 11 11 18 9 14 28 30 14 11 14 1 29 1
split_gain=80.8355 107.21 190.621 152.207 123.213 108.607 104.563 113.269 96.4052 90.0649 85.4029 116.733 99.6267 84.327
threshold=1.5000000000000002 233.50000000000003 144.50000000000003 238.50000000000003 1.0000000180025095e-35 99.029411764705898 0 1 70.785714285714292 60.500000000000007 98.763157894736864 99.500000000000014 2 1693.5000000000002
decision_type=2 2 2 8 2 2 9 1 2 2 2 2 9 2
left_child=1 2 4 5 6 -3 10 -8 -6 -10 12 -12 -1 -5
right_child=-2 3 -4 13 8 -7 7 -9 9 -11 11 -13 -14 -15
leaf_value=0.011033824873702613 0.0025093718824890391 -0.036182932282348632 0.0045582190912838091 -0.0013794946658165425 -0.019834095203583101 0.0022072588654938555 -0.0023681920572073481 -0.014100073916972357 0.026131825907748492 0.0059750837454035947 -0.0060900298017524989 0.00061489468119002512 0.0011052984187603868 0.0028324962060249275
leaf_weight=1326.5233038554434 10004.124776436947 188.72209391382057 9607.1346222396242 52628.690223478014 85.688902957830578 101.79908161400817 6945.4945526455995 820.42823265190236 314.64420288731344 544.49228855082765 2808.083627902437 13903.480657401262 2870.203201506054 4655.4988936781883
leaf_count=39961 102978 8186 344940 2331238 3543 2927 72699 9650 3843 10675 289414 144160 34678 21755
internal_value=-5.77899e-05 -0.000323123 0.00088642 -0.0011472 -0.000304666 -0.0227695 -0.000656056 -0.00362579 0.010349 0.0133789 0.000448628 -0.000512047 0.00427436 -0.00103714
internal_weight=106805 96800.9 39226.2 57574.7 29619 290.521 28674.2 7765.92 944.825 859.136 20908.3 16711.6 4196.73 57284.2
internal_count=3420647 3317669 953563 2364106 608623 11113 590562 82349 18061 14518 508213 433574 74639 2352993
cat_boundaries=0 1 2 3
cat_threshold=2218409 3 12
is_linear=0
shrinkage=0.03


Tree=203
num_leaves=15
num_cat=5
split_feature=15 28 27 18 6 8 29 28 14 2 14 27 1 6
split_gain=67.619 89.0944 86.4325 103.777 82.3666 73.7428 70.8211 93.3977 90.7235 61.587 128.245 61.121 57.5614 183.082
threshold=1.5000000000000002 0 1 inf 29.500000000000004 2.5000000000000004 2 3 1.0000000180025095e-35 844.50000000000011 180.15625000000003 4 138.50000000000003 5.5000000000000009
decision_type=2 9 9 8 2 2 9 9 2 2 2 9 2 2
left_child=1 -1 3 4 6 11 7 8 -3 10 12 -2 13 -4
right_child=5 2 9 -5 -6 -7 -8 -9 -10 -11 -12 -13 -14 -15
leaf_value=-0.0018908087056230742 -0.0037805531483661257 0.019317236762144498 0.0020642380491131011 0.021409331033897385 -0.01011200188429243 0.00060384174542280522 0.0010668893370746951 0.00088683401406817487 0.0060066934568118215 0.0026111776733801066 -0.0059768296691250595 0.0077834973191367052 0.00048642592766825435 -0.004817215535629576
leaf_weight=21613.499744702363 479.30489188991487 652.02908013947308 6231.6802624772536 250.16912976559252 490.75729705020785 6738.418525405461 10690.413072613068 1967.7575367446989 1571.5430815308355 6167.4896288365126 3656.2419062778354 2784.9502103948034 35610.099962395616 7876.6839766001794
leaf_count=471429 8685 35585 244205 13336 5658 79419 273886 31917 10212 29740 32530 14635 934700 1233414
internal_value=4.88413e-05 -0.000193872 0.00029431 0.00227952 0.00196832 0.00239694 0.00236734 0.00566717 0.00987236 -0.000226895 -0.000554921 0.00609712 -0.000156088 -0.00177774
internal_weight=106781 96778.4 75164.9 15622.7 15372.5 10002.7 14881.7 4191.33 2223.57 59542.2 53374.7 3264.26 49718.5 14108.4
internal_count=3419351 3316612 2845183 370594 357258 102739 351600 77714 45797 2474589 2444849 23320 2412319 1477619
cat_boundaries=0 1 3 4 5 6
cat_threshold=1310804 1778718818 9 12 515 1750401092
is_linear=0
shrinkage=0.03


Tree=204
num_leaves=15
num_cat=4
split_feature=17 30 27 18 27 17 18 28 11 9 6 16 11 6
split_gain=79.9783 86.846 71.4845 68.1843 103.986 95.7451 101.861 98.9083 84.9517 156.522 211.27 81.0136 79.4261 168.246
threshold=22.500000000000004 0 1 955.50000000000011 2 34.500000000000007 94.500000000000014 3 668.50000000000011 1.0000000180025095e-35 5.5000000000000009 23.500000000000004 552.50000000000011 8.5000000000000018
decision_type=8 1 9 10 9 10 8 9 2 2 2 2 2 2
left_child=1 2 -1 5 8 6 -2 -7 12 11 -11 -10 -5 -14
right_child=3 -3 -4 4 -6 7 -8 -9 9 10 -12 -13 13 -15
leaf_value=-0.0055684968123602685 -0.0025971700313491236 -0.013731003277983931 -0.0006518869369449259 -0.0015884132493895584 0.00018515214320362596 0.020748109016059519 0.0012912899218832504 0.0040179572098920603 -0.00070366387346946298 0.031476347477918484 -0.0043905754518750563 -0.027923705692715146 -0.020706734146476329 -0.0046572301587662077
leaf_weight=3143.6681782379746 7209.2095860170666 518.50689734052867 17084.782514225575 3170.938358024694 28775.144506120589 339.41030178230722 38111.384115977678 3713.8957170981448 332.46893442654982 309.23231287393719 281.89484394434839 138.81131174019538 751.82341418368742 2686.8944086807314
leaf_count=21216 189077 5738 220765 268043 538676 4146 1607276 73751 36126 7627 39454 11334 89716 305049
internal_value=-6.27584e-05 -0.00173424 -0.00141858 0.000341332 -0.000642857 0.00106785 0.000672704 0.00548474 -0.0037434 0.00412279 0.0143937 -0.00876323 -0.00501388 -0.00817121
internal_weight=106568 20747 20228.5 85821.1 36447.2 49373.9 45320.6 4053.31 7672.06 1062.41 591.127 471.28 6609.66 3438.72
internal_count=3417994 247719 241981 3170275 1296025 1874250 1796353 77897 757349 94541 47081 47460 662808 394765
cat_boundaries=0 1 2 4 5
cat_threshold=3 542507048 2167464125 3 1051136
is_linear=0
shrinkage=0.03


Tree=205
num_leaves=15
num_cat=3
split_feature=17 28 4 5 2 9 7 4 12 29 1 12 7 28
split_gain=66.9444 100.027 82.6285 93.6252 86.8288 65.4376 142.466 107.03 71.5238 68.631 63.2444 60.0388 69.6878 60.4148
threshold=30.500000000000004 0 1.0000000180025095e-35 1.0000000180025095e-35 239.00000000000003 1.0000000180025095e-35 2.5000000000000004 1.0000000180025095e-35 0.94281045751633996 1 99.500000000000014 0.94281045751633996 3.5000000000000004 2
decision_type=10 9 2 2 2 2 2 2 2 9 2 2 2 9
left_child=1 -1 4 -4 11 9 -7 8 -8 -3 -9 12 13 -2
right_child=2 5 3 -5 -6 6 7 10 -10 -11 -12 -13 -14 -15
leaf_value=-0.001850654909421937 0.021855792021781322 0.0009886519303440556 -0.0021883547757906734 0.0078532347154519223 -0.00012376523256602426 0.028094212811738812 0.0065640008993586409 -0.0055441577665159688 0.029916396404190096 -0.0011634416664702723 0.001932268044845081 0.030031082487547316 0.0021319988254286672 0.0069084860748875685
leaf_weight=27304.200804341584 261.34652167931199 27984.86079627648 6257.1925071168225 963.45379438996315 4204.5518887005746 196.38861670624465 2003.3379507763311 1379.0522649852792 124.557567730546 25458.352851183387 3883.7572897837963 86.584568545222282 3567.7736979257315 2985.4621520489454
leaf_count=485381 1928 637374 419528 4123 21218 1721 16750 175576 1071 1422003 184382 729 28430 18556
internal_value=5.53862e-07 -0.000341783 0.00165057 -0.000847599 0.00327475 0.000333535 0.00294057 0.00226847 0.00794436 -3.65605e-05 -2.75153e-05 0.00534502 0.00502701 0.00820657
internal_weight=106661 88334.5 18326.4 7220.65 11105.7 61030.3 7587.09 7390.71 2127.9 53443.2 5262.81 6901.17 6814.58 3246.81
internal_count=3418770 2924258 494512 423651 70861 2438877 379500 377779 17821 2059377 359958 49643 48914 20484
cat_boundaries=0 1 2 3
cat_threshold=1638486 38 1048576
is_linear=0
shrinkage=0.03


Tree=206
num_leaves=15
num_cat=3
split_feature=7 9 7 15 18 12 17 14 28 7 15 28 16 28
split_gain=72.8928 117.512 94.984 91.2091 81.2792 77.8466 77.4119 112.49 94.3156 76.4027 80.1699 79.0187 68.3094 232.595
threshold=13.500000000000002 1.0000000180025095e-35 2.5000000000000004 2.5000000000000004 1012.5000000000001 0.84807692307692317 31.500000000000004 180.15625000000003 0 3.5000000000000004 1.0000000180025095e-35 1 11.500000000000002 2
decision_type=2 2 2 2 10 2 10 2 9 2 2 9 2 9
left_child=1 3 -3 6 5 -2 8 9 -1 10 -8 -12 13 -5
right_child=4 2 -4 12 -6 -7 7 -9 -10 -11 11 -13 -14 -15
leaf_value=-0.0022019453850492237 -0.0029256013100103007 0.022380124446510101 0.0036890002009609172 -0.033618762949122888 -0.0025566524368317006 0.002538177921457929 0.0058613912254329359 -0.001185401883986746 0.00035508245017589564 0.001154291051919284 0.032729613377427254 0.010075403212356117 0.0099024688166394915 0.0062169713483491117
leaf_weight=18828.345962324413 3473.3956578949001 254.31793227419257 5912.2784914782969 147.70172810647637 17409.413426464074 7231.2725764554925 2328.2249347954057 4158.3750414669048 41754.370466888184 2179.9580282435054 206.04176810896024 482.55866474146023 1475.4221325400285 770.70836322940886
leaf_count=204374 52382 2116 127003 821 984830 516732 25373 27278 1399353 57387 1672 3601 10837 4219
internal_value=1.89042e-05 0.000488357 0.00446335 0.000149415 -0.00129184 0.000765211 -4.77151e-05 0.00249204 -0.000439938 0.00543433 0.00852567 0.0175123 0.00590635 -0.000517176
internal_weight=106612 78498.3 6166.6 72331.7 28114.1 10704.7 69937.9 9355.16 60582.7 5196.78 3016.83 688.6 2393.83 918.41
internal_count=3417978 1864034 129119 1734915 1553944 569114 1719038 115311 1603727 88033 30646 5273 15877 5040
cat_boundaries=0 1 2 3
cat_threshold=1376862 1048576 1048576
is_linear=0
shrinkage=0.03


Tree=207
num_leaves=15
num_cat=3
split_feature=15 27 8 27 11 11 8 18 14 28 1 6 11 11
split_gain=76.72 154.134 87.9903 96.5782 181.801 330.599 178.416 165.181 94.8829 85.1078 79.7918 163.763 195.839 185.12
threshold=1.0000000180025095e-35 0 3.5000000000000004 1 507.50000000000006 518.50000000000011 4.5000000000000009 1670.5000000000002 102.06250000000001 2 138.50000000000003 5.5000000000000009 668.50000000000011 549.50000000000011
decision_type=2 9 2 9 2 2 2 10 2 9 2 2 2 2
left_child=9 -2 -3 4 6 -6 7 -4 -5 -1 11 12 13 -11
right_child=1 2 3 8 5 -7 -8 -9 -10 10 -12 -13 -14 -15
leaf_value=0.0023023999920126163 -0.0033201879252459355 0.0037791154264377289 0.00052774092270838101 0.020881027824581667 0.040679184861861568 0.0051025232262308234 0.0058366551241039273 -0.035466267591512585 -0.0011615220465767016 0.00038449888436093257 -0.00038874148290771123 -0.0067347098407776621 0.025908853801071746 -0.022819162942701664
leaf_weight=8449.8740791251184 5626.4239904894494 14162.211261008168 231.17268725344911 177.61821440048516 307.8972007764969 985.25930745876394 857.44533625105396 226.78431624150835 10967.251493977848 5828.828288045479 52404.69632674451 5797.9692098307423 255.46124901738949 325.79149131325539
leaf_count=416571 182563 138969 14804 1125 2747 67846 81497 2009 165374 201077 1202557 908927 7343 26983
internal_value=1.81241e-05 0.00120589 0.00211865 0.000410216 0.00559347 0.0135981 -0.00223768 -0.0173352 -0.000807659 -0.000527174 -0.000897465 -0.00308176 0.000222906 -0.000847282
internal_weight=106605 33542.1 27915.6 13753.4 2608.56 1293.16 1315.4 457.957 11144.9 73062.6 64612.7 12208.1 6410.08 6154.62
internal_count=3420392 656934 474371 335402 168903 70593 98310 16813 166499 2763458 2346887 1144330 235403 228060
cat_boundaries=0 2 3 4
cat_threshold=557116182 2 2281902080 2115970
is_linear=0
shrinkage=0.03


Tree=208
num_leaves=15
num_cat=5
split_feature=16 27 15 7 11 9 27 27 27 6 6 7 14 27
split_gain=69.8332 104.94 103.838 91.132 97.8185 135.535 180.27 130.507 120.634 101.145 98.8637 88.8323 83.7474 80.2215
threshold=14.500000000000002 0 1.0000000180025095e-35 19.500000000000004 652.50000000000011 1.0000000180025095e-35 1 2 3 5.5000000000000009 4.5000000000000009 28.500000000000004 223.55000000000004 4
decision_type=2 9 2 2 2 2 9 9 9 2 2 2 2 9
left_child=1 -1 12 13 7 8 9 -5 -6 10 -7 -12 -3 -2
right_child=3 2 -4 4 5 6 -8 -9 -10 -11 11 -13 -14 -15
leaf_value=-0.0028304873610505597 -0.0038897249243061167 0.00062161544598088704 0.0034767037938028163 -0.013495493470282937 0.00976000825549031 -0.0083831111551038104 -0.006012469683443193 -0.0011754287159406662 -0.010901583508452693 0.0024515525128198799 0.039205024678674823 -0.005606318890610037 -0.0086570716060928015 7.3676637303532285e-05
leaf_weight=5956.2975538903847 5054.0239923389163 24903.870463182917 14377.799855784047 1678.3404470739188 324.13611394213513 59.243293126812205 481.62223111279309 1445.9880827721208 1075.6313462919788 229.19684459734708 304.89441773039289 45.504674245603383 906.36638273764402 49656.088718550978
leaf_count=186195 126053 1214179 322576 179763 22056 10750 18504 77235 92491 31524 2743 372 12675 1122099
internal_value=4.01421e-06 0.000882572 0.00143329 -0.000667693 -0.00429662 0.000100841 0.00787304 -0.00784272 -0.00612169 0.0181448 0.0273397 0.0333862 0.000295457 -0.000293217
internal_weight=106499 46144.3 40188 60354.7 5644.56 2520.23 1120.46 3124.33 1399.77 638.839 409.642 350.399 25810.2 54710.1
internal_count=3419215 1735625 1549430 1683590 435438 178440 63893 256998 114547 45389 13865 3115 1226854 1248152
cat_boundaries=0 1 2 3 4 5
cat_threshold=556041089 2424571904 2417099008 1108345155 1108476160
is_linear=0
shrinkage=0.03


Tree=209
num_leaves=15
num_cat=3
split_feature=18 11 18 11 27 27 15 18 0 2 27 9 11 8
split_gain=76.8872 124.402 154.905 110.827 200.262 93.7765 110.062 97.5712 98.7472 87.3977 81.6031 76.1873 68.3366 66.5575
threshold=94.500000000000014 233.50000000000003 238.50000000000003 144.50000000000003 0 1 1.0000000180025095e-35 1147.5000000000002 397.50000000000006 99.500000000000014 2 1.0000000180025095e-35 179.50000000000003 1.5000000000000002
decision_type=8 2 8 2 9 9 2 10 2 2 9 2 2 2
left_child=10 3 9 4 -2 -4 7 8 -7 -3 -1 -6 -5 -8
right_child=1 2 5 12 11 6 13 -9 -10 -11 -12 -13 -14 -15
leaf_value=-0.02149139435087374 -0.026951050917372661 -0.035052340799938304 -0.0043766222026716522 0.0074566279854346726 0.00054662781420285167 -0.0004110846888863028 0.0047751653170064806 -0.002916558925616266 0.0069027549202545953 -0.00020116062078780658 -0.0021273578325394734 0.010332276128715236 0.0023810071069752946 0.00075255830699693434
leaf_weight=189.32638549804688 223.83292469754815 180.6419458410237 4832.4838895529974 4079.8137280854862 18769.424435724039 18606.290411133901 4468.939339635428 15464.751142058987 1823.2975590974092 100.65941183711402 9568.0488472091965 743.4636551309377 5756.4795110574923 21548.027562022442
leaf_count=1583 1416 8247 190661 125055 379589 1114172 30767 707001 8543 2781 211288 13035 221347 400031
internal_value=8.37377e-06 0.000264743 -0.00045038 0.00188548 0.000588895 -0.000356579 -4.2015e-05 -0.0011189 0.000241966 -0.0226263 -0.00252945 0.000919512 0.00448677 0.00144368
internal_weight=106355 96598.1 67025.1 29573 19736.7 66743.8 61911.3 35894.3 20429.6 281.301 9757.38 19512.9 9836.29 26017
internal_count=3415516 3202645 2462203 740442 394040 2451175 2260514 1829716 1122715 11028 212871 392624 346402 430798
cat_boundaries=0 1 2 3
cat_threshold=4194304 20187510 4227072
is_linear=0
shrinkage=0.03


Tree=210
num_leaves=15
num_cat=6
split_feature=7 10 27 27 18 7 27 27 27 18 8 4 28 17
split_gain=73.8406 100.162 110.579 104.973 98.267 95.5373 111.914 85.152 76.7509 86.4902 84.1949 76.0911 76.185 102.467
threshold=20.500000000000004 1.0000000180025095e-35 0 1 65.500000000000014 2.5000000000000004 2 3 4 59.500000000000007 6.5000000000000009 1.0000000180025095e-35 5 29.500000000000004
decision_type=2 2 9 9 10 2 9 9 9 8 2 2 9 10
left_child=1 3 4 -1 -3 7 -7 -4 11 -10 -11 12 -5 -14
right_child=-2 2 5 8 -6 6 -8 -9 9 10 -12 -13 13 -15
leaf_value=-0.024348706534943854 -0.00259565398756009 0.049671706088550822 0.033702660821093987 0.0026436900220289045 0.010557467463361692 -0.0062408957431108018 0.003248749008156243 -0.0057108967578241594 -0.0036439970430056385 0.0010386970365840811 -0.010327107055072325 -0.0039086227003382054 -0.0033321517537346422 0.0017393565049205167
leaf_weight=148.50290970760398 8814.0748006762005 61.052869028877467 144.78380430722609 5573.0265653133392 868.71689663035795 1344.3947396972217 6407.3993042979855 74.290170047432184 4003.8450681297109 55666.502712329268 591.83411094779149 7334.1326546561904 9654.2503034882247 5702.7975159808993
leaf_count=3157 634687 600 1290 36418 20871 109698 76492 423 107638 1984676 11261 332798 65782 33311
internal_value=3.3856e-05 0.000271406 0.00330506 -3.31271e-05 0.0130364 0.00214939 0.00159851 0.0216438 1.0686e-05 0.000615626 0.000918948 -0.00127885 -0.000357812 -0.00144793
internal_weight=106390 97575.5 8900.64 88674.9 929.77 7970.87 7751.79 219.074 88526.4 60262.2 56258.3 28264.2 20930.1 15357
internal_count=3419102 2784415 209374 2575041 21471 187903 186190 1713 2571884 2103575 1995937 468309 135511 99093
cat_boundaries=0 1 2 3 4 5 6
cat_threshold=196153924 536871168 2147672064 2147483648 225739411 2115587
is_linear=0
shrinkage=0.03


Tree=211
num_leaves=15
num_cat=4
split_feature=18 11 18 14 2 27 27 11 27 14 18 7 1 27
split_gain=67.5757 119.28 161.445 85.2667 145.377 96.973 82.0781 80.7444 179.813 79.9281 90.0048 75.1425 72.9081 70.803
threshold=94.500000000000014 233.50000000000003 238.50000000000003 154.11032388663969 1693.5000000000002 0 1 144.50000000000003 2 936.83333333333337 786.50000000000011 20.500000000000004 99.500000000000014 3
decision_type=8 2 8 2 2 9 9 2 9 2 10 2 2 9
left_child=6 7 12 11 5 -5 -1 8 -2 -6 -11 13 -3 -4
right_child=1 2 3 4 9 -7 -8 -9 -10 10 -12 -13 -14 -15
leaf_value=-0.021544508733092299 -0.025592519020912783 -0.034424768232531551 -0.0047655487197824442 -0.0099590632766005903 0.011342848945314584 -0.0025167413001311464 -0.0020019924615358479 0.0040144143359319602 0.0010037750439956662 0.0084874767165359737 -0.0018343093009162918 -0.0022346905141005153 -0.0029718659401195601 0.0012018392483254033
leaf_weight=186.73163155466318 220.5024398714304 180.99251227045897 1873.2158590715844 1765.2481271633878 791.42739443480968 14285.079798708204 9586.0150680094957 9881.490838677506 19555.316211109981 1032.4183330982924 2876.2448967546225 8396.1531967167975 104.68345509469509 35769.772735996637
leaf_count=1588 1421 8301 165825 21736 4055 147899 211984 346624 393444 4655 13219 623001 2840 1473181
internal_value=-2.43519e-05 0.000215846 -0.000484647 -0.000388216 -0.00198481 -0.00334361 -0.00240166 0.0018001 0.000693511 0.00265507 0.000893519 0.000331415 -0.0229497 0.000903821
internal_weight=106505 96732.5 67075.2 66789.6 20750.4 16050.3 9772.75 29657.3 19775.8 4700.09 3908.66 46039.1 285.676 37643
internal_count=3419773 3206201 2464712 2453571 191564 169635 213572 741489 394865 21929 17874 2262007 11141 1639006
cat_boundaries=0 2 3 4 5
cat_threshold=3759538176 2 4227072 4194304 24150291
is_linear=0
shrinkage=0.03


Tree=212
num_leaves=15
num_cat=1
split_feature=17 11 28 11 16 7 7 11 6 11 18 14 6 7
split_gain=65.7661 100.968 99.3624 98.1052 66.2426 64.9277 74.024 149.987 94.9018 74.3066 66.2387 61.9343 61.4528 62.2766
threshold=30.500000000000004 362.50000000000006 0 92.500000000000014 9.5000000000000018 18.500000000000004 23.500000000000004 668.50000000000011 5.5000000000000009 694.50000000000011 1012.5000000000001 134.11756756756759 4.5000000000000009 31.500000000000004
decision_type=10 2 9 2 2 2 2 2 2 2 10 2 2 2
left_child=2 -2 3 -1 -4 -6 9 -8 12 10 -7 -5 -9 -14
right_child=1 -3 4 11 5 6 7 8 -10 -11 -12 -13 13 -15
leaf_value=-0.0059203089182708873 0.0048637651083784173 8.2078025576263501e-05 0.0018115319159731499 0.003930501951395121 8.9261409223046262e-05 0.00022532300276118937 -0.012354744177872492 -0.0086400424072914581 -0.00096443133323416397 -0.022456799013491315 -0.0074478652931312611 -0.0015693216853667217 0.03720443037225013 -0.0086497026850441104
leaf_weight=4508.2539395787753 5866.5890904072439 12317.343547098804 18432.439503681846 2027.7069783156039 37979.338435920421 1778.0273232897744 279.11871595645789 39.020776359830052 194.05521070072427 208.6194083658047 2350.5687567404239 20111.95723205409 218.20547836460173 29.964129457250237
leaf_count=40333 94761 399392 825139 52483 1186576 133457 29503 5607 24351 11124 231872 382405 1405 146
internal_value=-1.76906e-05 0.00162495 -0.000356528 -0.00188627 0.000306486 -0.000337473 -0.00351623 0.00511305 0.0152488 -0.00502988 -0.00414406 -0.00106545 0.0261695 0.0316555
internal_weight=106341 18183.9 88157.3 26647.9 61509.4 43076.9 5097.58 760.364 481.246 4337.22 4128.6 22139.7 287.19 248.17
internal_count=3418554 494153 2924401 475221 2449180 1624041 437465 61012 31509 376453 365329 434888 7158 1551
cat_boundaries=0 1
cat_threshold=1900628
is_linear=0
shrinkage=0.03


Tree=213
num_leaves=15
num_cat=5
split_feature=15 27 7 16 27 29 27 12 18 18 18 15 2 27
split_gain=61.2811 117.917 108.163 100.222 65.5147 66.5944 72.6854 62.819 87.8968 386.654 299.585 72.3618 63.0279 62.4508
threshold=1.0000000180025095e-35 0 4.5000000000000009 25.500000000000004 1 2 3 0.35504201680672276 1704.5000000000002 1683.5000000000002 1727.5000000000002 2.5000000000000004 149.50000000000003 4
decision_type=2 9 2 2 9 9 9 2 10 10 10 2 2 9
left_child=4 -2 -3 7 -1 13 -7 8 9 11 12 -4 -10 -6
right_child=1 2 3 -5 5 6 -8 -9 10 -11 -12 -13 -14 -15
leaf_value=0.0080662671929536117 -0.002678376522270457 0.0054526565801522112 -0.000733777724965481 -0.0037576990418752383 -0.00075553612770322095 -0.0097876471431183349 -0.001258659455764129 0.0043392823479309044 -0.006358368351918514 -0.032603067017576676 0.0014811538396102436 0.0065921673890238144 0.036748515583224131 0.0018224132367353572
leaf_weight=783.57796171633527 6220.8229955951683 6003.2598343801219 7804.8388811596669 3485.5409446586855 19585.771867716452 911.49760740133934 36727.239037991385 5890.06631085556 33.752358447760344 329.8242700137198 2092.7846441110596 1435.8220433094539 293.70695130340755 14868.478212526999
leaf_count=20200 178106 68438 56741 58250 186950 13105 1972229 268909 232 2056 14814 7621 1894 569434
internal_value=-1.28883e-05 0.00104723 0.00189438 0.000895294 -0.000501529 -0.0005958 -0.00146801 0.00180247 0.000556086 -0.000735713 0.0056625 0.000405124 0.0322995 0.000357186
internal_weight=106467 33590.4 27369.6 21366.3 72876.6 72093 37638.7 17880.8 11990.7 9570.49 2420.24 9240.66 327.459 34454.3
internal_count=3418979 657061 478955 410517 2761918 2741718 1985334 352267 83358 66418 16940 64362 2126 756384
cat_boundaries=0 2 4 5 7 8
cat_threshold=561260810 2 564203522 1 38 33603968 2 340918664
is_linear=0
shrinkage=0.03


Tree=214
num_leaves=15
num_cat=0
split_feature=17 16 7 11 14 14 6 16 11 11 7 14 1 18
split_gain=66.7824 76.9189 98.4319 113.4 153.271 110.004 139.512 247.427 145.724 337.583 194.929 148.154 135.125 128.722
threshold=19.500000000000004 16.500000000000004 6.5000000000000009 273.50000000000006 127.36835748792272 136.58477011494256 5.5000000000000009 25.500000000000004 639.50000000000011 606.50000000000011 15.500000000000002 107.51923076923079 99.500000000000014 298.50000000000006
decision_type=8 2 2 2 2 2 2 2 2 2 2 2 2 8
left_child=-1 -2 -3 4 -4 6 7 8 9 10 13 -12 -8 -5
right_child=1 2 3 5 -6 -7 12 -9 -10 -11 11 -13 -14 -15
leaf_value=-0.0025556816558116617 0.0010802753359983265 0.00058961150644049141 -0.014554703999347187 0.04769774319142274 0.00017566370573147996 -0.0026742196670007821 -0.012626520112574232 -0.010979760832262252 0.031951753893351746 -0.032898909796800171 0.044055209742048615 0.0025238740370922296 0.0033093094664703696 0.0055896098804455452
leaf_weight=8565.8277174758259 47058.980472118594 27950.850338399177 1427.1373451929539 66.407151240855455 1145.7302253321977 14660.645742585999 911.44586838060059 653.41988961328752 236.25591340474784 173.90944503061473 241.15382225625217 113.74180159904063 1007.1324506232049 2155.923769954592
leaf_count=91198 1889378 374962 127605 280 36701 501097 198991 123467 1262 1167 1078 633 61645 8948
internal_value=-1.58245e-05 0.000206647 -0.000603548 -0.00206668 -0.00799757 -0.00131165 0.00228141 0.00573075 0.00938822 0.00743965 0.0101734 0.0307892 -0.00426385 0.00686876
internal_weight=106369 97802.7 50743.8 22792.9 2572.87 20220 5559.39 3640.81 2987.39 2751.14 2577.23 354.896 1918.58 2222.33
internal_count=3418412 3327214 1437836 1062874 164306 898568 397471 136835 13368 12106 10939 1711 260636 9228
is_linear=0
shrinkage=0.03


Tree=215
num_leaves=15
num_cat=3
split_feature=17 11 28 11 27 16 14 16 14 18 27 11 1 14
split_gain=63.7672 97.9827 94.1092 91.0506 81.2067 91.335 290.191 173.745 106.64 105.175 72.4741 61.0575 56.8624 56.208
threshold=30.500000000000004 197.50000000000003 0 92.500000000000014 1 11.500000000000002 149.89444444444447 12.500000000000002 151.58712121212125 786.50000000000011 2 294.50000000000006 149.50000000000003 149.25543478260872
decision_type=10 2 9 2 9 2 2 2 2 10 9 2 2 2
left_child=2 -2 3 10 5 6 9 -7 -8 12 -1 -5 -3 -11
right_child=1 4 -4 11 -6 7 8 -9 -10 13 -12 -13 -14 -15
leaf_value=-0.012816988097696333 0.0056668995091600704 0.0043672018958324848 0.00039545875669651638 0.0019490666260685941 -0.00034149601512993257 0.040344501433269175 -0.037293809723430799 0.0048521201527798735 0.0027964615586089192 0.0050305036879118034 -0.0035942153816539346 -0.0017158028764183242 0.034543839839037756 -0.039621508807792638
leaf_weight=946.06352211348712 4210.2729295799509 78.400682219304144 58894.614756154362 5210.5114290890051 12523.414808268775 185.19349733367562 186.60671294108033 373.40396807412617 87.402922855690122 349.58687756303698 4034.2776551041752 19034.811137338053 200.34035896509886 26.353574143722653
leaf_count=8302 54323 766 2402614 79920 429907 1074 1046 2311 721 2554 36183 396744 1702 147
internal_value=3.88332e-05 0.00165434 -0.000295225 -0.00168659 0.000448225 0.00704861 0.00132551 0.0166701 -0.0245422 0.0121731 -0.00538134 -0.000928146 0.0261021 0.00180357
internal_weight=106341 18221 88120.3 29225.7 14010.7 1487.29 928.691 558.597 274.01 654.681 4980.34 24245.3 278.741 375.94
internal_count=3418314 494551 2923763 521149 440228 10321 6936 3385 1767 5169 44485 476664 2468 2701
cat_boundaries=0 1 2 3
cat_threshold=1901148 570593600 575799296
is_linear=0
shrinkage=0.03


Tree=216
num_leaves=15
num_cat=2
split_feature=18 11 11 27 16 2 27 14 7 18 18 18 1 1
split_gain=62.3707 126.418 133.517 183.811 85.2243 110.65 106.561 89.5062 109.144 128.165 460.264 205.01 119.114 73.281
threshold=94.500000000000014 203.50000000000003 144.50000000000003 0 18.500000000000004 1693.5000000000002 1 173.8666666666667 10.500000000000002 1704.5000000000002 1683.5000000000002 1727.5000000000002 99.500000000000014 18.000000000000004
decision_type=8 2 2 9 2 2 9 2 2 8 10 8 2 2
left_child=-1 2 3 -2 6 -6 -3 8 9 10 -8 -11 13 -10
right_child=1 4 -4 -5 5 -7 7 -9 12 11 -12 -13 -14 -15
leaf_value=-0.0023043831777524912 -0.025965841376566115 -0.0039070727814880246 0.0055605093273036043 0.0010293582500698027 -0.0021955071670324362 0.0027729515122398569 0.0040386756113192047 -0.00387494529521682 0.0032507000556675895 0.034394648044768925 -0.033697460055512746 0.0070867514674692348 0.0013070935862152832 -0.0085634302154992386
leaf_weight=9733.7865410614759 218.68163065612316 4197.6005352730863 6909.0208668613341 19600.099250065396 29707.962831519777 4667.1402478814125 7290.3060695386957 2864.9584008269012 625.65371126681566 289.62232093326747 301.98679721960798 1671.0867854843382 16308.7502238038 1924.0849959624466
leaf_count=213389 1437 180828 222406 393255 973339 21762 222163 35399 5097 2731 2656 73281 712683 357101
internal_value=-1.56518e-05 0.000215046 0.00196964 0.000717615 -0.00045637 -0.00152087 0.000575171 0.00117771 0.00168774 0.00430007 0.00253346 0.011136 0.000364278 -0.00566435
internal_weight=106311 96577 26727.8 19818.8 69849.2 34375.1 35474 31276.4 28411.5 9553 7592.29 1960.71 18858.5 2549.74
internal_count=3417527 3204138 617098 394692 2587040 995101 1591939 1411111 1375712 300831 224819 76012 1074881 362198
cat_boundaries=0 1 2
cat_threshold=4194304 557089667
is_linear=0
shrinkage=0.03


Tree=217
num_leaves=15
num_cat=4
split_feature=15 27 11 11 11 17 11 27 27 18 7 16 1 30
split_gain=58.7364 65.7734 146.203 188.518 64.3033 61.6734 105.376 92.9464 66.8354 83.8851 85.7302 93.8689 88.6592 78.6704
threshold=2.5000000000000004 0 488.50000000000006 518.50000000000011 483.50000000000006 28.500000000000004 365.50000000000006 1 2 53.500000000000007 7.5000000000000009 25.500000000000004 109.50000000000001 3
decision_type=2 9 2 2 2 10 2 9 9 8 2 2 2 1
left_child=5 -2 4 -4 -3 8 -7 -8 13 -10 -11 -12 -13 -1
right_child=1 2 3 -5 -6 6 7 -9 9 10 11 12 -14 -15
leaf_value=0.0002704734369114214 0.0066789600223705736 -0.0037300601793568032 0.032416770594923261 -0.0040902217141549164 -0.036099231366363789 0.0042691123021948944 0.0070465600618904506 -0.00092072942408717891 -0.0042048298793967856 0.0013430930510815585 -0.00027306321510196829 -0.017256095027587837 -0.0035400527589442869 -0.0042994464289729138
leaf_weight=5945.7256031162106 2360.2757501828019 91.309876441024244 161.89316186774522 581.92071420233697 139.79048529453576 7398.4424302851548 1453.2090568591375 13169.855283900164 4099.9570665180217 31135.324895445723 28132.902620448032 486.00133793218993 3293.8930992207024 7887.5408892170526
leaf_count=65072 13665 2186 1306 17048 949 118212 9709 469750 100615 742925 1509250 126591 145422 97519
internal_value=7.10422e-05 0.00398871 -0.00256671 0.00388848 -0.023381 -5.58479e-05 0.00135183 -0.000124341 -0.000438654 -4.7276e-05 0.00022314 -0.000869535 -0.0053077 -0.00233658
internal_weight=106338 3335.19 974.914 743.814 231.1 103003 22021.5 14623.1 80981.3 67148.1 63048.1 31912.8 3779.89 13833.3
internal_count=3420219 35154 21489 18354 3135 3385065 597671 479459 2787394 2624803 2524188 1781263 272013 162591
cat_boundaries=0 1 2 3 4
cat_threshold=2483292160 570593536 561430912 12
is_linear=0
shrinkage=0.03


Tree=218
num_leaves=15
num_cat=4
split_feature=9 4 11 5 27 11 6 6 2 11 27 27 27 11
split_gain=57.7313 180.754 115.42 117.159 165.341 112.12 205.762 116.408 105.874 94.0224 86.6462 82.1629 74.066 100.517
threshold=1.0000000180025095e-35 1.0000000180025095e-35 60.500000000000007 1.0000000180025095e-35 0 674.50000000000011 5.5000000000000009 4.5000000000000009 60.000000000000007 694.50000000000011 1 2 3 431.50000000000006
decision_type=2 2 2 2 9 2 2 2 2 2 9 9 9 2
left_child=9 -2 8 5 -5 -4 7 -7 -3 10 -1 -11 13 -12
right_child=1 2 3 4 -6 6 -8 -9 -10 11 12 -13 -14 -15
leaf_value=-0.022767355409143618 0.0060994980981411177 -0.0221044981474494 -0.0048927528878292591 0.00096757205794356974 0.021581344880832489 -0.011710512370500649 -0.0048079249198263842 0.031238995891009001 0.023508978174261404 -0.026744021613633616 -0.00032590862176657846 -0.0014538806113356735 0.00035873707868971114 -0.0042627079222115997
leaf_weight=142.65999789629132 5392.9236358399503 53.470866199582815 6094.7596785002388 2882.3667823001742 388.18804307281971 69.006114650750533 606.4373149422463 308.43393967440352 291.79637658502907 215.14807078242302 19471.103320464492 251.79442462511361 61752.780960327829 8335.2058393806219
leaf_count=3550 43428 591 464133 12154 1720 8014 55878 2231 4442 13788 195641 7166 2299654 305706
internal_value=-3.34799e-05 0.00162198 -0.000636262 -0.0012062 0.00348903 -0.00337573 0.00601708 0.0233765 0.0164015 -0.000328853 -0.000258882 -0.0137414 -0.000220207 -0.00150557
internal_weight=106256 16087.4 10694.5 10349.2 3270.55 7078.64 983.877 377.44 345.267 90168.7 89701.8 466.942 89559.1 27806.3
internal_count=3418096 592591 549163 544130 13874 530256 66123 10245 5033 2825505 2804551 20954 2801001 501347
cat_boundaries=0 1 2 3 4
cat_threshold=1678835712 536871296 2315255808 225772117
is_linear=0
shrinkage=0.03


Tree=219
num_leaves=15
num_cat=3
split_feature=9 4 7 5 27 11 6 6 5 14 11 11 27 27
split_gain=56.796 169.854 119.611 124.811 128.124 98.1719 196.918 131.391 86.1579 85.5932 88.7647 85.3248 83.6731 82.3789
threshold=1.0000000180025095e-35 1.0000000180025095e-35 2.5000000000000004 1.0000000180025095e-35 0 673.50000000000011 5.5000000000000009 4.5000000000000009 1.0000000180025095e-35 149.51190476190479 243.50000000000003 694.50000000000011 1 2
decision_type=2 2 2 2 9 2 2 2 2 2 2 2 9 9
left_child=11 -2 8 5 9 -4 7 -7 -3 -5 -11 13 -13 -1
right_child=1 2 3 4 -6 6 -8 -9 -10 10 -12 12 -14 -15
leaf_value=-0.022423582696770174 0.0059471040906705335 0.032886536447953564 -0.0047022625615920546 0.0036881837936017002 0.019681469795201374 -0.014692641711115655 -0.0050675067220886574 0.030310044288703517 -0.0074163180826639077 0.0087971476855789876 -0.020730528837001907 -0.026398552011502596 -0.00083863312445022864 -0.00021246446805231451
leaf_weight=139.54095627111383 5412.2147173867561 159.44122339924797 6131.7660602584947 2474.4840837568045 390.24589858204126 70.823688781121746 624.15715471166186 318.16196222184226 67.503767751157284 135.77913115918636 277.85070598125458 211.89528493431862 251.6760695676785 89542.728129775031
leaf_count=3536 43465 1543 465086 10449 1738 8285 57782 2315 420 555 1149 13863 7252 2801050
internal_value=-2.33824e-05 0.00162005 -0.000579214 -0.00104925 0.00379638 -0.00327283 0.00537453 0.0220996 0.0209187 0.00157034 -0.0110399 -0.000316229 -0.0131399 -0.000249797
internal_weight=106208 16062.4 10650.2 10423.3 3278.36 7144.91 1013.14 388.986 226.945 2888.11 413.63 90145.8 463.571 89682.3
internal_count=3418488 592787 549322 547359 13891 533468 68382 10600 1963 12153 1704 2825701 21115 2804586
cat_boundaries=0 1 2 3
cat_threshold=1678835712 2315255808 536871296
is_linear=0
shrinkage=0.03


Tree=220
num_leaves=15
num_cat=1
split_feature=16 7 11 2 11 6 27 0 11 11 16 2 16 2
split_gain=56.0605 78.5816 159.619 106.376 101.56 86.5303 79.3156 129.247 77.9948 75.1557 134.883 125.934 229.16 109.21
threshold=18.500000000000004 6.5000000000000009 243.50000000000003 99.500000000000014 233.50000000000003 5.5000000000000009 0 187.50000000000003 44.500000000000007 96.500000000000014 24.500000000000004 99.500000000000014 25.500000000000004 99.500000000000014
decision_type=2 2 2 2 2 2 9 2 2 2 2 2 2 2
left_child=-1 5 3 4 -3 9 7 8 -7 10 -2 12 -11 -12
right_child=1 2 -4 -5 -6 6 -8 -9 -10 11 13 -13 -14 -15
leaf_value=0.00069127647987990285 0.025934403678229519 -0.0090639139319015211 -0.0013610996209680619 -0.0028275504676079422 -0.030753559953769587 0.0018120942278708821 0.00083143478989939181 0.00031418061516491375 -0.0095918275031962579 0.023670179137139872 -0.0096607047999085621 0.0030475662755858361 -0.014724821720484961 0.0016334562971312206
leaf_weight=56557.960256104358 166.68333155848086 418.82054137962405 20096.077157215099 662.2466550541576 363.39252087543719 666.74242920498364 11044.488245008513 4396.2181117534637 2826.6776522246655 669.63417737931013 1073.1919673264492 4459.416150179226 176.0499007194303 2725.0891013231594
leaf_count=2141652 1203 39071 842290 23862 26790 18807 68565 21017 104760 2720 33607 38868 31713 24962
internal_value=4.51757e-05 -0.000689417 -0.00205376 -0.0116828 -0.0191667 0.000352614 -0.000810089 -0.00310495 -0.00741542 0.00272727 -0.000397315 0.00506218 0.0156694 -0.00155938
internal_weight=106303 49744.7 21540.5 1444.46 782.213 28204.2 18934.1 7889.64 3493.42 9270.06 3964.96 5305.1 845.684 3798.28
internal_count=3419887 1278235 932013 89723 65861 346222 213149 144584 123567 133073 59772 73301 34433 58569
cat_boundaries=0 1
cat_threshold=3226673516
is_linear=0
shrinkage=0.03


Tree=221
num_leaves=15
num_cat=2
split_feature=17 4 12 18 12 5 27 12 8 27 16 18 6 1
split_gain=59.9258 86.0836 240.712 167.023 147.298 97.1213 106.628 95.3072 87.9725 77.9556 82.1096 92.4803 83.071 232.801
threshold=22.500000000000004 1.0000000180025095e-35 0.94281045751633996 1.0000000180025095e-35 0.85449735449735453 1.0000000180025095e-35 0 0.52786377708978338 1.0000000180025095e-35 1 7.5000000000000009 3148.5000000000005 5.5000000000000009 99.500000000000014
decision_type=8 2 2 10 2 2 9 2 2 9 2 10 2 2
left_child=-1 2 3 -2 -3 8 -7 -5 -6 -10 11 -11 -12 -14
right_child=1 4 -4 7 5 6 -8 -9 9 10 12 -13 13 -15
leaf_value=-0.0014343544877127828 0.028885255624664499 -0.0072029784120836229 0.028044509385768641 0.00058515288298540823 -0.082455864588653158 0.0030657411847891014 0.021249803728830535 0.0061168765233169005 -0.02375143131523888 0.0031186191448923065 0.00092583006419503513 -0.0051677965581077671 -0.0091217316055480658 -0.00057727791950800333
leaf_weight=20688.828634649864 192.36706965882331 2880.3640662231483 298.48546247184277 43082.194268945605 10.808511676732449 2257.1088095866144 324.27261072397232 2997.2646969482303 118.92267392203212 8126.6308236443438 8701.2623899850296 1423.6945957019925 3849.5199471572414 11268.763316672295
leaf_count=247754 10453 90274 2534 329147 61 9643 1480 21605 1087 673133 405428 115584 787696 723526
internal_value=1.4443e-05 0.000364898 0.00123541 0.00106187 -0.000675625 -0.000154358 0.00545152 0.000945092 -0.000586481 -0.000557596 -0.000466972 0.00188293 -0.00140939 -0.00275338
internal_weight=106220 85531.7 46570.3 46271.8 38961.3 36081 2581.38 46079.5 33499.6 33488.8 33369.9 9550.33 23819.5 15118.3
internal_count=3419405 3171651 363739 361205 2807912 2717638 11123 350752 2706515 2706454 2705367 788717 1916650 1511222
cat_boundaries=0 1 2
cat_threshold=1678856192 536870912
is_linear=0
shrinkage=0.03


Tree=222
num_leaves=15
num_cat=4
split_feature=8 14 28 27 29 14 1 14 10 27 18 14 5 17
split_gain=58.6395 99.6256 77.5316 102.323 107.049 85.6815 76.0674 112.007 107.199 178.673 182.156 68.8105 89.5559 64.8332
threshold=1.5000000000000002 154.40617848970257 0 1 2 130.25657894736847 138.50000000000003 141.91071428571431 1.0000000180025095e-35 3 112.50000000000001 149.89444444444447 1.0000000180025095e-35 31.500000000000004
decision_type=2 2 9 9 9 2 2 2 2 9 10 2 2 8
left_child=2 6 3 4 -1 -6 -2 -8 -9 11 -11 12 -10 -14
right_child=1 -3 -4 -5 5 -7 7 8 9 10 -12 -13 13 -15
leaf_value=0.014365251603841712 -0.0017777488683796885 -0.0026642394958112125 1.6827030420687907e-06 0.0015558453133146114 -0.0077552921610998648 0.0088264233183276194 0.0033766485229492177 -0.00080715785861327062 -0.006736700897163988 0.064952869864396162 0.0092386164519450264 -0.022392176034091531 -0.00033921298495759864 0.010603400573655454
leaf_weight=1314.7277386477217 14903.863929225947 14675.041605815757 19561.214485449716 8087.0578255767468 486.03688874095678 660.29104624316096 10708.532579142135 30449.233774581691 1075.2928409185261 53.267079035518691 2024.7213355000131 124.46889515500516 1241.430832721293 801.12165121361613
leaf_count=47288 1473839 194934 121703 111085 9456 3515 275227 1078749 37244 808 53039 1720 5205 3503
internal_value=-1.29705e-07 -0.000443743 0.00112043 0.00319188 0.00853708 0.00177972 8.71631e-05 0.000685199 -0.000120627 0.00380795 0.0106461 -0.000607508 0.00026712 0.00395574
internal_weight=106166 76057 30109.3 10548.1 2461.06 1146.33 61381.9 46478.1 35769.5 5320.3 2077.99 3242.31 3117.85 2042.55
internal_count=3417315 3124268 293047 171344 60259 12971 2929334 1455495 1180268 101519 53847 47672 45952 8708
cat_boundaries=0 1 2 3 4
cat_threshold=3147913 570818560 44 1884444928
is_linear=0
shrinkage=0.03


Tree=223
num_leaves=15
num_cat=4
split_feature=17 30 27 7 10 7 27 16 16 14 30 16 7 16
split_gain=53.9701 59.6097 66.5123 95.519 60.4194 60.327 111.296 100.058 97.1944 63.6403 56.8847 56.0558 117.582 76.0395
threshold=20.500000000000004 0 1 7.5000000000000009 1.0000000180025095e-35 8.5000000000000018 2 11.500000000000002 24.500000000000004 111.04000000000001 3 12.500000000000002 9.5000000000000018 11.500000000000002
decision_type=8 1 9 2 2 2 9 2 2 2 1 2 2 2
left_child=10 2 3 -2 -4 6 7 -5 -8 -10 -1 12 13 -7
right_child=1 -3 4 5 -6 11 8 -9 9 -11 -12 -13 -14 -15
leaf_value=-0.0015220508692575011 0.004643557220336156 -0.00034895821124311232 -0.0010068179612122087 -0.035167143938971412 0.0050144879749767363 0.0073070607389690845 0.0071312146208215932 0.015107673774112587 -0.034680372348643559 -0.0029966765500168925 -0.013748889272127524 -0.00069861017699605183 0.0020944496316692889 0.032689451152829375
leaf_weight=12214.101154843112 8978.8605412163306 59337.254305569455 12938.183710416546 184.70871558785439 1695.4592487476766 237.11549708759412 468.39282040204853 43.480778768658638 98.817596525419503 133.67684600874782 341.84748461062554 5885.0266034330707 3410.1084818956442 192.54906649887562
leaf_count=134601 197285 2260678 294139 1199 31509 11992 24467 258 5049 1893 3414 285924 164361 2315
internal_value=-2.13646e-05 0.000226382 0.00122239 0.00236314 -0.000308681 0.000443224 -0.00685621 -0.0244946 -0.000727578 -0.0165541 -0.00186817 0.00114122 0.00396049 0.0187314
internal_weight=106160 93603.6 34266.4 19632.7 14633.6 10653.9 929.077 228.189 700.887 232.494 12555.9 9724.8 3839.77 429.665
internal_count=3419084 3281069 1020391 694743 325648 497458 32866 1457 31409 6942 138015 464592 178668 14307
cat_boundaries=0 1 3 4 5
cat_threshold=6 4026677344 9 131072 3
is_linear=0
shrinkage=0.03


Tree=224
num_leaves=15
num_cat=3
split_feature=15 28 11 8 7 10 14 2 18 18 0 30 28 16
split_gain=64.5174 69.3095 69.5466 65.1612 57.1559 114.914 87.6048 126.721 70.5114 67.5257 87.0846 82.6833 63.1821 59.175
threshold=1.5000000000000002 0 72.500000000000014 2.5000000000000004 2.5000000000000004 1.0000000180025095e-35 198.70000000000002 1100.0000000000002 65.500000000000014 589.50000000000011 12.000000000000002 1 2 25.500000000000004
decision_type=2 9 2 2 2 2 2 2 8 10 2 1 9 2
left_child=1 2 -1 -2 5 8 13 -8 -3 10 11 12 -10 -6
right_child=3 4 -4 -5 6 -7 7 -9 9 -11 -12 -13 -14 -15
leaf_value=-0.0071377258882711816 0.0058116966941215457 -0.0015545426641777002 -0.0012534090313805807 0.00063835509932918481 0.00036764885970423726 0.023280235730978569 -0.0053495790859218106 0.010135514765769675 0.019365108028584564 0.00023872039044246107 0.0027272460988605812 0.0020772241195564623 -0.032923740503350347 -0.0029852049651852832
leaf_weight=2085.6958208596334 3250.3965028366074 6539.7637067162432 13526.019057506463 6721.1907444617245 43925.306537956931 211.56463999953121 5167.6956894695759 522.90312764048576 689.53074632165954 9306.7290640305728 8360.1746989088133 529.85274762660265 13.054737646132706 5309.2485450746026
leaf_count=19548 23343 129350 335619 79694 2201618 1751 46159 2746 42062 79435 82171 7551 151 367322
internal_value=2.82406e-05 -0.000209893 -0.00203864 0.0023251 0.000144687 0.00131387 -0.000401321 -0.00392514 0.00113028 0.00205934 0.0038255 0.0112672 0.017901 6.03784e-06
internal_weight=106159 96187.5 15611.7 9971.59 80575.8 25650.7 54925.2 5690.6 25439.1 18899.3 9592.61 1232.44 702.585 49234.6
internal_count=3418520 3315483 355167 103037 2960316 342471 2617845 48905 340720 211370 131935 49764 42213 2568940
cat_boundaries=0 1 2 3
cat_threshold=1310740 12 2097153
is_linear=0
shrinkage=0.03


Tree=225
num_leaves=15
num_cat=1
split_feature=17 30 16 11 11 2 11 18 1 6 18 8 11 2
split_gain=52.2268 62.4934 57.1395 70.7103 95.0489 94.9995 89.1294 79.581 192.69 109.869 143.494 220.858 89.0963 110.189
threshold=19.500000000000004 0 16.500000000000004 203.50000000000003 124.50000000000001 1693.5000000000002 44.500000000000007 269.50000000000006 124.50000000000001 5.5000000000000009 298.50000000000006 5.5000000000000009 288.50000000000006 99.500000000000014
decision_type=8 1 2 2 2 2 2 8 2 2 8 2 2 2
left_child=1 -1 -2 4 6 7 -4 8 -5 10 11 -9 13 -12
right_child=2 -3 3 5 -6 -7 -8 9 -10 -11 12 -13 -14 -15
leaf_value=-0.0018081778469470052 0.00093316793000230427 -0.016795011961593383 0.0025426584822215172 -0.021102090280380729 0.0048797044174814534 0.0027956926463378841 -0.0028178178310376101 -0.0046630216687109189 -0.00039789344247714013 -0.0029604925669817384 -0.019698554149200957 0.045224354961781121 0.0010853271167757992 0.001554060360637134
leaf_weight=8290.5059093923774 46987.177009964827 247.71124945173506 5239.8259331171867 644.32384296506643 4423.9471618789248 4502.5843528211117 5972.5537294989917 156.97237452538684 1084.472226143349 17682.578905374277 430.60519827133976 161.24213092355058 9805.7935602950165 446.62893000664189
leaf_count=88968 1890114 2361 58819 56530 116884 20943 143978 8591 22895 671407 19854 3069 308526 7309
internal_value=-1.69242e-05 -0.00226668 0.000180033 -0.000520003 0.00115657 -0.00127085 -0.00031273 -0.00187297 -0.0081221 -0.00149606 0.000857815 0.0206778 0.000265557 -0.0088887
internal_weight=106077 8538.22 97538.7 50551.5 15636.3 34915.2 11212.4 30412.6 1728.8 28683.8 11001.2 318.215 10683 877.234
internal_count=3420248 91329 3328919 1438805 319681 1119124 202797 1098181 79425 1018756 347349 11660 335689 27163
cat_boundaries=0 1
cat_threshold=3
is_linear=0
shrinkage=0.03


Tree=226
num_leaves=15
num_cat=2
split_feature=17 5 4 18 9 27 16 2 27 14 6 1 16 1
split_gain=58.7877 100.488 95.3349 145.62 124.925 115.727 124.011 105.941 91.5824 86.1798 83.2884 210.688 131.984 238.373
threshold=28.500000000000004 1.0000000180025095e-35 1.0000000180025095e-35 inf 1.0000000180025095e-35 0 5.5000000000000009 146.00000000000003 1 149.25543478260872 5.5000000000000009 99.500000000000014 25.500000000000004 99.500000000000014
decision_type=8 2 2 8 2 9 2 2 9 2 2 2 2 2
left_child=8 2 3 4 -2 6 7 -4 -1 -3 12 -12 -8 -14
right_child=1 9 5 -5 -6 -7 10 -9 -10 -11 11 -13 13 -15
leaf_value=-0.0030407702208051167 0.00074361986182967463 0.010176257905772068 0.00052749205610084647 0.028606980307505747 0.0070346952796164876 -0.004713231200601813 0.003449592436620116 0.0099965726709058504 7.2929229013101606e-05 -0.0093538385267891155 -0.0078648707732397929 0.00020308373909263462 -0.02018430704858961 0.0035529573811226246
leaf_weight=12357.87817575573 30128.728853334673 1540.3725559022278 2432.1735583660193 176.17509481264278 3135.6083912588656 5627.7954066859093 6382.8823464624584 1888.6697285939008 27198.104800852016 233.45263089239597 4250.1940874699503 9254.9207705310546 648.04358983424027 920.48983636195771
leaf_count=209393 232895 6788 277420 10372 24674 313187 35072 108293 426959 972 851363 602439 195152 124932
internal_value=1.54562e-05 0.000559402 0.000366639 0.00148135 0.00133683 -0.000820326 3.15509e-05 0.00466785 -0.000900639 0.00760209 -0.00090225 -0.00233638 0.00153354 -0.00626077
internal_weight=106175 66619.5 64845.7 33440.5 33264.3 31405.2 25777.4 4320.84 39556 1773.83 21456.5 13505.1 7951.42 1568.53
internal_count=3419911 2783559 2775799 267941 257569 2507858 2194671 385713 636352 7760 1808958 1453802 355156 320084
cat_boundaries=0 1 2
cat_threshold=3222356032 1668678024
is_linear=0
shrinkage=0.03


Tree=227
num_leaves=15
num_cat=5
split_feature=7 9 27 7 27 29 8 16 27 11 16 12 4 29
split_gain=56.1314 94.9532 92.9819 89.691 90.9442 76.7105 65.2896 63.4316 62.4305 61.7285 241.366 62.9095 84.2241 61.5557
threshold=20.500000000000004 1.0000000180025095e-35 0 2.5000000000000004 1 2 6.5000000000000009 26.500000000000004 3 634.50000000000011 24.500000000000004 0.85092592592592597 1.0000000180025095e-35 4
decision_type=2 2 9 2 9 9 2 2 9 2 2 2 2 9
left_child=1 2 -1 8 -5 -6 13 -8 -3 10 -2 -11 -13 -4
right_child=9 3 6 4 5 -7 7 -9 -10 11 -12 12 -14 -15
leaf_value=-0.0041859988907258418 -0.0019281658005856509 0.02971852110141944 0.0034438473294780034 -0.0012820872670227241 0.034747122181607193 0.0039859859999874297 -0.012106904121925872 0.030644333974364207 -0.0026297529732194763 -0.0088439783238355545 -0.023262342820185938 0.01997231003797548 5.8470640345631535e-05 -8.7679800242197416e-05
leaf_weight=4947.936092098942 2841.8828484155238 170.63140666112304 4708.8529325826094 4092.7366831571562 63.124864712357521 7217.6767263743095 570.57721369969659 32.099841729970649 81.681812629103661 680.38325890782289 572.66123036842328 198.82387969270349 4402.4363791752839 75472.79785756825
leaf_count=258506 222931 1582 354447 190908 523 90687 11020 304 515 15621 28898 1773 364961 1875704
internal_value=-5.98741e-05 0.000146407 -0.000198613 0.00269048 0.00229703 0.0043047 4.61703e-05 -0.00978289 0.0203467 -0.00236904 -0.00551193 -0.000336521 0.000923115 0.000120176
internal_weight=106054 97358.1 85732.3 11625.9 11373.5 7280.8 80784.3 602.677 252.313 8696.19 3414.54 5281.64 4601.26 80181.7
internal_count=3418380 2784196 2499981 284215 282118 91210 2241475 11324 2097 634184 251829 382355 366734 2230151
cat_boundaries=0 1 3 4 5 6
cat_threshold=691012352 3221669932 3 32 2555379712 32
is_linear=0
shrinkage=0.03


Tree=228
num_leaves=15
num_cat=1
split_feature=16 27 6 2 18 18 16 7 7 7 13 18 13 7
split_gain=56.9464 76.4413 155.66 133.114 108.729 109.122 97.8245 82.8907 180.014 154.851 168.934 134.45 127.29 122.323
threshold=15.500000000000002 0 5.5000000000000009 749.00000000000011 24.500000000000004 53.500000000000007 23.500000000000004 20.500000000000004 23.500000000000004 15.500000000000002 1.5000000000000002 699.50000000000011 2.5000000000000004 28.500000000000004
decision_type=2 9 2 2 8 8 2 2 2 2 2 8 2 2
left_child=-1 2 4 6 -2 -6 -4 9 11 -7 -11 -9 -13 -10
right_child=1 -3 3 -5 5 7 -8 8 13 10 -12 12 -14 -15
leaf_value=0.0007549708225491605 0.036431099520621922 0.0002954743515938113 -0.0034970662069890831 0.0007653464991178925 -0.016506867872289756 0.00098369501688675386 -0.0095612228722716831 0.022824614682489832 0.018030955840644194 0.028826678517163029 0.0018399031855649594 -0.023785130154674827 0.0059846861190381486 -0.01940816539493382
leaf_weight=48643.591066975147 76.130417600274086 33136.247150750831 6503.0681738823187 3919.940875440836 320.91057358589023 7425.6283348408761 3790.0230284035206 81.00930592045188 348.70451874367427 394.7693575139856 442.13222140143625 618.7584065287374 162.88976112229284 100.40097336331382
leaf_count=1839850 389 339816 648664 19171 8791 244627 175149 3954 10481 12287 47982 50017 12271 5042
internal_value=3.04154e-08 -0.000640631 -0.00192252 -0.00393914 0.00095012 0.000673487 -0.00573066 0.001251 -0.0057519 0.00236335 0.0145889 -0.0137652 -0.0175816 0.00963663
internal_weight=105964 57320.6 24184.4 14213 9971.33 9895.2 10293.1 9574.29 1311.76 8262.53 836.902 862.657 781.648 449.105
internal_count=3418491 1578641 1238825 842984 395841 395452 823813 386661 81765 304896 60269 66242 62288 15523
cat_boundaries=0 2
cat_threshold=3260154117 2
is_linear=0
shrinkage=0.03


Tree=229
num_leaves=15
num_cat=3
split_feature=28 11 27 7 7 11 7 11 29 1 11 6 11 11
split_gain=57.3397 80.3584 69.1872 106.521 288.272 193.644 110.417 57.4953 55.0919 57.1863 127.984 141.837 146.212 178.425
threshold=0 72.500000000000014 1 5.5000000000000009 8.5000000000000018 513.50000000000011 9.5000000000000018 207.50000000000003 2 138.50000000000003 112.50000000000001 5.5000000000000009 668.50000000000011 179.50000000000003
decision_type=9 2 9 2 2 2 2 2 9 2 2 2 2 2
left_child=1 -1 3 -3 5 7 -6 -5 -2 10 -10 12 13 -12
right_child=8 2 -4 4 6 -7 -8 -9 9 -11 11 -13 -14 -15
leaf_value=-0.0075851625655151463 0.0011548262065555505 0.020529908155211319 -0.0014800538242268314 0.032195196889790945 0.03017309089203242 0.023979028099578872 0.0038557905550885823 -0.034252473746184155 -0.008647025845527203 0.00025127254190986033 0.01666944911992425 -0.0042998492611029176 0.023249454213497757 -0.00086028675388750422
leaf_weight=1775.5955322550144 42468.264189216541 328.08332381187938 13245.545112918946 11.480676971841602 218.84976822626777 69.624590428546071 414.08257044898346 276.57190122338943 2222.2997439616593 35887.205215507653 612.17815383977722 4615.1581229376607 304.08157701208256 3535.9964784082258
leaf_count=17031 840101 2669 308620 359 1593 497 15571 1930 201225 1035347 22224 823176 8218 140894
internal_value=7.31546e-05 -0.00156067 -0.000826799 0.00569896 0.000828775 -0.0206654 0.0129888 -0.0315019 0.000371103 -0.000334503 -0.00219669 -0.000615024 0.00320473 0.00173011
internal_weight=105985 16339.8 14564.2 1318.69 990.61 357.677 632.932 288.053 89645.2 47176.9 11289.7 9067.41 4452.26 4148.17
internal_count=3419455 348270 331239 22619 19950 2786 17164 2289 3071185 2231084 1195737 994512 171336 163118
cat_boundaries=0 1 2 3
cat_threshold=1048592 8635328 38
is_linear=0
shrinkage=0.03


Tree=230
num_leaves=15
num_cat=2
split_feature=15 17 30 14 5 14 4 12 28 12 8 12 1 16
split_gain=58.353 63.0104 87.4043 73.0296 71.386 78.6059 73.5441 237.149 127.414 99.1889 65.0711 61.3628 59.8759 238.294
threshold=2.5000000000000004 28.500000000000004 0 1.0000000180025095e-35 1.0000000180025095e-35 149.34057971014497 1.0000000180025095e-35 0.88516483516483524 1 0.85449735449735453 1.0000000180025095e-35 0.28869047619047622 99.500000000000014 25.500000000000004
decision_type=2 8 1 2 2 2 2 2 9 2 2 2 2 2
left_child=1 2 -1 -4 6 -6 7 8 -3 -8 -11 -5 13 -12
right_child=-2 4 3 11 5 -7 9 -9 -10 10 12 -13 -14 -15
leaf_value=-0.00091211321600711865 0.0038730480938431603 0.025914262428104629 -0.10609054697441293 -0.014911638596200455 0.0090164083709021424 -0.0096310627496677716 -0.0080563539918243818 0.017708913787356624 0.00069095531948136881 -0.075517420194807269 -0.0010233049371142242 0.0018246326519970153 0.00069833847230883251 -0.019825809539762325
leaf_weight=36718.713850080618 3323.7618246765342 170.30392630072311 6.1261498034000388 619.85929700918496 1474.460179451853 235.15130380541086 1610.0551725563128 766.90700851380825 31449.580358821899 9.3782174978405219 10788.975415019551 288.62156126368791 17910.103842352051 641.78179370972794
leaf_count=606754 35155 10341 66 4554 6537 981 56764 5586 246493 52 1122539 9511 1117598 196627
internal_value=-3.85453e-05 -0.000165188 -0.00114224 -0.010248 0.000400013 0.00644738 0.000236707 0.00123611 0.000836036 -0.000808754 -0.000410914 -0.00959842 -0.000384335 -0.00208062
internal_weight=106014 102690 37633.3 914.607 65056.7 1709.61 63347.1 32386.8 31619.9 30960.3 29350.2 908.481 29340.9 11430.8
internal_count=3419558 3384403 620885 14131 2763518 7518 2756000 262420 256834 2493580 2436816 14065 2436764 1319166
cat_boundaries=0 1 2
cat_threshold=3 2097152
is_linear=0
shrinkage=0.03


Tree=231
num_leaves=15
num_cat=5
split_feature=28 11 27 9 27 7 11 27 28 11 1 14 12 14
split_gain=58.8664 84.5519 64.1607 63.0142 122.022 140.579 149.458 114.21 77.5339 77.1421 76.1603 85.7925 75.3526 82.0502
threshold=0 84.500000000000014 1 1.0000000180025095e-35 2 2.5000000000000004 668.50000000000011 3 4 694.50000000000011 99.500000000000014 114.66983695652176 0.81980519480519487 130.25657894736847
decision_type=9 2 9 2 9 2 2 9 9 2 2 2 2 2
left_child=1 2 -1 9 5 -5 10 -8 12 -2 11 -7 -6 -14
right_child=3 -3 -4 4 8 6 7 -9 -10 -11 -12 -13 13 -15
leaf_value=-0.018531877584295992 -4.2047084538413398e-05 -0.00093988194360415276 -0.0048134216473589573 0.025551104808801937 0.0042651599765264388 -0.00078925349234696557 0.015604229366584106 -0.007196776963978844 0.0031661087613638998 -0.013602581356177451 -0.0019427519525463072 -0.017473990673530938 0.040271718924191874 0.013288938564227611
leaf_weight=376.79964177310467 76455.928160059848 14381.099018812412 1614.4608357998077 171.28530942695215 744.24205341655761 459.63183920423035 657.41208317852579 276.18730176892132 5608.2755649338942 378.42886651586741 3360.8685682843206 698.82939747301862 121.4619038598612 604.58135807025246
leaf_count=2994 2538125 329026 16844 1555 8811 49730 53506 10194 78221 17646 183364 116411 1624 10629
internal_value=-8.79365e-05 -0.00174129 -0.0075345 0.000214575 0.00217186 -0.00112832 -0.00197297 0.00894847 0.0047886 -0.000109012 -0.00423059 -0.0108605 0.010908 0.0178521
internal_weight=105909 16372.4 1991.26 89537.1 12702.8 5624.21 5452.93 933.599 7078.56 76834.4 4519.33 1158.46 1470.29 726.043
internal_count=3418680 348864 19838 3069816 514045 414760 413205 63700 99285 2555771 349505 166141 21064 12253
cat_boundaries=0 1 2 4 5 6
cat_threshold=1048592 574750720 3229796364 3 2147483648 2117769
is_linear=0
shrinkage=0.03


Tree=232
num_leaves=15
num_cat=4
split_feature=17 30 16 7 16 27 15 14 1 29 28 18 1 7
split_gain=51.9018 51.6144 51.2136 87.3019 82.0805 72.5522 120.255 78.0481 71.996 122.804 165.395 90.1967 92.1742 73.4369
threshold=20.500000000000004 0 18.500000000000004 2.5000000000000004 276.00000000000006 1 1.0000000180025095e-35 223.55000000000004 99.500000000000014 2 3 1.0000000180025095e-35 124.50000000000001 1.5000000000000002
decision_type=8 1 2 2 2 9 2 2 2 9 9 10 2 2
left_child=1 -1 5 -4 -5 6 7 8 9 10 13 12 -10 -2
right_child=2 -3 3 4 -6 -7 -8 -9 11 -11 -12 -13 -14 -15
leaf_value=-0.0015843579205040397 0.0194392507906508 -0.013293869761050079 0.0012806500182034383 -0.0018167044073458076 0.0082046125569529074 -0.0015960021065725629 0.0036745140056456812 -0.0080727653193829099 0.12994399107866508 -0.0039166603739592418 -0.019042671695098226 0.00088711674740321893 0.0088533094138140561 -0.011024902933190152
leaf_weight=12176.083894871408 557.43566449545324 338.07438514486421 14692.795349243563 28323.109490820556 754.22305460181087 9220.5270797316916 13406.003951801453 988.2381408913061 4.6911120796576133 5412.7073384423275 147.45431176945567 18591.670789725147 1172.8519737729803 80.968309205025434
leaf_count=134504 33202 3416 131210 1086990 3896 266418 277878 14616 191 746139 1705 675228 41507 445
internal_value=-9.94592e-05 -0.00191362 0.000143751 -0.000604111 -0.00155649 0.000803943 0.00135229 0.000197783 0.000512829 -0.00230796 0.00870228 0.00139735 0.00944556 0.0153246
internal_weight=105867 12514.2 93352.7 43770.1 29077.3 49582.5 40362 26956 25967.8 6198.57 785.858 19769.2 1177.54 638.404
internal_count=3417345 137920 3279425 1222096 1090886 2057329 1790911 1513033 1498417 781491 35352 716926 41698 33647
cat_boundaries=0 1 2 3 4
cat_threshold=3 3724743232 4 1048579
is_linear=0
shrinkage=0.03


Tree=233
num_leaves=15
num_cat=4
split_feature=30 27 17 18 27 16 6 27 6 14 14 18 11 11
split_gain=50.0101 58.9677 75.1444 66.0368 82.5999 80.4744 63.2436 126.097 48.9281 54.1902 47.6771 58.4679 79.2409 44.0509
threshold=0 1 32.500000000000007 786.50000000000011 2 9.5000000000000018 20.500000000000004 3 19.500000000000004 150.12000000000003 98.763157894736864 589.50000000000011 10.500000000000002 365.50000000000006
decision_type=1 9 10 8 9 2 2 9 2 2 2 10 2 2
left_child=1 13 -3 4 5 -4 8 -8 -5 -10 11 -2 -13 -1
right_child=10 2 3 6 -6 -7 7 -9 9 -11 -12 12 -14 -15
leaf_value=0.003157954312499339 0.0057772297180314599 -0.0016518023744782962 0.033168389975901116 0.0029702210909751054 0.0050338616609020463 -0.022121404516785174 -0.033453437985656857 -0.0013400737641866621 0.038637958819207861 6.5929155709338908e-05 -0.00069312290710490617 -0.0096954948315441849 0.0032815413874782125 0.00060040339399800176
leaf_weight=11415.662827642169 2330.726017227862 12641.646703421138 189.65460455417633 1327.1760596237145 1044.75706852437 26.349770687520504 110.84829212352633 1168.3236601622775 75.071676138788462 57.608771104365587 60713.112536957022 659.58873472735286 1178.9711980874417 12921.735062232707
leaf_count=378313 64589 199837 1682 12741 10920 150 655 53603 522 518 2235686 8423 15518 435919
internal_value=3.82541e-05 0.000858596 -0.000517549 0.00306557 0.0087443 0.025192 0.000449437 -0.00441864 0.00471511 0.0220161 -0.000479926 0.00262292 -0.00137675 0.00179939
internal_weight=105861 40978.8 16641.4 3999.79 1260.76 216.004 2739.03 1279.17 1459.86 132.68 64882.4 4169.29 1838.56 24337.4
internal_count=3419076 1094860 280628 80791 12752 1832 68039 54258 13781 1040 2324216 88530 23941 814232
cat_boundaries=0 1 3 4 5
cat_threshold=6 4160862308 11 131072 131072
is_linear=0
shrinkage=0.03


Tree=234
num_leaves=15
num_cat=4
split_feature=18 18 27 27 16 16 16 27 1 1 27 2 7 12
split_gain=48.3669 78.4775 83.6619 69.7591 55.188 52.2467 59.0201 109.264 118.674 71.3954 70.6134 81.7747 59.7379 54.4822
threshold=964.50000000000011 141.50000000000003 0 1 35.500000000000007 188.50000000000003 9.5000000000000018 2 109.50000000000001 124.50000000000001 3 60.000000000000007 4.5000000000000009 0.82971014492753636
decision_type=10 8 9 9 2 2 2 9 2 2 9 2 2 2
left_child=1 2 -1 -2 -4 6 7 8 -3 -10 -8 -12 -11 -14
right_child=3 5 4 -5 -6 -7 10 -9 9 12 11 -13 13 -15
leaf_value=-0.017993502920686622 -0.0030951354028319481 0.0017921031588477106 -0.0015128179710781368 -0.0001257607574415876 0.01029103464796894 0.0052137628205072596 -0.0039272714117309492 1.4066397930259874e-05 0.11513701891688051 0.018110537383063875 0.01268813480243251 0.00043323537098620993 -0.0063670280474814418 0.0089652199373481869
leaf_weight=260.89679007790983 8982.9816750384634 3834.0809854934923 12264.578776495298 34203.76778380014 366.16521491110325 2631.3661643490195 3386.3420891654678 7646.8371784612536 4.7907557105645528 592.29293857328594 497.50747985951602 28900.622192514362 231.09685386717319 2081.2803605436347
leaf_count=2437 775151 342401 314194 609630 1740 12332 28322 99477 294 9450 4139 1103429 4147 113339
internal_value=2.83434e-05 0.000560483 -0.00152563 -0.000744203 -0.00116891 0.00110046 0.000870923 0.00247249 0.00525199 0.00982728 0.000167881 0.000640833 0.00961403 0.00743084
internal_weight=105885 62697.9 12891.6 43186.7 12630.7 49806.2 47174.9 14390.4 6743.54 2909.46 32784.5 29398.1 2904.67 2312.38
internal_count=3420482 2035701 318371 1384781 315934 1717330 1704998 569108 469631 127230 1135890 1107568 126936 117486
cat_boundaries=0 1 3 4 5
cat_threshold=541114368 2704319023 3 3389194304 38928640
is_linear=0
shrinkage=0.03


Tree=235
num_leaves=15
num_cat=1
split_feature=18 11 18 14 0 11 4 14 14 18 11 28 9 7
split_gain=56.585 95.4791 124.843 98.1559 133.516 87.0161 74.6583 71.1804 71.1629 67.9706 66.398 62.9944 58.4307 55.8447
threshold=88.500000000000014 233.50000000000003 238.50000000000003 154.11032388663969 397.50000000000006 144.50000000000003 1.0000000180025095e-35 936.83333333333337 99.029411764705898 786.50000000000011 179.50000000000003 0 1.0000000180025095e-35 13.500000000000002
decision_type=8 2 8 2 2 2 2 2 2 10 2 9 2 2
left_child=11 5 8 13 6 12 -5 -6 -3 -9 -7 -1 -2 -4
right_child=1 2 3 4 7 10 -8 9 -10 -11 -12 -13 -14 -15
leaf_value=-0.00074769591210983963 0.00019120835178084353 -0.032455277933435507 0.0016283803355532863 -0.0025718674717289231 0.01021322014209539 0.0068601137089311284 -0.0087446385271146235 0.0072493369483769962 -0.0010768733456189919 -0.0016843775607920867 0.0018704728414694427 -0.0063941221988965211 0.0086385766326894427 -0.00048222843049953529
leaf_weight=6861.9578412740957 19379.170938276453 170.12131679593585 20477.565171430353 13770.096736479551 850.45983827859163 4115.0496154112043 2021.8063472067006 1037.071908608079 105.0517341804225 2928.666671782732 5760.6679889521329 2393.8404685053974 765.08969625562895 25124.547208244912
leaf_count=173353 394332 8220 758111 100909 4311 124924 67804 4654 2953 13454 221034 26902 13493 1504037
internal_value=2.42504e-05 0.00023916 -0.000394918 -0.000310955 -0.00202917 0.00164342 -0.00336266 0.00234302 -0.0205233 0.000653098 0.00395006 -0.00221629 0.000512457 0.000465552
internal_weight=105761 96505.4 66485.4 66210.2 20608.1 30020 15791.9 4816.2 275.173 3965.74 9875.72 9255.8 20144.3 45602.1
internal_count=3418491 3218236 2464453 2453280 191132 753783 168713 22419 11173 18108 345958 200255 407825 2262148
cat_boundaries=0 1
cat_threshold=592713
is_linear=0
shrinkage=0.03


Tree=236
num_leaves=15
num_cat=3
split_feature=28 17 11 27 6 18 7 18 7 16 18 27 18 7
split_gain=54.4501 60.767 73.4426 54.9196 84.4463 74.5682 55.507 77.419 53.1425 95.4658 50.7971 51.2068 50.0317 62.5696
threshold=0 30.500000000000004 92.500000000000014 1 28.500000000000004 1.0000000180025095e-35 18.500000000000004 964.50000000000011 23.500000000000004 22.500000000000004 146.50000000000003 2 379.50000000000006 1.5000000000000002
decision_type=9 10 2 9 2 10 2 10 2 2 8 9 10 2
left_child=1 2 -1 4 5 -2 10 -8 9 -9 11 -5 13 -7
right_child=3 -3 -4 6 -6 12 7 8 -10 -11 -12 -13 -14 -15
leaf_value=-0.0052953857577717218 0.019470771641728394 0.0010315526270378132 -0.00096536822320121042 -0.021243774805656701 -0.0076385205947062211 0.0091883065344518598 0.001679970205668394 -0.0037093654639086585 0.0020086233798004794 -0.015398714835627714 0.00090420683140377 -0.0014057506642211727 0.0011337404713130967 0.0019436149063942207
leaf_weight=4229.0660415317398 236.69562970334664 10446.493799306452 21168.03608804848 108.02099579619244 733.15982345025986 1903.7581232176162 2610.6451303324429 2639.004914043704 816.54428889753763 824.91840376227628 41527.592692997889 7909.8703658041777 8242.0239622551017 2458.3851186088286
leaf_count=38223 13479 285193 419274 1419 8132 41839 182657 249859 75386 89510 1515648 259196 203782 35117
internal_value=5.66309e-05 -0.000894128 -0.00168657 0.000543451 0.00225596 0.0028232 0.000131202 -0.00239131 -0.00487419 -0.00649677 0.000482117 -0.00170388 0.00250905 0.00510678
internal_weight=105854 35843.6 25397.1 70010.6 13574 12840.9 56436.6 6891.11 4280.47 3463.92 49545.5 8017.89 12604.2 4362.14
internal_count=3418714 742690 457497 2676024 302349 294217 2373675 597412 414755 339369 1776263 260615 280738 76956
cat_boundaries=0 1 3 4
cat_threshold=1376340 1778719274 9 6340864
is_linear=0
shrinkage=0.03


Tree=237
num_leaves=15
num_cat=1
split_feature=15 8 11 11 27 11 14 12 4 4 12 14 7 6
split_gain=49.2449 60.6427 49.9666 129.996 225.02 80.9509 232.083 108.031 193.064 119.694 79.6554 77.993 73.2709 81.8365
threshold=1.5000000000000002 2.5000000000000004 233.50000000000003 112.50000000000001 0 240.50000000000003 99.029411764705898 0.85449735449735453 1.0000000180025095e-35 1.0000000180025095e-35 0.94281045751633996 192.85294117647061 2.5000000000000004 3.5000000000000004
decision_type=2 2 2 2 9 2 2 2 2 2 2 2 2 2
left_child=2 -2 3 4 -1 6 -4 9 10 12 -9 -6 13 -7
right_child=1 -3 5 -5 11 7 -8 8 -10 -11 -12 -13 -14 -15
leaf_value=-0.022653361956022869 0.0053287955286515417 0.00034553855565457313 -0.029302284147304038 0.0030241635978645529 -0.00054597856787425654 0.010533604389563238 0.0028039212928385568 0.0076595024455052086 0.0001033964355362118 -0.0090193124496746567 0.024749571436891871 0.010375076872300338 -0.0023158262689315467 0.00010846474377351505
leaf_weight=400.41471576411277 3261.6052638762631 6734.9214875071775 336.52408734452911 13078.766639099456 24979.821606530109 758.20730493497103 506.63333056832198 1143.0704181529582 24982.496630146517 1991.3548646818381 312.21238468587399 601.7313620056957 20408.929432162084 6311.1340486281551
leaf_count=3501 23353 79600 20484 455476 489447 4337 10161 7597 2021695 69629 2631 4056 195700 30740
internal_value=-3.17494e-05 0.00197182 -0.000240811 0.000584967 -0.000642942 -0.000809184 -0.01003 -0.000669946 0.000722351 -0.00191898 0.0113404 -0.000288584 -0.00140411 0.00122792
internal_weight=105808 9996.53 95811.3 39060.7 25982 56750.6 843.157 55907.4 26437.8 29469.6 1455.28 25581.6 27478.3 7069.34
internal_count=3418407 102953 3315454 952480 497004 2362974 30645 2332329 2031923 300406 10228 493503 230777 35077
cat_boundaries=0 1
cat_threshold=4243456
is_linear=0
shrinkage=0.03


Tree=238
num_leaves=15
num_cat=3
split_feature=15 12 16 28 16 5 12 14 28 7 11 11 28 8
split_gain=48.8067 47.6979 49.1868 197.72 78.4453 44.8702 116.271 100.842 60.6434 47.5651 47.4844 93.4322 126.719 89.7591
threshold=2.5000000000000004 0.86811594202898557 11.500000000000002 0 12.500000000000002 1.0000000180025095e-35 0.967204301075269 149.0192307692308 1 6.5000000000000009 518.50000000000011 507.50000000000006 2 4.5000000000000009
decision_type=2 2 2 9 2 2 2 2 9 2 2 2 9 2
left_child=5 2 3 -2 -4 10 9 8 -8 -7 11 -1 13 -13
right_child=1 -3 4 -5 -6 6 7 -9 -10 -11 -12 12 -14 -15
leaf_value=-3.0456754694932016e-06 -0.031131032987975857 -0.0055251603607784656 0.025200360438746842 0.0049821589270352918 0.0057317091699607137 0.0036933585403343522 0.027518130389032624 -0.028164322258813254 0.0062078491348876719 -0.012451436691312028 -0.0013064049139739436 0.002503963819354442 0.0021097422542299079 0.03530185369266365
leaf_weight=69176.908673659898 146.81603849586099 453.19985794648528 211.1265186490491 996.66853790078312 1538.7093122333754 244.14103216677904 118.4271673001349 73.024830713868141 2343.1078217178583 498.42488104104996 28773.169031459372 112.73445392493159 848.62878124031704 224.91536270687357
leaf_count=2039319 919 18145 1262 5778 9213 1027 654 304 10047 2079 1307394 912 17130 3914
internal_value=-4.89934e-05 0.00351564 0.00493319 9.38313e-05 0.00809375 -0.000165507 0.00328771 0.00634601 0.00738083 -0.00714552 -0.000279691 0.00014017 0.00848462 0.0236914
internal_weight=105760 3346.52 2893.32 1143.48 1749.84 102413 3277.13 2534.56 2461.53 742.566 99136.4 70363.2 1186.28 337.65
internal_count=3418097 35317 17172 6697 10475 3382780 14111 11005 10701 3106 3368669 2061275 21956 4826
cat_boundaries=0 1 2 3
cat_threshold=1048576 2097153 3211520
is_linear=0
shrinkage=0.03


Tree=239
num_leaves=15
num_cat=4
split_feature=15 27 11 11 11 11 11 27 27 12 27 5 18 9
split_gain=52.7633 54.5388 131.005 157.398 55.196 50.8036 84.975 261.259 81.0959 63.5828 96.6845 150.637 91.4058 84.6571
threshold=2.5000000000000004 0 487.50000000000006 518.50000000000011 478.50000000000006 518.50000000000011 507.50000000000006 1 2 0.84412955465587058 3 1.0000000180025095e-35 964.50000000000011 1.0000000180025095e-35
decision_type=2 9 2 2 2 2 2 9 9 2 9 2 8 2
left_child=5 -2 4 -4 -3 6 -1 -8 -7 -10 13 12 -12 -11
right_child=1 2 3 -5 -6 8 7 -9 9 10 11 -13 -14 -15
leaf_value=0.00024709369002912822 0.0061094963908398985 -0.0037829098486484641 0.030446179869197006 -0.0037269471924945654 -0.03536139205694297 -0.0089350716351699108 0.02964261810147405 -0.00076862575692180138 -0.00232395412831933 0.0082485907938648143 0.0038855267296995771 0.020881398175317364 -0.0035590048296230341 0.00099914557764474356
leaf_weight=70283.115281670471 2430.8899940021802 81.246647349558771 153.82005681097507 559.56344837415963 128.85775540955365 1126.4494703286327 350.10740309336688 865.66406232281588 13208.61524072499 2075.5316368611529 1846.4208273960976 262.9877315685153 7554.3430614387617 4804.2759184064344
leaf_count=2044781 14569 2080 1382 16407 855 41541 10261 11714 147491 126142 166997 1173 735961 96698
internal_value=6.5318e-05 0.00376712 -0.00243833 0.00367378 -0.0232259 -5.60065e-05 0.000383177 0.00824341 -0.00107291 -0.000771684 0.000467269 -0.00146762 -0.00209655 0.00318245
internal_weight=105732 3354.38 923.488 713.384 210.104 102378 71498.9 1215.77 30878.6 29752.2 16543.6 9663.75 9400.76 6879.81
internal_count=3418052 35293 20724 17789 2935 3382759 2066756 21975 1316003 1274462 1126971 904131 902958 222840
cat_boundaries=0 1 2 4 5
cat_threshold=2650865728 2147614720 3279108 8 1984180226
is_linear=0
shrinkage=0.03


Tree=240
num_leaves=15
num_cat=3
split_feature=18 14 28 11 11 27 9 27 14 16 1 16 18 14
split_gain=48.7543 71.4133 70.8374 77.3264 69.7214 85.6934 68.7693 82.8595 135.88 92.8228 84.0581 198.304 160.058 276.548
threshold=955.50000000000011 865.16666666666686 0 84.500000000000014 368.50000000000006 1 1.0000000180025095e-35 2 70.785714285714292 214.50000000000003 109.50000000000001 25.500000000000004 1.0000000180025095e-35 137.01428571428576
decision_type=10 2 9 2 2 9 2 9 2 2 2 2 10 2
left_child=1 2 3 -1 5 -2 7 -4 9 -9 11 -10 13 -12
right_child=4 -3 6 -5 -6 -7 -8 8 10 -11 12 -13 -14 -15
leaf_value=-0.0097894931874484194 -0.0061985024938287633 0.0049859522438733869 -0.0042000470713724784 -0.0010632965452142778 -0.0014596753060465235 0.0021669344856638699 0.0040848485156582681 0.0085307994631700235 -0.0010236819929233816 -0.057831811002557888 0.036665272238918481 -0.018525482601037244 0.00057119284190142682 0.0042559079417627188
leaf_weight=1160.9231816530228 1224.5684783393517 3130.7160886432976 3370.8430381813087 4283.8570916395402 31899.372149770381 10231.17569259624 4824.172799459775 2172.6995542633813 9455.4933691620827 18.15086130797863 293.14440704742447 619.92469443555456 31876.770231095143 1220.647132103797
leaf_count=12606 14041 14636 57915 90006 1150139 230847 185032 62439 873176 90 13392 152721 507166 54464
internal_value=3.40912e-05 0.000570815 0.000337626 -0.00291997 -0.000738736 0.00126872 0.000667457 0.000331256 0.000666661 0.00795486 0.000299287 -0.00210227 0.00102398 0.010552
internal_weight=105782 62427.3 59296.6 5444.78 43355.1 11455.7 53851.8 49027.7 45656.8 2190.85 43466 10075.4 33390.6 1513.79
internal_count=3418670 2023643 2009007 102612 1395027 244888 1906395 1721363 1663448 62529 1600919 1025897 575022 67856
cat_boundaries=0 1 2 3
cat_threshold=266256 588284168 569418690
is_linear=0
shrinkage=0.03


Tree=241
num_leaves=15
num_cat=1
split_feature=28 17 11 8 17 10 2 11 8 6 11 6 1 5
split_gain=52.8876 64.9019 73.7652 63.04 61.9183 54.534 62.8866 112.881 135.278 89.4082 80.9907 71.4693 62.0553 66.814
threshold=0 30.500000000000004 92.500000000000014 1.5000000000000002 13.500000000000002 1.0000000180025095e-35 146.00000000000003 668.50000000000011 2.5000000000000004 5.5000000000000009 28.500000000000004 4.5000000000000009 18.000000000000004 1.0000000180025095e-35
decision_type=9 10 2 2 10 2 2 2 2 2 2 2 2 2
left_child=1 2 4 -2 -1 -5 7 8 -7 11 -8 -9 -10 -14
right_child=3 -3 -4 5 -6 6 10 9 12 -11 -12 -13 13 -15
leaf_value=-0.013285192999426093 0.0019485190600524727 0.0010083533211706422 -0.0010582333226589959 -0.00048086697834679956 -0.0037265675596773167 0.019606323855456322 0.048864459741461863 -0.015281810569440406 0.011294584541268483 -0.0050767229291104306 0.0040542878842386148 0.035869402451512454 -0.011231925059720546 0.033329684023760971
leaf_weight=731.03642895468511 18260.348837516503 10594.856541715097 21742.513155646506 44366.557489476982 3666.2405741724651 175.39855356048793 35.609110411256552 28.60987958824262 132.40681360382587 123.85425049276091 4461.2046473857481 154.69958487618715 1286.6826449444052 30.066346749663353
leaf_count=7361 219202 290190 430571 2137644 32503 3347 270 3513 980 22293 101581 1036 169272 144
internal_value=-5.2491e-05 -0.000972001 -0.00177505 0.000436735 -0.00531832 -0.000106679 0.00247546 -0.00205095 -0.00520587 0.0145978 0.00441991 0.0278464 -0.00822046 -0.0101899
internal_weight=105790 36734.6 26139.8 69055.4 4397.28 50795.1 6428.53 1931.72 1624.55 307.164 4496.81 183.309 1449.16 1316.75
internal_count=3419907 760625 470435 2659282 39864 2440080 302436 200585 173743 26842 101851 4549 170396 169416
cat_boundaries=0 1
cat_threshold=1638484
is_linear=0
shrinkage=0.03


Tree=242
num_leaves=15
num_cat=3
split_feature=30 28 14 18 29 2 16 6 16 18 18 18 18 18
split_gain=49.2925 54.0876 51.7391 106.707 58.0714 51.268 144.774 201.131 93.4302 89.6285 108.724 59.8934 309.05 243.406
threshold=0 1 1.0000000180025095e-35 786.50000000000011 2 130.00000000000003 25.500000000000004 5.5000000000000009 20.500000000000004 24.500000000000004 42.500000000000007 180.50000000000003 269.50000000000006 298.50000000000006
decision_type=1 9 2 10 9 2 2 2 2 10 10 10 10 10
left_child=-1 -2 3 4 -3 6 7 9 -9 -4 -11 -12 -13 -14
right_child=1 2 5 -5 -6 -7 -8 8 -10 10 11 12 13 -15
leaf_value=0.00079242889643946299 -0.0026432779988774385 -0.0052633760680446014 0.038311362576513852 -0.0063282992032347276 0.011435032902019825 0.00010630953098839373 -0.015811395587540137 -0.0034804265267065889 -0.014460922200099773 -0.021294822890165471 0.012041307042980003 -0.020291256657132658 0.045447602762318573 0.004003270350578402
leaf_weight=40921.324191856198 9376.4716565579874 218.57644561305642 64.564065344631672 578.30693496949971 1214.5103697869927 42697.415396158816 660.46265026379842 4814.8428446513135 814.79471519752406 159.09424721822143 679.39129716344178 470.00074438005686 132.468809209764 2879.7838030308485
leaf_count=1095163 201835 3002 329 7422 40711 942185 169624 765320 171551 1194 3309 2186 606 14803
internal_value=-2.25148e-05 -0.000537509 -0.000180551 0.00454154 0.00892931 -0.000358623 -0.002218 -0.00132006 -0.00507195 0.00349649 0.00296751 0.00389992 0.00230853 0.00584033
internal_weight=105682 64760.7 55384.2 2011.39 1433.09 53372.8 10675.4 10014.9 5629.64 4385.3 4320.74 4161.64 3482.25 3012.25
internal_count=3419240 2324077 2122242 51135 43713 2071107 1128922 959298 936871 22427 22098 20904 17595 15409
cat_boundaries=0 1 2 3
cat_threshold=6 1069072 16
is_linear=0
shrinkage=0.03


Tree=243
num_leaves=15
num_cat=4
split_feature=15 27 11 11 11 30 11 11 27 1 27 9 14 16
split_gain=47.006 46.6006 102.799 145.035 70.3292 45.4079 45.8575 63.7382 90.4883 52.9306 70.71 82.013 241.193 94.4459
threshold=2.5000000000000004 0 487.50000000000006 518.50000000000011 478.50000000000006 1 365.50000000000006 92.500000000000014 2 146.00000000000003 3 1.0000000180025095e-35 136.58477011494256 24.500000000000004
decision_type=2 9 2 2 2 1 2 2 9 2 9 2 2 2
left_child=5 -2 4 -4 -3 6 7 8 -1 -9 11 12 13 -11
right_child=1 2 3 -5 -6 -7 -8 9 -10 10 -12 -13 -14 -15
leaf_value=-0.019692962972985107 0.0058569702817647803 -0.0011809834277988868 0.028554272094265511 -0.0030450692618374906 -0.034224549875753033 -0.000650292551239492 -0.00035048786163022129 -0.00046419913129842232 0.0002995741051103121 0.056362878939635812 0.00329400162684942 -0.0070632094458299537 0.0078762931976579138 -0.0017184614759091909
leaf_weight=197.65778010338545 2285.675330161117 105.79152096807957 162.07838037982583 658.18370248470455 127.44112210534513 62856.639093856909 20154.121486090473 2541.7438585774507 8655.4726458697114 146.28009351436049 6627.0400498812087 183.50220793345943 823.99830213421956 30.32763834670186
leaf_count=1556 13532 2225 1445 17154 867 2303082 623387 220936 123110 4480 75029 6059 24035 1052
internal_value=-3.5554e-05 0.00346657 -0.00175918 0.00322592 -0.0193054 -0.000149993 0.000648964 0.00169806 -0.000170863 0.0032961 0.0045196 0.0112476 0.0147216 0.0464354
internal_weight=105556 3339.17 1053.49 820.262 233.233 102217 39360.1 19206 8853.13 10352.9 7811.15 1184.11 1000.61 176.608
internal_count=3417949 35223 21691 18599 3092 3382726 1079644 456257 124666 331591 110655 35626 29567 5532
cat_boundaries=0 1 2 3 5
cat_threshold=2617313280 6 541065216 2307006532 8
is_linear=0
shrinkage=0.03


Tree=244
num_leaves=15
num_cat=1
split_feature=17 11 18 28 14 4 4 5 14 14 2 18 2 17
split_gain=49.4474 87.528 59.2893 73.5498 56.0336 75.8857 64.9055 64.2362 69.1311 53.9107 68.9541 53.8394 63.0593 52.7149
threshold=28.500000000000004 203.50000000000003 94.500000000000014 0 153.04805491990848 1.0000000180025095e-35 1.0000000180025095e-35 1.0000000180025095e-35 149.34057971014497 1.0000000180025095e-35 138.50000000000003 771.50000000000011 965.00000000000011 13.500000000000002
decision_type=10 2 8 9 2 2 2 2 2 2 2 10 2 10
left_child=2 -2 3 9 6 -6 -3 -8 -9 -1 -11 12 -4 -5
right_child=1 4 11 13 5 -7 7 8 -10 10 -12 -13 -14 -15
leaf_value=0.0083830879361619232 0.0045884836727058754 0.0053437537342929664 0.00046112960363431729 -0.015890801865606544 -0.00073947393940015558 -0.010581678882593034 -0.0011310280667494279 0.0081842807432768415 -0.040550475051848917 -0.008039724364399153 0.00015356699371610796 -0.00097890216025623604 0.0082605173553276408 -0.0048968146829991652
leaf_weight=519.8732211375609 5337.9099296962377 2997.6748740989715 40348.27328927326 478.03998933779076 6482.7734561637044 790.10927751567215 5966.8637466344517 1016.9113938808441 25.909516602754593 1201.3413074652199 3999.7128633619286 33358.990350010805 954.06740008294582 2184.4373612061609
leaf_count=9397 69059 23045 1528579 5363 39065 26577 447616 4389 106 121526 38822 1078383 4374 22663
internal_value=-1.24402e-05 0.00123107 -0.000351134 -0.00274314 0.000193747 -0.00181002 0.00165002 6.9873e-05 0.00693575 -0.000817454 -0.0017401 -8.25124e-05 0.000641488 -0.00685026
internal_weight=105663 22618.2 83044.7 8383.4 17280.2 7272.88 10007.4 7009.68 1042.82 5720.93 5201.05 74661.3 41302.3 2662.48
internal_count=3418964 609857 2809107 197771 540798 65642 475156 452111 4495 169745 160348 2611336 1532953 28026
cat_boundaries=0 1
cat_threshold=12289
is_linear=0
shrinkage=0.03


Tree=245
num_leaves=15
num_cat=2
split_feature=17 30 15 7 6 1 16 28 1 7 7 6 7 2
split_gain=47.4292 59.6042 54.6983 87.314 69.0411 163.826 81.2066 70.7281 124.16 67.541 129.023 151.191 119.805 163.032
threshold=20.500000000000004 0 1.0000000180025095e-35 2.5000000000000004 5.5000000000000009 99.500000000000014 16.500000000000004 1 124.50000000000001 20.500000000000004 23.500000000000004 4.5000000000000009 15.500000000000002 99.500000000000014
decision_type=8 1 2 2 2 2 2 9 2 2 2 2 2 2
left_child=1 -1 4 -4 9 6 -6 8 -7 12 11 -11 -2 -14
right_child=2 -3 3 -5 5 7 -8 -9 -10 10 -12 -13 13 -15
leaf_value=-0.0013663949597858939 0.0013898626552390776 -0.014095100855023211 0.0071612963656358646 0.00087483881166162145 -0.0030371485897847305 0.054486548091947397 -0.010460520598313185 -0.00047353131196717086 0.0033968754335492735 0.0029750892534898821 0.0082875068547154113 -0.020073544251811102 0.030314046714957681 0.0043200465879146823
leaf_weight=12120.99839460291 12790.962712041102 329.78605568397325 2149.8359714096878 26344.455137468642 4302.2092607787345 42.374202774837613 1917.2141301899683 39686.418233950855 3335.3578061894514 442.2887013098225 488.51694765570574 606.84431855240837 306.2222748430213 742.17018341820221
leaf_count=134610 328989 3385 22543 595318 647641 459 379529 1070861 77979 59650 16000 15283 10139 56015
internal_value=2.188e-05 -0.00171706 0.000254318 0.00134937 -0.000228259 -0.00077583 -0.00532681 -0.000118459 0.00404178 0.00152665 -0.00443629 -0.0103632 0.00218945 0.0119342
internal_weight=105606 12450.8 93154.9 28494.3 64660.6 49283.6 6219.42 43064.2 3377.73 15377 1537.65 1049.13 13839.4 1048.39
internal_count=3418401 137995 3280406 617861 2662545 2176469 1027170 1149299 78438 486076 90933 74933 395143 66154
cat_boundaries=0 1 2
cat_threshold=3 2115712
is_linear=0
shrinkage=0.03


Tree=246
num_leaves=15
num_cat=4
split_feature=17 30 16 27 6 27 18 16 1 14 1 6 18 28
split_gain=42.805 50.0489 43.1291 75.5568 67.5384 227.548 122.92 67.9879 61.3953 60.226 66.3787 59.4968 82.3737 136.802
threshold=19.500000000000004 0 18.500000000000004 1 5.5000000000000009 2 24.500000000000004 94.500000000000014 99.500000000000014 179.97222222222226 138.50000000000003 11.500000000000002 384.50000000000006 3
decision_type=8 1 2 9 2 9 8 2 2 2 2 2 10 9
left_child=1 -1 3 9 6 8 -4 -8 -6 10 11 12 13 -2
right_child=2 -3 4 -5 5 -7 7 -9 -10 -11 -12 -13 -14 -15
leaf_value=-0.001612081896345495 0.014190872401341523 -0.015157854923845915 0.03774673025234869 -0.0019298435406870276 -0.013701701495339995 -0.0003139528212030101 0.00015828882725704585 0.0062322257173105184 -0.0055735064872263337 -0.0017973518559534867 0.0024027842307601877 -0.0020017486560735716 -0.00065508894502425109 -0.015110581785116916
leaf_weight=8254.8246801827336 908.61488490062766 242.49647646967787 80.295134298503399 7773.371754179243 1245.0386308821617 23490.265984497499 16336.993803208927 1844.9833211638033 2552.2578393300064 5066.6732874757145 28944.802923409734 6810.479408682324 1910.1218215972185 162.09734901878983
leaf_count=88921 47940 2380 401 246704 300390 273544 478945 9109 179126 59968 764995 941191 23650 1746
internal_value=2.15591e-05 -0.00202012 0.0002002 0.00079429 -0.000472492 -0.00141751 0.000939554 0.000774939 -0.0082198 0.0012779 0.00168051 -0.000454672 0.00307951 0.00973632
internal_weight=105623 8497.32 97126 51576.2 45549.8 27287.6 18262.3 18182 3797.3 43802.8 38736.1 9791.31 2980.83 1070.71
internal_count=3419010 91301 3327709 2086194 1241515 753060 488455 488054 479516 1839490 1779522 1014527 73336 49686
cat_boundaries=0 1 2 3 4
cat_threshold=3 3725807680 2148663552 3784711
is_linear=0
shrinkage=0.03


Tree=247
num_leaves=15
num_cat=2
split_feature=15 11 17 27 6 1 14 11 11 10 1 1 27 11
split_gain=47.5472 59.3318 103.664 83.8359 81.6977 166.399 79.4142 141.669 99.9945 74.3988 73.8488 115.204 70.7889 128.443
threshold=1.5000000000000002 362.50000000000006 31.500000000000004 0 5.5000000000000009 99.500000000000014 123.07037037037038 478.50000000000006 513.50000000000011 1.0000000180025095e-35 124.50000000000001 119.50000000000001 1 100.50000000000001
decision_type=2 2 10 9 2 2 2 2 2 2 2 2 9 2
left_child=1 2 12 4 6 -6 7 -3 -9 -5 11 -7 13 -1
right_child=-2 3 -4 9 5 10 -8 8 -10 -11 -12 -13 -14 -15
leaf_value=-0.021469907927583885 0.0019961617103154508 0.0028896718119707692 0.0045323057109108202 -0.0031083605284995745 -0.0085374135616684537 0.010261513679890666 0.0010551660285601568 0.034250560453329401 0.0080237326018496469 0.0022517072937946561 0.00020794483637792381 0.11713777513445815 0.0002605001439001368 -0.00069377566903775184
leaf_weight=381.87721863784827 9975.1816191814141 1088.5928010363132 5192.8783761035884 17660.693642632337 2157.8755533596268 36.520639542024583 3572.9031400884269 276.21162977651693 249.27790270384867 2684.1598422843963 16548.827302281512 11.18140072096139 44796.52988582442 891.32084999768995
leaf_count=3228 103082 40518 84521 327047 356352 5318 166228 5942 10555 47189 825967 764 1437068 5231
internal_value=2.53889e-05 -0.000180376 0.000514463 -0.000984665 0.000218959 -0.000702616 0.00355098 0.0090716 0.0218481 -0.00239993 0.000316515 0.0372042 6.14915e-05 -0.00688321
internal_weight=105524 95548.9 51262.6 44286.2 23941.4 18754.4 5186.99 1614.08 525.49 20344.9 16596.5 47.702 46069.7 1273.2
internal_count=3419010 3315928 1530048 1785880 1411644 1188401 223243 57015 16497 374236 832049 6082 1445527 8459
cat_boundaries=0 2 3
cat_threshold=3938570402 11 541098240
is_linear=0
shrinkage=0.03


Tree=248
num_leaves=15
num_cat=6
split_feature=15 27 8 18 18 18 14 28 28 27 29 14 30 18
split_gain=45.8404 59.7497 61.912 60.3126 215.805 181.268 57.9551 50.9779 45.3543 89.1332 75.5157 80.9801 118.535 56.2102
threshold=1.5000000000000002 0 3.5000000000000004 1717.5000000000002 1727.5000000000002 1683.5000000000002 134.66392479435959 1 2 3 4 1.0000000180025095e-35 5 7.5000000000000009
decision_type=2 9 2 8 10 10 2 9 9 9 9 2 1 8
left_child=8 3 -3 5 -5 7 -4 -2 -1 10 11 12 13 -10
right_child=1 2 6 4 -6 -7 -8 -9 9 -11 -12 -13 -14 -15
leaf_value=-0.0010151458621373312 0.01995138572157211 0.0052799196181464786 0.0088712359819474156 0.034546394132621769 -0.004941831942893527 -0.033961464309895446 -0.0018815938862768841 -0.0037432774667892255 -0.065278411624788202 -0.00025083058555084534 0.00099429746175891767 0.0041438846426536989 -0.016291077942392308 0.021234033464762846
leaf_weight=39723.819346128497 77.554389485158026 4683.4312270716764 539.58783382293768 162.88645524624735 518.26391121000051 184.33007514290512 2724.6624425415648 1072.6318937786855 5.8907926678657523 45879.920525560156 6642.6515079177916 2719.400384973269 87.02414776571095 612.74548092903569
leaf_count=877204 846 27397 11906 1303 11170 1391 31023 17845 331 2221687 142415 29036 1879 44008
internal_value=-3.8441e-05 0.00189801 0.0030659 -0.00270793 0.00453796 -0.0064272 -0.000101955 -0.00198886 -0.000240123 0.000310291 0.00286488 0.00647793 0.0155457 0.0199837
internal_weight=105635 9963.35 7947.68 2015.67 681.15 1334.52 3264.25 1150.19 95671.5 55947.6 10067.7 3425.06 705.66 618.636
internal_count=3419441 102881 70326 32555 12473 20082 42929 18691 3316560 2439356 217669 75254 46218 44339
cat_boundaries=0 1 2 3 5 6 7
cat_threshold=1616257280 1048576 1384564 1778726944 10 44 12
is_linear=0
shrinkage=0.03


Tree=249
num_leaves=15
num_cat=3
split_feature=15 12 16 28 28 28 8 16 1 6 1 16 12 16
split_gain=42.3837 47.9346 43.4184 168.1 68.2028 39.319 41.3482 49.9862 151.243 104.903 131.427 103.388 76.2643 71.7081
threshold=2.5000000000000004 0.86811594202898557 11.500000000000002 0 1 2 1.5000000000000002 25.500000000000004 119.50000000000001 5.5000000000000009 99.500000000000014 22.500000000000004 0.7958333333333335 19.500000000000004
decision_type=2 2 2 9 9 9 2 2 2 2 2 2 2 2
left_child=5 2 3 -2 -4 -1 -7 9 -9 -8 11 -11 -12 -14
right_child=1 -3 4 -5 -6 6 7 8 -10 10 12 -13 13 -15
leaf_value=-0.00089682498565279468 -0.029388658035306214 -0.0058041440387852881 0.02583297148829633 0.0045463299424951063 0.0056400916879330498 0.0015909198299831771 0.0035453771182121789 -0.015744643684119913 -0.00088780021277176354 -0.0032684783340620293 -0.00094041700999090104 -0.017429588433938537 0.0032948961287407558 -0.0029632490780354456
leaf_weight=38974.180346791865 139.98794062715024 451.17902740300633 158.72667551646009 1000.4347941307351 1597.1464917098638 16779.36146680126 7019.3603822896257 712.06974906509276 4563.4732439508662 5746.2906982786953 16094.825185979716 503.86329043377191 9763.4003597674891 1981.5986179574393
leaf_count=822309 938 18094 1026 5765 9459 210567 42779 188496 157693 941315 158487 105352 599202 157566
internal_value=-3.87593e-05 0.00328242 0.00469942 0.000141037 0.00765829 -0.000147638 0.00031473 -0.000146877 -0.00289572 0.000205942 -0.000481755 -0.0044127 0.000400885 0.00223887
internal_weight=105486 3347.47 2896.3 1140.42 1755.87 102138 63164.2 46384.9 5275.54 41109.3 34090 6250.15 27839.8 11745
internal_count=3419048 35282 17188 6703 10485 3383766 2561457 2350890 346189 2004701 1961922 1046667 915255 756768
cat_boundaries=0 1 2 3
cat_threshold=1048576 1048576 1523924
is_linear=0
shrinkage=0.03


Tree=250
num_leaves=15
num_cat=1
split_feature=17 11 28 11 11 17 9 11 4 11 6 14 18 8
split_gain=47.4424 81.3807 64.2025 73.3322 62.6942 58.2444 48.5314 84.4142 60.4773 75.3922 156.598 99.138 126.154 96.7482
threshold=30.500000000000004 371.50000000000006 0 92.500000000000014 303.50000000000006 13.500000000000002 1.0000000180025095e-35 694.50000000000011 1.0000000180025095e-35 668.50000000000011 5.5000000000000009 148.12771739130437 29.500000000000004 2.5000000000000004
decision_type=10 2 9 2 2 10 2 2 2 2 2 2 10 2
left_child=2 -2 3 5 -5 -1 7 -4 -8 11 -11 13 -13 -10
right_child=1 -3 6 4 -6 -7 8 -9 9 10 -12 12 -14 -15
leaf_value=-0.012818272994690995 0.0042639152538347198 -3.5951945586013348e-06 2.453185612941458e-05 0.002169624591080764 -0.001672436866148496 -0.0035105085395796126 0.0066988504338039347 -0.017523266055531856 0.012430490886710327 0.024324341706172103 -0.0019356374881576287 0.04104456760288086 0.0031091946280660141 -0.0060306128736255064
leaf_weight=721.72164897189941 6027.7357160905376 12080.81022909563 53300.954693388543 4952.6560947652906 16738.584289983148 3726.9233373294119 2198.0785457324237 246.87209362303838 283.00847462005913 350.60850516916253 487.7797177368775 81.85863131005317 1656.2060022356454 2548.2435573728289
leaf_count=7378 96739 397912 2053937 76797 360121 33076 18197 11835 7722 8772 44762 1085 42337 258359
internal_value=1.96916e-05 0.00141707 -0.000270201 -0.00151426 -0.000795138 -0.00502309 0.000261789 -5.66947e-05 0.0025041 0.000798136 0.00906201 -0.000719789 0.00491843 -0.00418153
internal_weight=105402 18108.5 87293.5 26139.9 21691.2 4448.64 61153.6 53547.8 7605.78 5407.7 838.388 4569.32 1738.06 2831.25
internal_count=3419029 494651 2924378 477372 436918 40454 2447006 2065772 381234 363037 53534 309503 43422 266081
cat_boundaries=0 1
cat_threshold=1908754
is_linear=0
shrinkage=0.03


Tree=251
num_leaves=15
num_cat=5
split_feature=28 11 27 27 18 18 18 17 27 28 1 11 14 9
split_gain=40.8987 51.3789 56.1175 46.5696 266.708 389.033 253.749 85.5759 43.4234 55.9574 69.6653 55.988 55.6165 149.78
threshold=0 84.500000000000014 1 2 1704.5000000000002 1683.5000000000002 1727.5000000000002 24.500000000000004 3 4 99.500000000000014 6.5000000000000009 146.39565217391308 1.0000000180025095e-35
decision_type=9 2 9 9 10 10 10 10 9 9 2 2 2 2
left_child=1 2 -1 4 5 7 -6 -3 -2 10 11 -10 13 -12
right_child=8 3 -4 -5 6 -7 -8 -9 9 -11 12 -13 -14 -15
leaf_value=-0.015232729736763723 -0.0021100197460837029 -0.0066775879473505275 -0.0031867496851065253 -0.0012107380898261748 0.03836370458829972 -0.035240320470724715 -0.0008610489774570928 0.020755074419946094 0.018081079093842919 0.00021731126080746534 0.01828563290759215 -0.00056375783026374395 0.0034838880906765527 -0.0085122911289885334
leaf_weight=426.41153592988849 6426.9448812643532 165.87775730248541 1805.4148312190082 13980.681708952296 308.48749118763953 278.59566882252693 285.14675963297486 264.56761467084289 150.48978616902605 75045.35669081274 803.66210989328101 3357.1988320918754 1969.3980343895964 244.16903156880289
leaf_count=3467 213189 2578 18655 328258 2165 2060 10682 5633 13171 2417314 21317 310036 62318 7771
internal_value=-1.48567e-06 -0.0013249 -0.00557653 -0.000704581 0.00469766 -0.00768337 0.0195527 0.0101926 0.000262063 0.00044922 0.00311163 0.000241084 0.00645791 0.0120389
internal_weight=105512 17515.2 2231.83 15283.4 1302.68 709.041 593.634 430.445 87997.2 81570.3 6524.92 3507.69 3017.23 1047.83
internal_count=3418614 373498 22122 351376 23118 10271 12847 8211 3045116 2831927 414613 323207 91406 29088
cat_boundaries=0 1 2 4 5 6
cat_threshold=1572880 574750720 8618688 1 28459925 2099584
is_linear=0
shrinkage=0.03


Tree=252
num_leaves=15
num_cat=2
split_feature=8 14 27 18 0 18 2 14 17 14 18 18 27 18
split_gain=44.1593 73.1758 56.1384 127.878 84.1215 79.2321 73.6014 74.5491 63.7426 57.8485 52.2725 48.4223 60.4436 44.8111
threshold=1.5000000000000002 154.40617848970257 0 inf 187.50000000000003 24.500000000000004 518.00000000000011 166.69047619047623 31.500000000000004 180.15625000000003 1196.5000000000002 146.50000000000003 1 29.500000000000004
decision_type=2 2 9 8 2 10 2 2 10 2 10 8 9 10
left_child=2 11 4 8 5 -1 7 -7 13 -10 -6 -2 -13 -4
right_child=1 -3 3 -5 10 6 -8 -9 9 -11 -12 12 -14 -15
leaf_value=0.0007042995967623376 -0.0028273870974182807 -0.0023143223140380952 -0.0027911696705766164 0.030793058629619903 0.0051053728705314294 -0.0070639145873008591 -0.0025761800774588908 -0.022431268988894523 0.0089301830396918865 0.00039154948208176778 -0.00075131556339669465 -0.0041833348327831171 0.00051781088330437144 0.0016397310289620387
leaf_weight=2250.0996557064354 4832.7914676320506 14546.489693439566 2420.2859842274338 136.20609215926379 2413.0793505012989 858.86772413831204 1644.3602463230491 424.70289177796803 1891.4747055983171 1146.9952740743756 3175.4569234848022 2569.0777689113747 53550.038778487477 13550.879479868338
leaf_count=63508 214049 194962 13213 10009 11568 33474 10332 4330 13641 6196 15392 181561 2535617 111093
internal_value=-1.60674e-05 -0.000402565 0.000959427 0.0019334 -0.000773656 -0.00352892 -0.00678126 -0.0121621 0.00172603 0.00570811 0.00177801 5.37162e-05 0.000301873 0.000968135
internal_weight=105411 75498.4 29912.4 19145.8 10766.6 5178.03 2927.93 1283.57 19009.6 3038.47 5588.54 60951.9 56119.1 15971.2
internal_count=3418945 3126189 292756 154152 138604 111644 48136 37804 144143 19837 26960 2931227 2717178 124306
cat_boundaries=0 1 2
cat_threshold=3360694700 24150915
is_linear=0
shrinkage=0.03


Tree=253
num_leaves=15
num_cat=2
split_feature=17 4 12 18 14 5 27 27 11 16 16 6 16 18
split_gain=46.3558 62.9036 167.606 126.344 113.201 90.9477 88.1646 80.6786 67.9561 65.8442 62.8015 86.8891 100.595 92.4431
threshold=22.500000000000004 1.0000000180025095e-35 0.89181286549707617 1.0000000180025095e-35 149.0540935672515 1.0000000180025095e-35 0 1 300.50000000000006 334.50000000000006 7.5000000000000009 5.5000000000000009 21.500000000000004 24.500000000000004
decision_type=8 2 2 10 2 2 9 9 2 2 2 2 2 8
left_child=-1 2 3 -2 5 7 -7 -3 -6 10 -9 13 -13 -12
right_child=1 4 -4 -5 8 6 -8 9 -10 -11 11 12 -14 -15
leaf_value=-0.0013355644715914298 0.026777734053561996 -0.023611410490897738 0.013006793097232639 0.00063065742620472718 -0.00092273172716649909 0.0031394800184303957 0.019608215752143023 0.0016697734900525526 -0.0089829544855909264 -0.069473115908741778 0.033573135725516796 -0.0014106379337178946 -0.0076696115969427147 0.00084386556887441867
leaf_weight=20513.224924169248 165.93729570554569 124.70938666909933 1021.9016736932099 45186.838562217541 1648.3951844011899 2162.4851091429591 330.07989385537803 9321.259010606911 2194.7336566075683 11.426828288938848 77.392392180860043 11332.9042365395 2902.3024918979499 8423.4984033451183
leaf_count=247244 10418 1170 7355 345873 45909 9320 1555 782569 76145 61 384 1163319 327094 400545
internal_value=-5.57349e-05 0.000253491 0.000997784 0.000726913 -0.000642362 -0.000101023 0.00541858 -0.000528531 -0.0055269 -0.000430535 -0.000403893 -0.00125408 -0.00268718 0.00114575
internal_weight=105417 84903.9 46374.7 45352.8 38529.2 34686.1 2492.57 32193.5 3843.13 32068.8 32057.4 22736.1 14235.2 8500.89
internal_count=3418961 3171717 363646 356291 2808071 2686017 10875 2675142 122054 2673972 2673911 1891342 1490413 400929
cat_boundaries=0 1 2
cat_threshold=1678852096 536870912
is_linear=0
shrinkage=0.03


Tree=254
num_leaves=15
num_cat=2
split_feature=17 4 9 18 14 5 27 27 9 11 7 14 17 16
split_gain=43.0052 53.576 133.198 129.941 99.4439 96.6418 90.5857 79.2719 73.5061 58.4851 58.1331 61.0836 57.7454 57.0091
threshold=22.500000000000004 1.0000000180025095e-35 1.0000000180025095e-35 1.0000000180025095e-35 149.0192307692308 1.0000000180025095e-35 0 1 1.5000000000000002 200.50000000000003 7.5000000000000009 179.97222222222226 31.500000000000004 7.5000000000000009
decision_type=8 2 2 10 2 2 9 9 2 2 2 2 8 2
left_child=-1 2 3 -2 5 7 8 -3 12 -6 -5 -12 -7 -9
right_child=1 4 -4 10 9 6 -8 13 -10 -11 11 -13 -14 -15
leaf_value=-0.0013064841178401323 0.027300972187178137 -0.023402542545132087 0.0056327473709737166 0.00086004319351038502 3.3871962373671146e-05 0.0010710101763612167 0.020567105794120626 0.0015380254238851409 -0.0090657470899901463 -0.0077706739663322977 -0.0010094927116350901 -0.0090123860354441553 0.011895181542309095 -0.0012482431055447097
leaf_weight=20498.550790910725 159.54681677697226 124.82978923618793 4816.3801755378954 32255.403963760473 1299.0529544567689 1003.54985460639 308.20240121148527 9333.4824809520505 354.91627062112093 2580.2135115208803 8270.1051204819232 956.82851519435644 794.26924530044198 22635.291382058873
leaf_count=247474 10312 1197 38059 222660 33896 4245 1458 782062 1484 90578 84931 8208 3573 1888539
internal_value=-7.32644e-05 0.000224528 0.000910004 0.000363641 -0.000604068 -9.27061e-05 0.00563547 -0.000532105 0.003378 -0.00515782 0.00025938 -0.00184028 0.00585704 -0.000434616
internal_weight=105391 84892.1 46458.3 41641.9 38433.8 34554.5 2460.94 32093.6 2152.74 3879.27 41482.3 9226.93 1797.82 31968.8
internal_count=3418676 3171202 364170 326111 2807032 2682558 10760 2671798 9302 124474 315799 93139 7818 2670601
cat_boundaries=0 1 2
cat_threshold=1678856192 536870912
is_linear=0
shrinkage=0.03


Tree=255
num_leaves=15
num_cat=1
split_feature=7 9 7 5 8 11 16 18 18 18 28 11 18 11
split_gain=46.4616 63.8872 69.1989 63.6862 61.8332 50.9314 250.734 52.5402 52.4361 49.7191 55.8894 51.2962 115.369 90.1045
threshold=20.500000000000004 1.0000000180025095e-35 2.5000000000000004 1.0000000180025095e-35 6.5000000000000009 634.50000000000011 24.500000000000004 630.50000000000011 643.50000000000011 112.50000000000001 0 233.50000000000003 238.50000000000003 144.50000000000003
decision_type=2 2 2 2 2 2 2 8 8 8 9 2 8 2
left_child=1 4 3 -3 9 6 -2 -8 -7 10 -1 13 -13 -11
right_child=5 2 -4 -5 -6 8 7 -9 -10 11 -12 12 -14 -15
leaf_value=-0.00083018814713012334 -0.0013341903241741394 0.02723305764277072 0.0019661058221391 -0.0069251487158437175 -0.009656648876741801 0.046761991077895783 0.014205697339884416 -0.025736872045867647 -0.00042296406959576146 8.1463309063419174e-05 -0.0062924688255783156 -0.020784735362932887 -0.00021021219219113704 0.0037525529380008577
leaf_weight=8469.8525172579102 2805.7658606215846 180.06670721480623 11346.533797919983 66.935470994561911 599.58496613311581 20.283304939162917 30.818969420623034 518.85300952603575 5202.6876651424682 17771.801129205152 2097.1818417102331 245.57468410767615 46927.618972740369 9096.5955454634968
leaf_count=220350 222737 1706 282324 426 11688 1241 1239 27551 381668 343894 26115 10056 1565713 322905
internal_value=3.21139e-05 0.000219643 0.00230893 0.0179859 -6.46518e-05 -0.00208381 -0.00496721 -0.0234756 -0.000230806 3.43591e-06 -0.00192149 0.000278179 -0.000317758 0.00132445
internal_weight=105380 96801.7 11593.5 247.002 85208.2 8578.41 3355.44 549.672 5222.97 84608.6 10567 74041.6 47173.2 26868.4
internal_count=3419613 2785177 284456 2132 2500721 634436 251527 28790 382909 2489033 246465 2242568 1575769 666799
cat_boundaries=0 1
cat_threshold=604515
is_linear=0
shrinkage=0.03


Tree=256
num_leaves=15
num_cat=0
split_feature=15 7 17 17 16 6 1 14 18 7 14 11 16 18
split_gain=41.7912 75.2857 78.5585 62.6363 54.5648 49.7177 138.713 83.2004 81.6558 121.4 185.424 78.1706 73.5585 71.531
threshold=1.0000000180025095e-35 2.5000000000000004 36.500000000000007 37.500000000000007 26.500000000000004 5.5000000000000009 99.500000000000014 142.52557544757036 699.50000000000011 15.500000000000002 99.358974358974379 291.50000000000006 25.500000000000004 180.50000000000003
decision_type=2 2 10 10 2 2 2 2 10 2 2 2 2 8
left_child=5 2 -2 -4 -3 8 11 -8 9 -1 12 13 -11 -7
right_child=1 4 3 -5 -6 6 7 -9 -10 10 -12 -13 -14 -15
leaf_value=0.001689757815808598 0.0036889792203337718 0.00098312174225509375 0.032806221226065524 0.0075177514461703242 -0.0025403982300383245 -0.0084801437670369607 0.0024993624183042001 -0.0008638351631165413 -0.00176217416412708 0.04185165447315714 0.004512801353958513 -0.0092818082166429127 -0.019712272582405006 0.00018107914827745849
leaf_weight=9902.8455105930334 2122.9126076726243 26133.987662959844 159.57027671393007 197.20372365834191 4659.951499028597 1232.4217432420701 7901.2477090929169 40800.047402085969 6127.2965624083299 208.30341313779354 543.1547060982557 2404.2925485238666 18.481180895352736 2820.7036681023892
leaf_count=276486 21594 571914 1353 1461 60659 192835 308746 909826 195245 987 26492 468078 4924 376708
internal_value=-2.42848e-05 0.000854886 0.00588257 0.0188883 0.000449853 -0.000430818 -0.000866011 -0.000318153 0.00099799 0.00258263 0.0140495 -0.00499722 0.0367702 -0.00245396
internal_weight=105232 33273.6 2479.69 356.774 30793.9 71958.8 55158.7 48701.3 16800.1 10672.8 769.939 6457.42 226.785 4053.13
internal_count=3417308 656981 24408 2814 632573 2760327 2256193 1218572 504134 308889 32403 1037621 5911 569543
is_linear=0
shrinkage=0.03


Tree=257
num_leaves=15
num_cat=2
split_feature=15 8 11 12 4 0 18 12 4 11 7 28 30 14
split_gain=43.4916 51.3008 46.3444 99.1806 121.355 98.6053 78.479 69.9499 67.0059 62.6217 98.6189 84.048 108.331 108.925
threshold=1.5000000000000002 2.5000000000000004 365.50000000000006 0.85092592592592597 1.0000000180025095e-35 405.00000000000006 1021.5000000000001 0.94281045751633996 1.0000000180025095e-35 92.500000000000014 3.5000000000000004 0 1 1.0000000180025095e-35
decision_type=2 2 2 2 2 2 8 2 2 2 2 9 1 2
left_child=2 -2 9 5 7 8 -6 -5 -4 11 -11 -1 -13 -14
right_child=1 -3 3 4 6 -7 -8 -9 -10 10 -12 12 13 -15
leaf_value=0.00055931740987707492 0.0049338754888798211 0.00035284112452783033 -0.0027352670504570517 0.0054755759594775936 0.0028578140190732098 0.0016821394922332958 -0.0012922727648036389 0.021589343472618046 -0.0093047202689917983 0.0047681798095020262 0.00041671196840102121 -0.0020392280447333847 -0.057956621600111204 -0.010920644935507151
leaf_weight=15324.2562927705 3274.4995403343346 6701.5715113654733 16874.175195911899 1074.3413388244808 5833.8273378062295 4482.6598061472178 13799.167991374969 312.57184215262532 1522.768706951756 5967.529643091606 21838.552745989524 7367.1633070302196 46.080418735742569 777.16102779388893
leaf_count=350867 23436 79538 157165 7081 476751 20753 1053861 2599 55772 52540 1060536 69332 431 8140
internal_value=-2.76097e-05 0.00185684 -0.000225058 -0.00094065 0.000547036 -0.00230738 -5.90165e-05 0.00912011 -0.00327952 0.000387062 0.00135073 -0.000752483 -0.0032034 -0.0134573
internal_weight=105196 9976.07 95220.3 43899.5 21019.9 22879.6 19633 1386.91 18396.9 51320.7 27806.1 23514.7 8190.4 823.241
internal_count=3418802 102974 3315828 1773982 1540292 233690 1530612 9680 212937 1541846 1113076 428770 77903 8571
cat_boundaries=0 1 2
cat_threshold=2967561 3
is_linear=0
shrinkage=0.03


Tree=258
num_leaves=15
num_cat=4
split_feature=28 9 27 4 7 27 7 16 7 5 2 5 27 17
split_gain=37.9493 40.2286 87.2377 79.9641 82.0804 69.2109 83.5036 88.1176 54.2099 53.5722 53.5166 52.8826 52.1519 49.0679
threshold=0 1.0000000180025095e-35 1 1.0000000180025095e-35 2.5000000000000004 2 18.500000000000004 19.500000000000004 4.5000000000000009 1.0000000180025095e-35 146.00000000000003 1.0000000180025095e-35 3 38.500000000000007
decision_type=9 2 9 2 2 9 2 2 2 2 2 2 9 8
left_child=-1 5 8 -4 9 -2 12 -8 10 -5 -3 -6 -7 -13
right_child=1 2 3 4 11 6 7 -9 -10 -11 -12 13 -14 -15
leaf_value=-0.0012768771879273443 0.0036185830034957309 0.016322239538351282 0.0046886999256497454 0.027172360858046338 -0.002856637060276898 -0.0198879052847819 -0.0013874671228178911 -0.0097420929616348177 0.0076187400246245278 -0.0097992900002529422 0.061636511707646446 9.1858202962987495e-05 6.0275172545840993e-05 0.010624713046390424
leaf_weight=18729.320915808086 4344.6418803939596 84.68643364449963 3598.250481646508 148.30510369222611 5266.3988359385403 107.16904898174107 3887.866824884899 1604.5831315626856 972.58757999585941 45.610752277076244 32.083103093318641 1560.5973763763905 64295.295635832241 533.36518872529268
leaf_count=397459 163167 1458 27459 1430 434482 3497 289620 155678 30007 294 373 6591 1904738 2402
internal_value=-5.29806e-05 0.000212214 0.00180555 0.00100774 -0.000744632 -5.05145e-05 -0.000279111 -0.00382955 0.00986519 0.0184706 0.0291902 -0.00125332 2.36934e-05 0.00277853
internal_weight=105211 86481.4 12241.9 11152.5 7554.28 74239.6 69894.9 5492.45 1089.36 193.916 116.77 7360.36 64402.5 2093.96
internal_count=3418655 3021196 504496 472658 445199 2516700 2353533 445298 31838 1724 1831 443475 1908235 8993
cat_boundaries=0 1 3 5 6
cat_threshold=1572884 187773504 8 1073842180 11 536871680
is_linear=0
shrinkage=0.03


Tree=259
num_leaves=15
num_cat=3
split_feature=17 30 18 30 16 4 12 14 28 11 9 16 11 16
split_gain=44.7673 41.878 36.3609 43.8438 49.6923 45.537 66.0899 44.3995 45.6274 42.5209 104.804 96.5085 66.9894 46.9502
threshold=19.500000000000004 0 3210.5000000000005 1 8.5000000000000018 1.0000000180025095e-35 0.79057017543859665 134.11756756756759 2 668.50000000000011 1.0000000180025095e-35 24.500000000000004 694.50000000000011 25.500000000000004
decision_type=8 1 10 1 2 2 2 2 9 2 2 2 2 2
left_child=1 -1 3 -2 -5 6 7 -6 -9 -7 12 -12 -11 -13
right_child=2 -3 -4 4 5 9 -8 8 -10 10 11 13 -14 -15
leaf_value=-0.001625628326560747 0.0013117908827016897 -0.014238108626872624 -0.0018301241906061364 0.0014330977626206395 0.0037211387087562769 -0.0022770208646222534 0.0086397133865875105 -0.0028915684896027721 0.00026552393324189889 -2.2132305308888198e-05 -6.7877525619332104e-05 0.026847820674104687 -0.022996607481872901 0.0014235773427854195
leaf_weight=8237.1067629688187 32945.990022520069 233.49640143685974 6826.1606275651138 14795.706344009377 2495.2647530436516 15070.133043841808 807.56296408548951 5418.0765160378069 17083.973944015801 406.96566674218047 383.20113553595729 296.21243401570246 157.79367576842196 83.951695238240063
leaf_count=88874 936788 2362 212422 644219 15103 1266386 5112 37517 114321 39980 33525 2391 11878 8704
internal_value=9.75398e-05 -0.00199366 0.000280607 0.000440814 -6.28534e-05 -0.000587345 0.000198221 -7.4824e-05 -0.000495907 -0.00182348 0.0033207 0.0105635 -0.0064705 0.0212518
internal_weight=105242 8470.6 96771 89944.8 56998.8 42203.1 25804.9 24997.3 22502.1 16398.3 1328.12 763.365 564.759 380.164
internal_count=3419582 91236 3328346 3115924 2179136 1534917 172053 166941 151838 1362864 96478 44620 51858 11095
cat_boundaries=0 1 2 3
cat_threshold=3 6 1593682
is_linear=0
shrinkage=0.03


Tree=260
num_leaves=15
num_cat=4
split_feature=15 27 8 11 18 11 27 16 17 28 30 14 11 14
split_gain=42.4143 49.0758 48.3503 47.5265 134.297 103.291 193.911 111.142 67.9482 75.1591 104.81 90.5299 68.9227 67.296
threshold=1.5000000000000002 0 2.5000000000000004 233.50000000000003 238.50000000000003 132.50000000000003 1 35.500000000000007 30.500000000000004 2 3 70.785714285714292 32.500000000000007 152.79473684210529
decision_type=2 9 2 2 8 2 9 2 10 9 1 2 2 2
left_child=3 -2 -3 5 -5 6 -1 8 9 12 -11 -12 -8 -6
right_child=1 2 -4 4 13 -7 7 -9 -10 10 11 -13 -14 -15
leaf_value=-0.021349369606125889 -0.005285290636553289 0.0057448765675227192 0.0010635362824852335 -0.022085412192531784 0.00015837877299403513 0.0031738970866338383 0.0024486747967052648 0.011548466328659596 0.0038802328501727139 -0.0018049533435636044 -0.049077266220516301 -0.0098520547658256484 -0.0016511412272510043 -0.0020421147113211112
leaf_weight=376.5330192996189 771.33705481514335 2910.7716866892297 6244.8439465290867 261.55765665590297 37296.133583948249 10819.193442504271 7716.1703003954608 731.67831443995237 3106.7593996406067 8095.7566848762799 55.029017076129094 995.83029325399548 7071.6656338133616 18818.646286195144
leaf_count=3556 5032 21609 76338 11071 2169778 385623 157446 3480 37578 80415 514 12276 272590 182283
internal_value=7.14029e-05 0.00193752 0.00254952 -0.000122908 -0.000679768 0.000682704 -0.000274862 1.92959e-05 -0.000293068 -0.000834913 -0.00297052 -0.0118383 0.0004878 -0.000579602
internal_weight=105272 9926.95 9155.62 95345 56376.3 38968.6 28149.4 27772.9 27041.2 23934.5 9146.62 1050.86 14787.8 56114.8
internal_count=3419589 102979 97947 3316610 2363132 953478 567855 564299 560819 523241 93205 12790 430036 2352061
cat_boundaries=0 1 2 3 4
cat_threshold=542384448 4243456 2377989 3
is_linear=0
shrinkage=0.03


Tree=261
num_leaves=15
num_cat=1
split_feature=30 7 16 12 7 11 14 2 16 9 16 7 9 11
split_gain=41.4223 45.2892 38.1839 45.3197 39.8891 54.2378 80.3192 72.0538 52.6999 63.4525 40.6136 51.1212 75.8675 36.3688
threshold=0 12.500000000000002 8.5000000000000018 0.62202380952380965 17.500000000000004 656.50000000000011 142.76388888888891 146.00000000000003 24.500000000000004 1.0000000180025095e-35 25.500000000000004 28.500000000000004 1.5000000000000002 694.50000000000011
decision_type=1 2 2 2 2 2 2 2 2 2 2 2 2 2
left_child=1 -1 3 -2 -4 7 8 -6 -7 -10 11 -11 -13 -8
right_child=2 -3 4 -5 5 6 13 -9 9 10 -12 12 -14 -15
leaf_value=0.0013236580883110882 -0.00071050724681080994 -0.00086704127205080846 -0.00062435857489241079 0.002407633520790659 -0.013534074771358751 0.00074915955861234508 -0.0011324776986421511 -0.0032910316295947603 -0.010464975200280618 0.032761661584452734 -0.0019492293912989681 -0.062318210506723794 0.031471389956359612 -0.014475502376447531
leaf_weight=28699.080369262141 9452.7936743432656 12062.187380840187 40477.841030493379 7540.7393224113621 726.86586846259888 340.3491508520674 1169.7986211208627 4106.3842793151271 61.312407297780737 219.96581424353644 49.351538329268806 12.563180872239174 17.196433804463595 217.17987254518084
leaf_count=527820 117137 566392 1064798 594795 112915 45522 76707 280960 5862 2194 9294 92 147 12279
internal_value=-7.30668e-05 0.000675209 -0.000546759 0.000673202 -0.000984263 -0.0030888 0.000951759 -0.00483395 0.00922298 0.0172014 0.0228891 0.0277859 -0.00886117 -0.00323072
internal_weight=105154 40761.3 64392.3 16993.5 47398.8 6920.97 2087.72 4833.25 700.739 360.389 299.077 249.725 29.7596 1386.98
internal_count=3416914 1094212 2322702 711932 1610770 545972 152097 393875 63111 17589 11727 2433 239 88986
cat_boundaries=0 1
cat_threshold=6
is_linear=0
shrinkage=0.03


Tree=262
num_leaves=15
num_cat=3
split_feature=15 27 11 11 14 17 28 11 27 14 7 18 11 11
split_gain=40.5262 43.0174 101.946 134.86 49.8895 42.6153 63.5498 59.4467 77.1004 56.2176 67.6342 63.136 57.2734 144.124
threshold=2.5000000000000004 0 487.50000000000006 518.50000000000011 149.89444444444447 30.500000000000004 1 362.50000000000006 2 150.12000000000003 3.5000000000000004 786.50000000000011 507.50000000000006 518.50000000000011
decision_type=2 9 2 2 2 10 9 2 9 2 2 10 2 2
left_child=5 -2 4 -4 -3 6 -1 -7 9 10 11 -9 -12 -14
right_child=1 2 3 -5 -6 7 -8 8 -10 -11 12 -13 13 -15
leaf_value=-0.0016890067726626531 0.0053879518814730389 -0.0030148387684840322 0.028587355976150936 -0.0036750105982627573 -0.033680582717270952 0.0037474028381228007 0.00016738586173563512 0.030787380825089607 -0.0014079474483968263 -0.0093712571112778316 -0.0071669994568894389 -0.0057517851377590894 0.039381369141197511 0.0040659521187682594
leaf_weight=22686.48151265562 2417.6237228363752 80.450612864457071 146.29049790278077 559.0049411021173 117.22579647693783 5896.9381602404173 61742.648240554612 162.97152578830719 8559.2255343119614 252.01936834491789 353.71977324341424 57.099365876987576 108.47722221445292 2090.4086000085808
leaf_count=423477 14129 2127 1409 16722 848 94446 2476072 1633 285044 4605 8949 554 1367 87576
internal_value=5.3806e-05 0.00331481 -0.00227015 0.00304776 -0.0212782 -5.24808e-05 -0.000331629 0.00129569 4.74061e-05 0.00415576 0.0054032 0.0213238 0.0040228 0.00582527
internal_weight=105231 3320.6 902.972 705.295 197.676 101910 84429.1 17480.9 11583.9 3024.7 2772.68 220.071 2552.61 2198.89
internal_count=3418958 35235 21106 18131 2975 3383723 2899549 484174 389728 104684 100079 2187 97892 88943
cat_boundaries=0 1 2 4
cat_threshold=2617575424 1114192 1644335552 2
is_linear=0
shrinkage=0.03


Tree=263
num_leaves=15
num_cat=2
split_feature=17 17 30 27 17 9 18 16 7 18 14 14 18 6
split_gain=38.3084 33.8314 37.0446 34.0918 61.2055 62.6889 103.354 52.8694 74.7352 91.9086 133.268 110.904 113.741 159.984
threshold=63.500000000000007 18.500000000000004 0 1 28.500000000000004 1.0000000180025095e-35 88.500000000000014 18.500000000000004 6.5000000000000009 269.50000000000006 99.029411764705898 141.91071428571431 298.50000000000006 5.5000000000000009
decision_type=10 8 1 9 8 2 10 2 2 8 2 2 8 2
left_child=1 2 -1 4 -3 -6 -7 -5 -9 10 -10 12 13 -11
right_child=-2 3 -4 7 5 6 -8 8 9 11 -12 -13 -14 -15
leaf_value=-0.0019031977468159996 0.015583617504926484 -0.0036009250154664897 -0.016022369776442801 0.0010186281730421448 -0.00084279877833790093 0.035861864417232991 0.0034111942395234113 0.00087968900631243334 -0.02001883853559118 0.039106395801395855 0.00089461389400040479 -0.0032411543893207744 0.00093206620545996702 -0.014683448608260864
leaf_weight=5335.6916240182472 139.98958856891841 5962.0963677063119 162.26395135582425 44717.65479159588 10702.373126617866 91.497620113193989 1972.1537519239355 17539.374241487472 586.36800908669829 158.33282839180902 514.23902499093674 10617.280108439387 6623.1068554525264 71.730728041846305
leaf_count=56173 4084 80140 1597 1894492 180087 782 16137 281662 52858 8972 19418 376129 432865 14723
internal_value=-4.3675e-05 -6.46473e-05 -0.00235534 6.18778e-05 -0.00109106 8.0454e-05 0.00486666 0.000329122 -0.000524648 -0.00185095 -0.0102555 -0.00132092 0.00165404 0.0223445
internal_weight=105194 105054 5497.96 99556.2 18728.1 12766 2063.65 80828.1 36110.4 18571.1 1100.61 17470.5 6853.17 230.064
internal_count=3420119 3416035 57770 3358265 277146 197006 16919 3081119 1186627 904965 72276 832689 456560 23695
cat_boundaries=0 1 2
cat_threshold=3 561283511
is_linear=0
shrinkage=0.03


Tree=264
num_leaves=15
num_cat=5
split_feature=7 9 27 27 18 18 18 27 27 27 7 14 7 11
split_gain=38.7869 57.047 71.4369 70.0114 65.3132 248.977 226.46 165.31 153.551 62.1696 59.4148 54.7639 54.6029 53.5854
threshold=20.500000000000004 1.0000000180025095e-35 0 1 1704.5000000000002 1727.5000000000002 1683.5000000000002 2 3 4 2.5000000000000004 82.527777777777786 2.5000000000000004 88.500000000000014
decision_type=2 2 9 9 8 8 10 9 9 9 2 2 2 2
left_child=1 3 10 4 6 7 13 -6 -8 -5 -3 -12 -11 -1
right_child=-2 2 -4 9 5 -7 8 -9 -10 12 11 -13 -14 -15
leaf_value=-0.0016804304775288315 -0.0019840577560249891 0.015658366369529414 0.004843705737113845 -0.021617277694414239 0.036801246675062294 0.0015558046687487632 -0.033785711820975887 -0.0003617235226705351 0.0026409748013096037 6.6271666341679198e-05 -0.01338658737833452 0.00015415672364741016 -0.0025823058416495123 0.00074486711703364143
leaf_weight=10837.323432913399 8517.1143089408288 212.30524754803628 4910.5009902340826 124.8491383602377 296.05031029134989 11503.633747151121 286.75829092040658 175.32196822052356 165.76217729819473 13918.001610912848 280.00903009076137 6193.7898932879325 14103.756485355785 33667.497166504967
leaf_count=257837 634188 1814 80106 3040 2061 544624 2108 6872 7570 87011 20831 181607 373902 1215762
internal_value=-4.33695e-05 0.000127624 0.00210143 -0.000141435 0.000463685 0.00243248 -6.06705e-05 0.0237788 -0.0211526 -0.00136507 7.96207e-05 -0.000433494 -0.00126639 0.000154261
internal_weight=105193 96675.6 11596.6 85079 56932.3 11975 44957.3 471.372 452.52 28146.6 6686.1 6473.8 28021.8 44504.8
internal_count=3419333 2785145 284358 2500787 2036834 553557 1483277 8933 9678 463953 204252 202438 460913 1473599
cat_boundaries=0 2 4 5 6 7
cat_threshold=3762735140 3 3531835426 11 131072 131072 536871296
is_linear=0
shrinkage=0.03


Tree=265
num_leaves=15
num_cat=5
split_feature=30 28 17 27 18 18 28 18 27 1 16 8 11 11
split_gain=34.808 41.0821 40.0416 64.6207 51.5839 420.898 214.346 56.9742 47.3164 46.2544 69.1872 50.7267 44.9559 64.6043
threshold=0 1 35.500000000000007 2 1717.5000000000002 1727.5000000000002 3 1683.5000000000002 4 146.00000000000003 25.500000000000004 1.5000000000000002 365.50000000000006 350.50000000000006
decision_type=1 9 10 9 8 8 9 10 9 2 2 2 2 2
left_child=2 -2 3 4 6 -6 7 -1 -4 10 -7 -12 13 -10
right_child=1 -3 8 -5 5 9 -8 -9 12 -11 11 -13 -14 -15
leaf_value=-0.010403276893142122 -0.002198183209115833 -4.9899088796795489e-05 0.0064744544074002361 0.0013125499530104385 0.036621824743113554 0.00244333359714958 -0.0017813534762348331 -0.034692734672140728 0.0038009709615208311 -0.0027802677546322455 0.060773442530329992 0.0054189181914747406 -0.0019237197408985705 0.033006784923255178
leaf_weight=140.80197368329391 9367.3645152720856 54983.628867748426 2259.6772704333998 23915.444835703354 279.78691187803634 1004.2681749416515 6603.8754917092156 231.04932267963886 649.95401747140568 3666.570803262759 31.753373384475708 27.725846230052412 1869.337206349941 75.207591507583857
leaf_count=1394 203388 2121157 46268 767691 2153 16659 71980 1792 14300 94161 332 478 76869 825
internal_value=7.15227e-05 -0.00036294 0.000757415 0.000411787 -0.00138541 0.000935623 -0.00305431 -0.0248808 0.00331461 -0.00118242 0.00432253 0.0354865 0.000534109 0.00687123
internal_weight=105106 64351 40755.5 35901.3 11985.8 5010.11 6975.73 371.851 4854.18 4730.32 1063.75 59.4792 2594.5 725.162
internal_count=3419447 2324545 1094902 956640 188949 113783 75166 3186 138262 111630 17469 810 91994 15125
cat_boundaries=0 1 2 3 4 6
cat_threshold=6 1069200 657850774 1048576 1711675712 10
is_linear=0
shrinkage=0.03


Tree=266
num_leaves=15
num_cat=6
split_feature=17 11 28 27 14 7 27 27 27 11 8 14 17 27
split_gain=38.8379 60.1808 47.3771 44.2706 41.5391 66.8306 57.574 40.1729 38.8575 44.8911 52.481 38.8455 38.4312 35.421
threshold=28.500000000000004 365.50000000000006 0 1 173.8666666666667 3.5000000000000004 2 3 4 350.50000000000006 1.5000000000000002 141.39047619047622 40.500000000000007 5
decision_type=10 2 9 9 2 2 9 9 9 2 2 2 10 9
left_child=2 8 3 -1 5 -3 12 -5 9 -2 -11 -9 -6 -7
right_child=1 4 -4 7 6 13 -8 11 -10 10 -12 -13 -14 -15
leaf_value=-0.0041332194479859561 0.0048827730046535891 0.013969584006156818 0.00018115861638527366 0.010340063126397913 0.001278546205040557 0.0024805156868735584 -0.0077736182396182622 0.0022804896421869977 0.0012149166482473062 0.035049623106107972 -0.0023829535370903112 -0.0014683183215351643 -0.0056400788440577063 -0.0011720684372068658
leaf_weight=4327.9478079373948 3415.797409103252 352.21558309579268 56804.098819106002 276.07700552325696 3011.2397885788232 4835.8156841138843 1237.1839235979132 2876.5458930832101 3859.1928037496982 94.197907938621938 52.001200349535793 18364.454492982593 949.62152616959065 4704.7948745245812
leaf_count=59240 28536 3003 2361721 11710 16397 152976 15748 78219 88281 652 907 299064 4957 297987
internal_value=-2.51802e-06 0.00110212 -0.000303412 -0.00136794 1.43418e-05 0.00115523 -0.00215678 -0.000809906 0.00331381 0.00556782 0.0218096 -0.000960103 -0.000380248 0.000680741
internal_weight=105161 22512.1 82649.1 25845 15090.9 9892.83 5198.05 21517.1 7421.19 3562 146.199 21241 3960.86 9540.61
internal_count=3419398 609444 2809954 448233 491068 453966 37102 388993 118376 30095 1559 377283 21354 450963
cat_boundaries=0 1 2 4 6 8 9
cat_threshold=1638494 590610432 333480008 9 8454176 10 430385252 8 1711577536
is_linear=0
shrinkage=0.03


Tree=267
num_leaves=15
num_cat=2
split_feature=18 28 27 17 7 16 18 2 18 12 7 7 6 18
split_gain=33.4998 48.9638 47.7606 47.7481 43.6262 70.1869 113.978 138.229 94.1361 64.0682 71.4891 81.2861 126.934 135.934
threshold=94.500000000000014 0 1 73.500000000000014 6.5000000000000009 19.500000000000004 269.50000000000006 99.500000000000014 273.50000000000006 0.74456521739130443 20.500000000000004 9.5000000000000018 5.5000000000000009 298.50000000000006
decision_type=8 9 9 8 2 2 8 2 8 2 2 2 2 8
left_child=1 2 -1 -3 -2 -6 7 -7 -8 -10 11 -11 13 -13
right_child=4 3 -4 -5 5 6 8 -9 9 10 -12 12 -14 -15
leaf_value=0.0045068268471112191 0.00090427020057946709 -0.0033759731182598689 -0.0015862747545865351 -0.014523315920615272 0.00049710286258730272 -0.020605130446097207 0.024748345667398607 0.00059556166577954498 -0.0034481725155054072 -0.0062537725292194707 -0.0042061033398410668 0.045873193337904711 -0.0020647872968186055 0.0053774246440428213
leaf_weight=1471.8613190511242 44340.256187748513 2429.7951420482714 5271.4835063483333 402.45439269137569 31547.730087347561 615.32943284267094 123.74806618317962 502.31216276646592 7884.3803051125724 1050.0735529917292 2593.5156819057884 75.055896258447319 2923.5103382609086 3966.0491278079571
leaf_count=14456 692823 28061 166020 4597 1661920 49030 9512 17876 86615 55710 219535 725 237326 175514
internal_value=4.57374e-05 -0.00164592 -0.000251167 -0.00494708 0.000215155 -0.000380688 -0.00178392 -0.0110847 -0.00122498 -0.00140012 0.000122249 0.00152323 0.00269652 0.00614072
internal_weight=105198 9575.59 6743.34 2832.25 95622 51281.7 19734 1117.64 18616.3 18492.6 10608.2 8014.69 6964.62 4041.11
internal_count=3419720 213134 180476 32658 3206586 2513763 851843 66906 784937 775425 688810 469275 413565 176239
cat_boundaries=0 1 2
cat_threshold=67777 168167424
is_linear=0
shrinkage=0.03


Tree=268
num_leaves=15
num_cat=2
split_feature=15 17 11 27 9 8 18 11 8 18 27 15 17 11
split_gain=34.6271 36.5367 62.8371 53.5293 87.1224 104.989 151.992 166.63 108.714 81.8961 79.9636 66.7746 64.0988 63.9745
threshold=3.5000000000000004 28.500000000000004 365.50000000000006 0 1.0000000180025095e-35 4.5000000000000009 786.50000000000011 507.50000000000006 5.5000000000000009 699.50000000000011 1 1.0000000180025095e-35 41.500000000000007 518.50000000000011
decision_type=2 10 2 9 2 2 10 2 2 10 9 2 10 2
left_child=1 -1 -3 4 5 6 9 10 -7 -4 -8 -6 -5 -9
right_child=-2 2 3 12 11 8 7 13 -10 -11 -12 -13 -14 -15
leaf_value=-0.00034332744014181914 0.0063251345808881471 0.0032741954207905922 -0.0045086346025401298 -3.6402951462109486e-05 -0.0080948251198336117 0.031387055950479678 -0.03449065978520563 0.029721043684525272 0.008165797800490265 0.031389143636974703 -0.00042395265964408145 0.0035961908720180142 -0.0057606893494721468 -0.0017464717946768999
leaf_weight=81978.759534095996 771.54411687003449 7451.3624814581126 89.578042737208307 8701.9237962352345 872.25477764895186 211.63057029922493 213.47396563738585 75.778833004646003 1247.9671487652231 156.12737743929029 96.410552468150854 884.74845171510242 2206.0931926788762 239.2034416012466
leaf_count=2802492 6928 118609 1597 270417 29711 7835 1332 716 71502 1741 1417 13736 82063 6936
internal_value=-2.87707e-06 -4.96916e-05 0.00102269 -9.62709e-05 0.00282748 0.00663659 -0.00160818 -0.00946744 0.0115519 0.0183365 -0.0250504 -0.00220905 -0.00119344 0.00589412
internal_weight=105197 104425 22446.6 14995.2 4087.17 2330.17 870.572 624.867 1459.6 245.705 309.885 1757 10908 314.982
internal_count=3417032 3410104 607612 489003 136523 93076 13739 10401 79337 3338 2749 43447 352480 7652
cat_boundaries=0 2 3
cat_threshold=1644335432 10 131072
is_linear=0
shrinkage=0.03


Tree=269
num_leaves=15
num_cat=5
split_feature=16 27 27 15 14 27 18 18 18 1 29 28 17 18
split_gain=32.2138 65.968 56.3668 57.9764 88.0287 58.2202 60.1304 308.303 156.88 57.8236 93.869 102.602 64.1913 57.5631
threshold=15.500000000000002 0 1 1.0000000180025095e-35 223.55000000000004 2 1704.5000000000002 1683.5000000000002 1727.5000000000002 99.500000000000014 3 4 15.500000000000002 18.500000000000004
decision_type=2 9 9 2 2 9 10 10 10 2 9 9 10 10
left_child=2 -2 -1 4 9 -5 7 -7 -8 10 11 12 13 -4
right_child=1 -3 3 5 -6 6 8 -9 -10 -11 -12 -13 -14 -15
leaf_value=-0.0037258493936205379 0.027722051000349118 -0.00054522753271742564 -0.032657550819038608 -0.0023158189753113238 -0.0085056888490592456 0.0027755945750657491 0.028352103336201171 -0.028877513821423048 0.0045507815735054509 0.001010104318261042 -0.0050589607157091009 -0.0013643332550129907 -0.026500928237875788 0.017970132396129167
leaf_weight=2618.9871458192356 63.407367428764701 56771.038461550954 20.120410560630262 2162.4957323716953 1052.7842800593935 10524.408004087629 274.20799543778412 283.42901372793131 2648.9220905676484 22782.528041018173 3874.6497628111392 1484.2781726452522 32.962481517344713 530.03994822502136
leaf_count=164806 447 1578534 423 58924 14633 231208 3092 3051 40881 658925 481499 149521 945 32615
internal_value=-2.4351e-05 -0.000508422 0.000545373 0.000791024 1.02844e-05 0.00225419 0.00297356 0.00194292 0.00679243 0.000322688 -0.00231267 0.00284499 0.0133863 0.0160627
internal_weight=105124 56834.4 48289.8 45670.8 29777.4 15893.5 13731 10807.8 2923.13 28724.6 5942.05 2067.4 583.123 550.16
internal_count=3419504 1578981 1840523 1675717 1338561 337156 278232 234259 43973 1323928 665003 183504 33983 33038
cat_boundaries=0 1 2 3 4 5
cat_threshold=27295872 555778435 9768960 36 1
is_linear=0
shrinkage=0.03


Tree=270
num_leaves=15
num_cat=1
split_feature=18 7 14 8 1 27 18 11 14 9 14 16 17 16
split_gain=42.3119 63.4547 87.9292 90.4221 75.9392 56.3682 97.0617 64.6079 64.9049 64.3424 67.8301 151.498 59.2523 55.7768
threshold=59.500000000000007 2.5000000000000004 179.97222222222226 1.5000000000000002 1100.0000000000002 0 59.500000000000007 60.500000000000007 447.10000000000008 1.0000000180025095e-35 447.10000000000008 29.500000000000004 34.500000000000007 25.500000000000004
decision_type=8 2 2 2 2 9 10 2 2 2 2 2 10 2
left_child=-1 5 3 -3 -4 9 -7 -8 12 10 11 -2 -9 -5
right_child=1 2 4 13 -6 6 7 8 -10 -11 -12 -13 -14 -15
leaf_value=-0.0022661407354049334 -0.0016224969073335514 0.0060747237977540301 -0.0033486894435113489 0.00029357288037582809 0.006526013273189437 0.026803429626745822 0.00074351890240801982 0.0066836919026897427 0.0023185725962190738 0.0179549143005572 0.0013067214598621291 -0.020640692639667713 0.020205935319770104 -0.0025536074648058868
leaf_weight=6802.9575839822646 2539.641349038342 2263.309274395695 10497.921154885087 54558.045461307513 750.13197742402554 146.90593348769471 8909.0264016785659 2032.4264333592728 3841.9639645596035 165.56730874860659 4833.5886951857246 441.72922374564223 340.02909357612953 6984.3406750643626
leaf_count=133071 74799 18396 107163 2488367 3909 10384 93670 14449 18502 1314 22901 4773 2861 424127
internal_value=2.17731e-05 0.000180125 -0.000244108 0.000187038 -0.00268962 0.0015495 0.00261632 0.00238135 0.00472885 -0.000494556 -0.000888306 -0.00444627 0.00862945 -2.9585e-05
internal_weight=105108 98304.6 75053.7 63805.7 11248.1 23250.9 15270.4 15123.4 6214.42 7980.53 7814.96 2981.37 2372.46 61542.4
internal_count=3418686 3285615 3041962 2930890 111072 243653 139866 129482 35812 103787 102473 79572 17310 2912494
cat_boundaries=0 1
cat_threshold=2689687980
is_linear=0
shrinkage=0.03


Tree=271
num_leaves=15
num_cat=3
split_feature=2 14 11 2 0 27 14 18 17 8 28 5 27 18
split_gain=35.3192 62.9165 95.2427 98.4786 146.279 68.7642 61.0829 53.1361 50.3834 71.1688 90.8354 46.1974 44.3458 75.3538
threshold=1693.5000000000002 180.15625000000003 200.50000000000003 299.00000000000006 85.000000000000014 0 936.83333333333337 786.50000000000011 35.500000000000007 2.5000000000000004 1 1.0000000180025095e-35 2 1717.5000000000002
decision_type=2 2 2 2 2 9 2 10 10 2 9 2 9 8
left_child=1 8 3 4 -3 -4 -2 -8 12 10 -10 -11 13 -1
right_child=6 2 5 -5 -6 -7 7 -9 9 11 -12 -13 -14 -15
leaf_value=-0.0056244339298707783 0.010049778032187455 0.0057073159586221913 -0.0071171547758304421 0.0058477806622626834 -0.021812539970517762 -0.0018003360206715253 0.0067554416907967532 -0.0011402395081411944 0.023102205650371688 -0.0001906580465940998 0.0046906219559590739 0.011059621337990428 0.00017894640699169157 0.00062206071966737476
leaf_weight=3292.1746023942251 805.88967850804329 374.30490921996534 3047.8338670716621 2241.0541007220745 323.04569422453642 7791.3262456856901 1048.0219147354364 2853.5935905128717 268.18627277272753 4669.9278778176522 1939.3886971799657 352.35254058241844 72368.059511550935 3680.3919258564711
leaf_count=49469 4035 6546 39180 10056 2827 50270 4669 13132 2715 243954 19064 1523 2858726 112629
internal_value=-3.38828e-06 -0.000122539 -0.00200545 0.0027845 -0.00705416 -0.0033041 0.002536 0.000981825 0.000177143 0.00257449 0.00706263 0.000600682 -4.1343e-05 -0.00232434
internal_weight=105056 100348 13777.6 2938.4 697.351 10839.2 4707.51 3901.62 86570.5 7229.86 2207.57 5022.28 79340.6 6972.57
internal_count=3418795 3396959 108879 19429 9373 89450 21836 17801 3288080 267256 21779 245477 3020824 162098
cat_boundaries=0 1 2 3
cat_threshold=1679171584 1589256 561152393
is_linear=0
shrinkage=0.03


Tree=272
num_leaves=15
num_cat=1
split_feature=7 12 4 9 16 11 16 11 18 8 14 7 29 11
split_gain=43.0551 59.0043 107.613 54.8398 49.8157 66.7376 124.346 158.114 59.2944 49.1642 61.8311 45.6839 52.3884 44.7312
threshold=19.500000000000004 0.80322580645161301 1.0000000180025095e-35 1.0000000180025095e-35 8.5000000000000018 634.50000000000011 24.500000000000004 607.50000000000011 643.50000000000011 6.5000000000000009 119.83666666666669 2.5000000000000004 0 28.500000000000004
decision_type=2 2 2 2 2 2 2 2 8 2 2 2 9 2
left_child=3 -2 -3 9 -4 6 -6 -8 -7 -1 -11 12 -5 -13
right_child=1 2 4 11 5 8 7 -9 -10 10 -12 13 -14 -15
leaf_value=-1.1158885207538742e-05 -0.0073877237086853904 0.013024465184717957 0.0017926470396140636 -0.0038132784989436353 -0.0029635153637229015 0.059108130328490459 -0.0014435109373970851 -0.029582130862767862 -0.00026855732626937138 0.018687871206060778 -0.012770442880616977 -0.025919211189078195 0.024962404568970798 0.0020509986623671534
leaf_weight=82618.429472164484 1467.2847875481239 471.865209992975 2675.4372315681539 90.188666712492704 2563.7583342927974 14.208701294846831 324.84932554909028 401.59367479803041 3185.7529624325689 62.829785689944401 477.30208281753585 50.719312596367672 150.83627444319427 10410.16711453069
leaf_count=2359700 32737 4258 187352 526 240641 967 45171 17048 282382 659 9586 761 1572 234659
internal_value=-1.90401e-05 -0.00178539 -0.000931766 0.000189955 -0.00165161 -0.00307149 -0.00607093 -0.0170184 1.34747e-05 -7.01931e-05 -0.00908334 0.00221124 0.0150975 0.00191292
internal_weight=104965 11104.8 9637.47 93860.5 9165.6 6490.16 3290.2 726.443 3199.96 83158.6 540.132 10701.9 241.025 10460.9
internal_count=3418019 810556 777819 2607463 773561 586209 302860 62219 283349 2369945 10245 237518 2098 235420
cat_boundaries=0 1
cat_threshold=22
is_linear=0
shrinkage=0.03


Tree=273
num_leaves=15
num_cat=3
split_feature=18 7 14 8 1 18 27 28 27 14 17 9 14 1
split_gain=33.4739 44.4175 86.5489 67.055 60.1335 48.7176 70.0025 62.5549 77.5015 58.1547 62.8338 57.006 44.7359 46.3997
threshold=53.500000000000007 2.5000000000000004 154.40617848970257 1.5000000000000002 1100.0000000000002 616.50000000000011 0 1 2 968.75000000000011 30.500000000000004 1.0000000180025095e-35 1.0000000180025095e-35 138.50000000000003
decision_type=8 2 2 2 2 10 9 9 9 2 10 2 2 2
left_child=-1 5 3 -3 -4 7 -7 8 11 10 -8 -2 -5 -14
right_child=1 2 4 12 -6 6 9 -9 -10 -11 -12 -13 13 -15
leaf_value=-0.0021569773298169372 0.0012293222973780256 0.0057568000766817498 -0.0024365235797228317 0.022100006122027921 0.0062083441996143842 -0.0056346042248727798 0.0010029141215321588 -0.00071367741058012059 0.0076247885607830905 -0.00212803539524509 0.0082030620328887999 0.021362526953910589 -0.0014519472466312875 0.00059147894717969534
leaf_weight=6124.9552153305849 5105.3397946283221 1980.9344363554846 16910.56913439557 82.371100928168744 755.63313816487789 1750.6509882139508 4910.87702817237 3620.9601784897968 3257.9288974208757 3714.3026337064803 1401.4373862370849 128.79665835015476 13101.149532712996 42251.048371100333
leaf_count=118972 73412 16950 205477 656 3912 40778 27941 24947 62955 17811 8621 974 1395409 1420335
internal_value=-4.9567e-06 0.000128243 -0.000230257 0.000334741 -0.00206643 0.00125489 -0.000119035 0.00259063 0.00399562 0.000849223 0.00260251 0.00172543 0.000140886 0.000107809
internal_weight=105097 98972 75081.7 57415.5 17666.2 23890.3 11777.3 12113 8492.07 10026.6 6312.31 5234.14 55434.6 55352.2
internal_count=3419150 3300178 3042739 2833350 209389 257439 95151 162288 137341 54373 36562 74386 2816400 2815744
cat_boundaries=0 1 2 4
cat_threshold=2853175332 3485959 2960220416 8
is_linear=0
shrinkage=0.03


Tree=274
num_leaves=15
num_cat=1
split_feature=0 27 18 17 7 15 3 16 6 5 15 10 18 2
split_gain=30.9835 86.9494 61.785 46.5946 71.8805 49.2588 45.9404 55.9523 45.4765 45.063 38.6483 37.3806 116.539 46.4785
threshold=187.50000000000003 0 1196.5000000000002 33.500000000000007 2.5000000000000004 1.0000000180025095e-35 85.000000000000014 334.50000000000006 3.5000000000000004 1.0000000180025095e-35 2.5000000000000004 1.0000000180025095e-35 135.50000000000003 146.00000000000003
decision_type=2 9 10 10 2 2 2 2 2 2 2 2 10 2
left_child=1 11 -2 6 5 -5 10 -8 -4 -6 -3 -1 13 -13
right_child=2 3 8 4 9 -7 7 -9 -10 -11 -12 12 -14 -15
leaf_value=-0.0041929754425161303 0.0038234251452461863 -0.00040396612274100471 0.008438772575534775 0.0048872270953552585 -9.3058571608902073e-05 0.017268258666513131 0.0072997131086473301 -0.048901941645315312 -0.0017819557428546988 0.0084759479720781516 0.0031255799902759852 0.020616048720577155 -0.002023569778772646 0.074370437461148534
leaf_weight=5891.1922201500274 5200.9315766729414 75533.048389142961 428.75803507119417 1754.7132615388837 6591.0598713412182 345.69356086896732 937.44872546009719 15.231443166732786 4436.0648914836347 601.85082918405533 2898.304948850302 35.789820511825383 293.68434939580038 24.664198353886604
leaf_count=210795 24965 2836259 2089 16699 257663 3082 7700 72 21682 2631 28114 436 6545 260
internal_value=-3.1972e-05 -0.000199802 0.00155057 4.13709e-05 0.00205111 0.0069322 -0.000193922 0.00635083 -0.000879609 0.000625013 -0.000273499 -0.00361794 0.00583098 0.0434002
internal_weight=104988 94922.7 10065.8 88677.4 9293.32 2100.41 79384 952.68 4864.82 7192.91 78431.4 6245.33 354.138 60.454
internal_count=3418992 3370256 48736 3152220 280075 19781 2872145 7772 23771 260294 2864373 218036 7241 696
cat_boundaries=0 1
cat_threshold=24175361
is_linear=0
shrinkage=0.03


Tree=275
num_leaves=15
num_cat=6
split_feature=18 28 8 28 15 16 27 27 16 6 27 8 27 12
split_gain=35.0112 44.4403 42.3884 57.4923 51.9891 49.7873 62.7493 60.9749 58.5259 52.8942 69.9462 65.6638 74.8347 63.0478
threshold=53.500000000000007 0 1.5000000000000002 1 1.0000000180025095e-35 18.500000000000004 2 3 35.500000000000007 11.500000000000002 4 6.5000000000000009 5 0.62828947368421062
decision_type=8 9 2 9 2 2 9 9 2 2 9 2 9 2
left_child=1 -1 3 -2 -5 7 -7 -4 -8 10 -9 -11 -13 -12
right_child=2 -3 5 4 -6 6 8 9 -10 11 13 12 -14 -15
leaf_value=-0.0011149418103063513 0.002999660520569112 -0.0080176449927812695 -0.0024390712084155527 -0.00088697686191047717 0.0032916796415755453 -0.0083439508779532389 -0.0012089409616677929 -0.0054753459924886082 0.0061929308520406717 0.00091172549508089485 0.0015413253011862483 0.0041172190352071637 -0.0081759707181468123 0.016541468120584941
leaf_weight=5118.2928951596841 9420.9831494567916 995.87518385145813 6003.1304495325312 12174.752404093277 3434.8420655443333 1062.0609253784642 27964.236905230791 326.44964815839194 994.65359937772155 34320.746040870668 426.01728098187596 629.5846195621416 1484.7301535510924 617.84186402708292
leaf_count=107864 126411 10787 205967 73330 21235 15741 1118766 3019 7348 1617690 4882 17366 81969 6941
internal_value=-5.24515e-05 -0.00225532 8.38098e-05 0.00115066 3.26544e-05 -0.000277898 -0.00121897 0.000367011 -0.000954174 0.000813073 0.0065974 0.000595575 -0.00453437 0.0103281
internal_weight=104974 6114.17 98860 25030.6 15609.6 73829.5 30021 43808.5 28958.9 37805.4 1370.31 36435.1 2114.31 1043.86
internal_count=3419316 118651 3300665 220976 94565 3079689 1141855 1937834 1126114 1731867 14842 1717025 99335 11823
cat_boundaries=0 1 2 3 4 5 6
cat_threshold=764553 2385933 5374208 557105683 2483032064 209780736
is_linear=0
shrinkage=0.03


Tree=276
num_leaves=15
num_cat=3
split_feature=17 30 14 27 12 8 14 27 18 1 16 16 0 18
split_gain=32.4255 51.0558 43.9365 39.8542 36.2985 32.8494 58.2117 56.9888 108.908 66.4878 70.1396 102.39 74.0453 84.9694
threshold=22.500000000000004 0 65.250000000000014 1 0.94868421052631591 1.5000000000000002 198.70000000000002 2 1.0000000180025095e-35 846.50000000000011 24.500000000000004 23.500000000000004 140.00000000000003 18.500000000000004
decision_type=8 1 2 9 2 2 2 9 10 2 2 2 2 10
left_child=1 3 -3 -1 -4 7 -7 9 -9 10 11 -2 13 -12
right_child=5 2 4 -5 -6 6 -8 8 -10 -11 12 -13 -14 -15
leaf_value=-0.0040034605856265016 -0.0010779307408158708 -0.083062674344590373 -0.011902687411519996 -0.00023363429958897782 0.019814657232774549 0.00012057200401469122 -0.0045599098022668936 0.030212561175909106 0.0022290971880168631 0.0019308874162804351 0.0014372776623950351 0.021567823989617513 -0.002150169219264011 -0.017598030418752866
leaf_weight=2955.3855371880345 2134.759635472903 6.4640841023065141 444.94572147680447 16951.654934888473 34.131198162329383 58107.769089018926 2493.1554342743475 125.32428966322914 13790.252489070874 5061.3756557479501 289.75704108737409 195.20000516274013 1554.731782887131 774.56002406124026
leaf_count=20771 74639 69 3947 220806 1659 2879357 35055 10063 114869 24286 4211 3178 9863 16190
internal_value=4.05056e-05 -0.0010332 -0.0105365 -0.000795202 -0.00960646 0.000299553 -7.20577e-05 0.00124075 0.00248149 -0.000486084 -0.00295881 0.00082773 -0.00632642 -0.0124192
internal_weight=104919 20392.6 485.541 19907 479.077 84526.9 60600.9 23926 13915.6 10010.4 4949.01 2329.96 2619.05 1064.32
internal_count=3418963 247252 5675 241577 5606 3171711 2914412 257299 124932 132367 108081 77817 30264 20401
cat_boundaries=0 1 2 4
cat_threshold=3 542507040 3360694764 2
is_linear=0
shrinkage=0.03


Tree=277
num_leaves=15
num_cat=5
split_feature=30 11 11 28 11 28 2 2 17 6 11 28 11 28
split_gain=37.2923 44.7283 148.707 78.4699 49.0731 57.185 40.1173 103.966 69.4237 44.0412 40.0499 115.106 51.6906 38.5726
threshold=0 483.50000000000006 487.50000000000006 1 473.50000000000006 2 99.500000000000014 124.50000000000001 13.500000000000002 1.5000000000000002 518.50000000000011 3 513.50000000000011 4
decision_type=1 2 2 9 2 9 2 2 10 2 2 9 2 9
left_child=1 4 3 -3 6 -6 -1 8 -8 -9 11 12 -4 -11
right_child=-2 2 10 -5 5 -7 7 9 -10 13 -12 -13 -14 -15
leaf_value=-0.00088496842987917444 -0.00044148353901280564 -0.029951479496770461 -0.013585941312584837 0.0027939432393352848 0.022032878367870278 0.0010560536834807489 0.051827744406672503 0.0099054018581841517 -0.029053931456584893 0.0053909338362716358 -0.00064290270496287453 0.0014149054371461846 0.03438743514010572 0.0010866582165094958
leaf_weight=5725.5132737647509 64245.200463675428 220.90244983276352 22.743241539457813 97.297996310517192 213.84336172230542 258.41982398135588 57.111319313757122 590.16183012747206 10.755477785365654 2110.7847366395872 13655.59242003737 1388.8998902796302 152.09367869305424 16231.711207577959
leaf_count=360733 2323928 2910 773 1349 5156 3540 440 6717 435 34334 461037 44387 1289 172928
internal_value=8.73278e-06 0.000718702 -0.000547056 -0.0208121 0.00149946 0.0110688 0.00131624 0.00197956 0.0387739 0.00184562 -0.000122022 0.00442416 0.0265928 0.00158578
internal_weight=104981 40735.8 15537.5 318.2 25198.3 472.263 24726 19000.5 67.8668 18932.7 15219.3 1563.74 174.837 18342.5
internal_count=3419956 1096028 511745 4259 584283 8696 575587 214854 875 213979 507486 46449 2062 207262
cat_boundaries=0 1 2 3 4 5
cat_threshold=6 3227918 3153952 1048576 2377728
is_linear=0
shrinkage=0.03


Tree=278
num_leaves=15
num_cat=6
split_feature=28 11 27 27 18 18 18 7 27 28 27 2 14 9
split_gain=36.5812 47.7538 46.1775 40.1613 202.132 336.971 232.496 64.9717 35.9628 35.0367 79.6488 56.369 80.3475 243.002
threshold=0 72.500000000000014 1 2 1704.5000000000002 1683.5000000000002 1727.5000000000002 3.5000000000000004 3 4 5 109.50000000000001 144.01666666666668 1.0000000180025095e-35
decision_type=9 2 9 9 10 10 10 2 9 9 9 2 2 2
left_child=1 2 -1 4 5 7 -6 -3 -2 10 -10 -12 13 -13
right_child=8 3 -4 -5 6 -7 -8 -9 9 -11 11 12 -14 -15
leaf_value=-0.01492223145051497 -0.0019626154027081121 0.025437065609032871 -0.0033440896084093335 -0.0011525383246839707 0.037444843352240867 -0.033864123815156744 -0.00050760456801528535 0.0010308513334806289 0.02075840756731023 0.00023138066131088645 -0.00013538323441044891 0.028780826873131989 0.0019699817557804243 -0.013455813830622115
leaf_weight=376.99763650819659 6219.3355501352344 150.194485636428 1659.2943221563473 14367.697099202778 274.33959963615052 254.98539236793295 307.46528184227645 280.1540306485258 200.3980380371213 75317.802671029 3692.8098245214205 392.62896242295392 1202.4838080478366 177.33642816403881
leaf_count=3079 210738 1618 16471 335931 2153 2118 11561 7596 10829 2426132 313345 16557 52321 6271
internal_value=-1.84663e-05 -0.00126268 -0.00558359 -0.000700409 0.00439743 -0.00660458 0.0174217 0.00958801 0.000233796 0.000402719 0.00267558 0.00197216 0.00637185 0.015639
internal_weight=104874 17671.1 2036.29 15634.8 1267.14 685.334 581.805 430.349 87202.8 80983.5 5665.66 5465.26 1772.45 569.965
internal_count=3416720 380527 19550 360977 25046 11332 13714 9214 3036193 2825455 399323 388494 75149 22828
cat_boundaries=0 1 2 4 5 6 7
cat_threshold=1310740 574750720 8639424 3 28492689 2097280 838862848
is_linear=0
shrinkage=0.03


Tree=279
num_leaves=15
num_cat=0
split_feature=15 16 16 11 11 11 14 14 16 11 14 11 16 14
split_gain=32.5537 32.3009 36.391 49.8277 84.4724 78.4285 75.37 98.2 67.2126 61.5476 147.319 67.5862 56.7159 55.1375
threshold=3.5000000000000004 403.50000000000006 18.500000000000004 203.50000000000003 92.500000000000014 44.500000000000007 298.04545454545456 285.11111111111114 37.500000000000007 246.50000000000003 99.029411764705898 233.50000000000003 24.500000000000004 137.01428571428576
decision_type=2 2 2 2 2 2 2 2 2 2 2 2 2 2
left_child=1 2 -1 4 5 -4 7 8 -7 10 11 -5 -13 -11
right_child=-2 -3 3 9 -6 6 -8 -9 -10 13 -12 12 -14 -15
leaf_value=0.00046266859950049385 0.0061358929594871464 0.0044440739740361232 0.0014293462614383492 -0.0083447252075800633 0.0034514139704684742 -0.0048256126676427622 0.0093722445134536078 -0.021377370997782447 0.015297346502666925 0.0014971879384027323 -0.0011532941887646151 0.011848518679532275 -0.031368943981815223 -0.0016536835498361913
leaf_weight=55433.379814706277 784.07591203390621 1453.0121675762348 4996.7744470622856 331.01146815286484 6164.6102650938556 3301.6049162696581 338.75483633577824 315.51104564219713 155.50466651841998 6353.864491356886 1584.0583690728527 29.514649746706709 303.27147810917813 23417.260645440547
leaf_count=2136420 7005 6739 53205 30458 141088 82613 1434 2827 887 397653 27901 10025 17071 504458
internal_value=4.9843e-05 3.97914e-06 -5.88672e-05 -0.000670186 0.000739748 -0.00109575 -0.00416423 -0.00538188 -0.0039163 -0.00134271 -0.00612832 -0.0179809 -0.027512 -0.000981185
internal_weight=104962 104178 102725 47291.7 15272.8 9108.15 4111.38 3772.62 3457.11 32019 2247.86 663.798 332.786 29771.1
internal_count=3419784 3412779 3406040 1269620 282054 140966 87761 86327 83500 987566 85455 57554 27096 902111
is_linear=0
shrinkage=0.03


Tree=280
num_leaves=15
num_cat=1
split_feature=18 11 11 18 1 18 11 18 1 28 0 0 18 15
split_gain=30.9702 44.1828 89.4655 80.7857 61.917 44.414 44.3964 54.8312 65.4521 60.756 42.9018 121.511 40.5431 49.5562
threshold=59.500000000000007 233.50000000000003 144.50000000000003 238.50000000000003 99.500000000000014 294.50000000000006 28.500000000000004 379.50000000000006 138.50000000000003 0 94.500000000000014 75.000000000000014 955.50000000000011 1.0000000180025095e-35
decision_type=8 2 2 8 2 8 2 10 2 9 2 2 10 2
left_child=-1 2 6 4 -3 -4 7 9 -9 -2 11 -8 -5 -14
right_child=1 3 5 12 -6 -7 10 8 -10 -11 -12 -13 13 -15
leaf_value=-0.0020165503583851243 0.0098871855553645475 -0.029254138463506812 0.0015328197169137958 0.00048997434559191263 0.0011176320281307342 0.0055578436521517005 -0.00091518136720635196 -0.0061210685571844205 0.001865342529750942 0.0017609264090986114 0.0078278680862039485 -0.018452645062679223 -0.0020739535382321129 0.00020207882906568003
leaf_weight=6759.216702787322 1189.4273211364634 152.27380824880674 5448.4687555062119 30973.048354709405 99.591433481080458 4510.0191832210403 13360.150559170521 1346.8529298934154 2932.8933103070594 2718.9982912195846 469.83899047970772 364.29627573490143 18323.709386138478 16239.229362073238
leaf_count=132587 35592 8220 206138 1204935 2825 139464 351901 26165 17290 39818 2022 3154 873196 375385
internal_value=-5.25298e-05 8.27732e-05 0.000990673 -0.000363554 -0.0172877 0.00335606 -6.18449e-05 0.00169719 -0.000648855 0.00426563 -0.00107662 -0.001382 -0.000298248 -0.0010046
internal_weight=104888 98128.8 32340.9 65787.9 251.865 9958.49 22382.5 8188.17 4279.75 3908.43 14194.3 13724.4 65536 34562.9
internal_count=3418692 3286105 821544 2464561 11045 345602 475942 118865 43455 75410 357077 355055 2453516 1248581
cat_boundaries=0 1
cat_threshold=257
is_linear=0
shrinkage=0.03


Tree=281
num_leaves=15
num_cat=2
split_feature=17 18 16 27 1 16 12 14 18 14 18 27 6 1
split_gain=34.4426 33.902 33.1217 68.0911 81.952 107.058 319.721 298.33 179.683 89.2256 69.428 67.0306 147.187 109.613
threshold=19.500000000000004 3497.5000000000005 12.500000000000002 0 99.500000000000014 11.500000000000002 0.048809523809523817 149.89444444444447 1683.5000000000002 156.75595238095241 1580.5000000000002 1 5.5000000000000009 99.500000000000014
decision_type=8 10 2 9 2 2 2 2 10 2 8 9 2 2
left_child=-1 2 3 4 -2 7 10 -6 -9 -10 -7 12 -4 -14
right_child=1 -3 11 -5 5 6 -8 8 9 -11 -12 -13 13 -15
leaf_value=-0.0017782127476318372 -0.00088933236260816133 -0.0023452307341707752 0.0013192379339768078 0.00010573017346711229 0.0053781987594703189 -0.0066672652825121416 0.00076624454915233994 -0.00047487305646558498 -0.0339487047609646 0.006867097267680586 0.039923137964835757 0.00062330812508058439 -0.0096377438785855175 -0.0022878558033367752
leaf_weight=8418.5534477378242 3636.5171136546414 4414.5396482555661 8632.8071770776296 22897.302983030677 6713.262789931614 31.19025719538331 631.63221569638699 446.06609599571675 340.9654317740351 55.75947177130729 335.5487279035151 38069.474003965035 2380.5966479617637 7834.8344461002853
leaf_count=91226 574629 148821 382915 386924 368847 178 38627 7950 2811 1788 2304 374970 568793 468233
internal_value=6.19076e-05 0.000222587 0.000345817 0.00107076 0.0028807 0.00448663 0.0137148 0.00326567 -0.0135482 -0.0282092 0.0359534 -0.000101101 -0.00156371 -0.00400144
internal_weight=104839 96420.5 92006 35088.2 12190.9 8554.42 998.371 7556.05 842.791 396.725 366.739 56917.7 18848.2 10215.4
internal_count=3419016 3327790 3178969 1384058 997134 422505 41109 381396 12549 4599 2482 1794911 1419941 1037026
cat_boundaries=0 1 2
cat_threshold=3355643984 3222409487
is_linear=0
shrinkage=0.03


Tree=282
num_leaves=15
num_cat=6
split_feature=30 28 7 27 27 2 29 8 28 2 6 6 6 18
split_gain=32.6752 41.1366 32.8109 47.3083 42.2779 30.9864 58.0877 54.3594 88.6053 41.5281 159.554 166.44 102.286 88.1619
threshold=0 1 12.500000000000002 2 3 60.000000000000007 4 1.5000000000000002 5 130.00000000000003 4.5000000000000009 5.5000000000000009 14.500000000000002 24.500000000000004
decision_type=1 9 2 9 9 2 9 2 9 2 2 2 2 10
left_child=2 -2 4 -4 -1 6 -3 8 -8 10 -7 13 -13 -12
right_child=1 5 3 -5 -6 9 7 -9 -10 -11 11 12 -14 -15
leaf_value=0.0021474502654625456 -0.0019721547992399111 -0.00077770099492156526 -0.0091573063161304383 -0.00025351311819016579 -0.00020053284119531231 -0.020868430797153597 0.013892940236456132 -0.00169558205749055 -0.01435601542436777 0.00015777232175135137 0.039201489203106489 -0.012565464066036772 -0.0024195003146818277 0.0027160374640998433
leaf_weight=17026.889857456204 12685.774570996058 1872.0571205448359 552.5939726238139 11454.553214402054 11605.877147007035 389.38986253459007 922.0241094334051 431.05824675969779 104.84083103016019 39403.430381740443 59.549661539494991 1224.905028120731 3308.3640862518223 3853.8191358428448
leaf_count=425935 266609 19718 27870 538248 102769 141873 36745 4030 1202 885286 290 328212 600239 40095
internal_value=-2.13957e-05 -0.000442458 0.000644285 -0.00067185 0.00119644 -6.58216e-05 0.00273265 0.0071936 0.0109931 -0.000259067 -0.00211773 -0.00125095 -0.00516314 0.00328111
internal_weight=104895 64255.2 40639.9 12007.1 28632.8 51569.4 3329.98 1457.92 1026.86 48239.5 8836.03 8446.64 4533.27 3913.37
internal_count=3419121 2324299 1094822 566118 528704 2057690 61695 41977 37947 1995995 1110709 968836 928451 40385
cat_boundaries=0 1 2 3 5 6 7
cat_threshold=6 1069264 3279376 3651340360 9 18 517
is_linear=0
shrinkage=0.03


Tree=283
num_leaves=15
num_cat=2
split_feature=28 11 18 30 18 18 18 6 11 17 17 7 9 11
split_gain=32.2897 54.2336 36.0387 32.8182 37.3859 331.075 221.835 49.0842 32.5498 32.4309 73.8347 52.8984 31.1045 69.0359
threshold=0 72.500000000000014 1012.5000000000001 1 1717.5000000000002 1727.5000000000002 1683.5000000000002 18.500000000000004 547.50000000000011 36.500000000000007 37.500000000000007 3.5000000000000004 1.0000000180025095e-35 694.50000000000011
decision_type=9 2 10 1 10 8 10 2 2 10 8 2 2 2
left_child=1 2 -1 4 6 8 9 -8 -6 -3 11 -11 13 -2
right_child=12 3 -4 -5 5 -7 7 -9 -10 10 -12 -13 -14 -15
leaf_value=-0.0098100400321265348 3.731303752495233e-05 -0.00016564081597827041 -0.0010170680810353244 -0.0023760347065443633 0.036494772196084109 -0.00019499342630824526 0.0015047264881292172 -0.030268247674804648 -0.011089429027511843 0.029707859334056536 -0.00072601902235352772 -0.0059287761554925131 0.0015836523365079446 -0.013144621859849139
leaf_weight=1037.4684546242934 75928.452743712929 4901.0202946859645 704.2609625463374 5834.238562104525 267.82610518159345 2314.8540119373938 52.205087486538105 266.56158887618221 13.162517256685531 161.43035916588269 371.14089385606349 48.350245322333649 12608.678679130971 358.26001103559975
leaf_count=11000 2538275 97071 6095 138882 2192 74202 1270 2980 527 1676 10761 1540 513575 17612
internal_value=-1.98225e-05 -0.00126123 -0.00625726 -0.00065025 0.000551203 0.00354358 -0.000787328 -0.0250763 0.0342343 0.000629355 0.0073252 0.0215052 0.000203362 -2.47639e-05
internal_weight=104868 15972.5 1741.73 14230.8 8396.55 2595.84 5800.71 318.767 280.989 5481.94 580.921 209.781 88895.4 76286.7
internal_count=3417658 348196 17095 331101 192219 76921 115298 4250 2719 111048 13977 3216 3069462 2555887
cat_boundaries=0 1 2
cat_threshold=1048592 10
is_linear=0
shrinkage=0.03


Tree=284
num_leaves=15
num_cat=0
split_feature=15 7 9 8 16 4 12 14 14 7 5 2 18 5
split_gain=31.7351 28.9399 47.7083 53.204 51.0054 47.1994 55.637 52.5082 56.762 93.9437 58.9632 157.723 136.51 51.2487
threshold=3.5000000000000004 20.500000000000004 1.0000000180025095e-35 6.5000000000000009 32.500000000000007 1.0000000180025095e-35 0.94281045751633996 149.34057971014497 82.527777777777786 3.5000000000000004 1.0000000180025095e-35 146.00000000000003 65.500000000000014 1.0000000180025095e-35
decision_type=2 2 2 2 2 2 2 2 2 2 2 2 8 2
left_child=1 2 3 -1 -5 6 -4 8 -7 10 11 -10 -13 -11
right_child=-2 -3 5 4 -6 7 -8 -9 9 13 -12 12 -14 -15
leaf_value=-3.3740575069406813e-05 0.0060684220166192099 -0.0016822814008388325 0.0036567041076602962 -0.011194942084322819 0.029965197138802798 -0.011431100411520222 0.022183791282463377 -0.0052403002278708817 0.013464734030484784 -0.001494823254192138 0.0020586384245072503 0.17593963949541011 0.048052056014964102 0.0046606787219774497
leaf_weight=83520.219277478172 781.18751768232323 8426.8342773797922 4632.5649644830264 548.23587765777484 27.556989623233676 284.25286838191096 149.67668698355556 1236.2409633703064 141.5147428617347 2673.9618179940153 120.33416756056249 9.1590442345477623 34.128303655888885 2233.0352026075125
leaf_count=2484243 6969 632693 34250 11319 228 21266 1124 30250 2190 183225 635 133 445 9659
internal_value=4.8246e-05 2.98441e-06 0.000151534 -9.64482e-05 -0.00917651 0.00196246 0.00424109 0.000343549 0.00160019 0.00231293 0.0184365 0.0290324 0.0784731 0.00130675
internal_weight=104819 104038 95610.9 84096 575.793 11514.9 4782.24 6732.63 5496.39 5212.13 305.136 184.802 43.2873 4907
internal_count=3418629 3411660 2778967 2495790 11547 283177 35374 247803 217553 196287 3403 2768 578 192884
is_linear=0
shrinkage=0.03


Tree=285
num_leaves=15
num_cat=3
split_feature=16 27 7 16 6 27 16 2 27 11 11 11 18 18
split_gain=32.3425 62.3635 55.0918 64.7947 60.8194 138.581 90.7043 169.82 152.148 101.318 280.314 166.316 113.334 245.967
threshold=18.500000000000004 0 2.5000000000000004 276.00000000000006 5.5000000000000009 1 25.500000000000004 138.50000000000003 2 207.50000000000003 258.50000000000006 88.500000000000014 269.50000000000006 298.50000000000006
decision_type=2 9 2 2 2 9 2 2 9 2 2 2 8 8
left_child=-1 -2 -3 4 6 -6 8 -8 9 11 -11 -4 -12 -14
right_child=1 2 3 -5 5 -7 7 -9 -10 10 12 -13 13 -15
leaf_value=0.00045578908170904058 0.0077728776476694243 0.00067359139993967683 -0.0098753060715107387 0.0067796868851256603 -0.0081962746088390052 -0.0014928840172758798 -0.015863550419027806 -0.0010521155910206909 -0.0087886939902942565 -0.017011603458218179 -0.018303266231485867 0.018205104029104625 0.042313536679528398 0.0041842008374360935
leaf_weight=55895.099478302523 776.81654552556574 16419.060521312058 242.58466370403767 833.9972294671461 3528.9998877138132 12929.840586881153 781.55594108812511 6350.6690740042832 992.29925864096731 612.09140773303807 185.95074095949531 863.03581335395575 156.91910148784518 4268.3846867699176
leaf_count=2141541 3516 140978 1143 4264 452034 225125 207949 191023 20460 2972 799 3939 713 22562
internal_value=-3.72729e-05 -0.000600379 -0.000737043 -0.00146685 -0.00168955 -0.00293648 -0.000269501 -0.00267716 0.00207604 0.0037885 0.00204707 0.0120406 0.00458003 0.0055455
internal_weight=104837 48942.2 48165.4 31746.3 30912.3 16458.8 14453.5 7132.23 7321.27 6328.97 5223.35 1105.62 4611.25 4425.3
internal_count=3419018 1277477 1273961 1132983 1128719 677159 451560 398972 52588 32128 27046 5082 24074 23275
cat_boundaries=0 2 3 4
cat_threshold=564170880 11 2148673856 2416115712
is_linear=0
shrinkage=0.03


Tree=286
num_leaves=15
num_cat=1
split_feature=16 18 27 16 16 18 18 12 17 6 16 10 18 12
split_gain=27.7154 27.9905 26.4678 45.658 362.579 174.159 130.153 211.324 125.563 75.5692 70.1523 99.1833 76.6631 69.6879
threshold=405.50000000000006 727.50000000000011 0 11.500000000000002 12.500000000000002 1683.5000000000002 786.50000000000011 0.24404761904761907 36.500000000000007 21.500000000000004 161.50000000000003 1.0000000180025095e-35 94.500000000000014 0.24404761904761907
decision_type=2 10 9 2 2 10 10 2 10 2 2 2 10 2
left_child=2 -2 3 6 5 -5 8 9 -1 -8 11 -6 -13 -7
right_child=1 -3 -4 4 10 13 7 -9 -10 -11 -12 12 -14 -15
leaf_value=-0.00047307607751892033 0.013412874452664272 0.0021982632997563189 0.0002087921082321128 -0.0022414270061149235 -0.0070449280981199642 0.039305722271657656 -0.032384780909122377 -0.0037818965766791665 0.024139888307216438 -0.0068740360564703397 0.00099242126924022284 0.037603863803787982 0.0015586838896082082 -0.0048503267159394157
leaf_weight=1751.1323235118762 255.6945768892765 914.3424309855327 89269.099161184859 159.78154316451401 3091.9020982335787 339.14776154980063 371.92662326712161 2046.6842440767214 207.77892301790416 146.08325935341418 4968.470911540091 54.875006426125765 1073.6529127801768 35.299607208929956
leaf_count=34150 1154 4265 3149726 1530 33133 2420 2875 151066 3643 1049 25912 473 6874 290
internal_value=6.90329e-05 0.00465841 1.71147e-05 -0.00118317 -2.55031e-05 0.0239772 -0.00367354 -0.00811957 0.00214857 -0.0252176 -0.00142344 -0.00426706 0.00334313 0.0351412
internal_weight=104686 1170.04 103516 14246.7 9723.13 534.229 4523.61 2564.69 1958.91 518.01 9188.9 4220.43 1128.53 374.447
internal_count=3418560 5419 3413141 263415 70632 4240 192783 154990 37793 3924 66392 40480 7347 2710
cat_boundaries=0 1
cat_threshold=561169303
is_linear=0
shrinkage=0.03


Tree=287
num_leaves=15
num_cat=4
split_feature=18 11 11 27 27 5 9 27 7 5 11 27 11 2
split_gain=27.4458 56.3312 69.2164 79.1151 54.4972 53.9236 44.9486 60.827 48.0891 52.2819 51.1916 45.8112 111.903 44.5665
threshold=955.50000000000011 368.50000000000006 96.500000000000014 0 1 1.0000000180025095e-35 1.0000000180025095e-35 2 2.5000000000000004 1.0000000180025095e-35 28.500000000000004 3 60.500000000000007 749.00000000000011
decision_type=10 2 2 9 9 2 2 9 2 2 2 9 2 2
left_child=6 2 3 -2 5 -3 7 -1 9 -8 -10 12 -12 -9
right_child=1 4 -4 -5 -6 -7 8 13 10 -11 11 -13 -14 -15
leaf_value=-0.023737903683528069 0.00076388788955373209 -0.0036347381606176292 0.0032785624078846862 -0.0079565436259918295 -0.00048936194473998503 0.018124559874902219 0.025253579455085624 -3.9850426466599651e-05 -0.029251216180583108 -0.009558960326455597 0.082930489983710554 0.0019701958255197135 0.0093464425137235636 0.0031520063773545948
leaf_weight=84.683264143299311 3720.4381377855316 7956.3666176766856 6467.8985796909546 1239.9821972514037 23299.554129089462 102.8637789785862 161.24062518635765 51943.668878936092 44.581787776551209 50.449175305664539 18.865333687514067 5141.5821299053496 300.13388882484287 4258.8539487794042
leaf_count=2670 26451 650564 181236 36894 499473 451 1525 1797520 664 323 186 190830 10077 20276
internal_value=1.55468e-05 -0.0005689 0.00123416 -0.00143167 -0.00122602 -0.00335064 0.000418859 0.000161415 0.00295314 0.0169512 0.00241189 0.0026757 0.0135212 0.000202034
internal_weight=104791 42787.1 11428.3 4960.42 31358.8 8059.23 62004.1 56287.2 5716.85 211.69 5505.16 5460.58 318.999 56202.5
internal_count=3419140 1395069 244581 63345 1150488 651015 2024071 1820466 203605 1848 201757 201093 10263 1817796
cat_boundaries=0 1 3 4 5
cat_threshold=1436944448 2167826509 10 536871296 152109120
is_linear=0
shrinkage=0.03


Tree=288
num_leaves=15
num_cat=2
split_feature=18 17 27 18 15 10 14 2 11 27 15 18 14 14
split_gain=29.3375 46.7283 41.1429 56.7025 50.2272 62.3691 63.53 73.5512 36.9218 35.4922 34.5781 41.3419 64.2951 54.878
threshold=3412.5000000000005 28.500000000000004 0 53.500000000000007 1.0000000180025095e-35 1.0000000180025095e-35 99.358974358974379 146.00000000000003 25.500000000000004 1 1.0000000180025095e-35 993.50000000000011 49.583333333333336 1.0000000180025095e-35
decision_type=10 10 9 8 2 2 2 2 2 9 2 10 2 2
left_child=1 2 4 -4 5 -1 7 -7 9 -3 11 13 -13 -5
right_child=-2 8 3 10 -6 6 -8 -9 -10 -11 -12 12 -14 -15
leaf_value=-0.0011965398930669237 -0.0021865789517716387 0.0086220024622624767 -0.0033545011117654061 0.0061083611966332137 -0.0047483831042366351 -0.0021132019570086172 0.0072018543869555255 0.1116453345781309 0.0010526700483206703 -0.0011115079078483556 0.0013281428503985403 -0.012828223860161471 -0.0011926453131077697 0.00015123352950644785
leaf_weight=8731.521703788545 5218.178044941742 1140.5684747509658 4018.7413491080515 1462.1059620198794 3615.6717316028662 9.1820575650781411 527.45034538861364 10.446357854641972 17483.550581197138 480.51304636383429 20642.136226367322 441.77092209365219 12334.357542210375 28545.552542890422
leaf_count=70678 171293 5740 100702 52865 35718 106 5324 89 473947 8752 380516 5149 655206 1451403
internal_value=5.84181e-06 0.000120907 -0.000196221 0.00010074 -0.00174812 -0.000580475 0.00923633 0.060907 0.00145444 0.00578424 0.000319734 -0.000166819 -0.00159595 0.000441685
internal_weight=104662 99443.6 80338.9 67444.7 12894.3 9278.6 547.079 19.6284 19104.6 1621.08 63425.9 42783.8 12776.1 30007.7
internal_count=3417488 3246195 2757756 2645841 111915 76197 5519 195 488439 14492 2545139 2164623 660355 1504268
cat_boundaries=0 2 3
cat_threshold=544637328 2 335806464
is_linear=0
shrinkage=0.03


Tree=289
num_leaves=15
num_cat=2
split_feature=17 11 30 17 2 30 14 7 18 14 9 2 12 16
split_gain=33.3792 62.4491 42.8584 35.2586 32.054 34.9643 32.255 53.5976 47.9163 40.6632 44.6984 38.8183 40.7764 36.1305
threshold=26.500000000000004 203.50000000000003 0 41.500000000000007 912.00000000000011 1 154.40617848970257 1.5000000000000002 112.50000000000001 98.763157894736864 1.0000000180025095e-35 138.50000000000003 0.97512285012285027 25.500000000000004
decision_type=10 2 1 10 2 1 2 2 8 2 2 2 2 2
left_child=4 2 -2 -3 6 -6 8 -8 9 -1 11 -11 -13 -10
right_child=1 3 -4 -5 5 -7 7 -9 13 10 -12 12 -14 -15
leaf_value=0.0032124018092163733 0.0037703130308581606 0.00059315546471201447 -0.011199693212288191 -0.002772489595435934 0.0075814248372174714 0.00043826385434529648 0.0015199262250510936 -0.0024366369635233998 0.00047679181799907783 -0.0088114122474729183 0.016074734079474622 -0.0037214800137153289 0.006143794878389966 -0.002092690699269254
leaf_weight=901.06255021831021 6548.9871842205757 17909.068900722777 166.88858952862211 3319.7877021232853 913.63644479215145 1870.3676726520061 3945.3200619537383 14062.169813189772 44506.154172294773 1195.467497432488 99.82825637771748 3327.5408018650487 424.34446047944948 5537.0760643944377
leaf_count=16021 83884 533960 2113 122959 4112 8831 21747 152835 1941602 144146 3807 18104 24521 339317
internal_value=-2.33299e-05 0.000864444 0.00338564 6.67271e-05 -0.000346437 0.00281314 -0.000465344 -0.00156974 -0.000110134 -0.00265544 -0.00370344 -0.0041057 -0.00260436 0.000192453
internal_weight=104728 27944.7 6715.88 21228.9 76783 2784 73999 18007.5 55991.5 5948.24 5047.18 4947.35 3751.89 50043.2
internal_count=3417959 742916 85997 656919 2675043 12943 2662100 174582 2487518 206599 190578 186771 42625 2280919
cat_boundaries=0 1 2
cat_threshold=3 12
is_linear=0
shrinkage=0.03


Tree=290
num_leaves=15
num_cat=2
split_feature=7 12 4 18 27 9 5 6 27 7 6 11 6 6
split_gain=31.0788 76.6726 127.399 49.8916 63.7327 154.214 55.0742 50.3274 48.6999 46.1618 60.5729 50.3141 99.4021 71.8599
threshold=17.500000000000004 0.80322580645161301 1.0000000180025095e-35 1002.5000000000001 0 1.0000000180025095e-35 1.0000000180025095e-35 4.5000000000000009 1 23.500000000000004 5.5000000000000009 668.50000000000011 5.5000000000000009 6.5000000000000009
decision_type=2 2 2 10 9 2 2 2 9 2 2 2 2 2
left_child=-1 -2 -3 -4 5 7 9 -5 -8 10 -6 13 -13 -11
right_child=1 2 3 4 6 -7 8 -9 -10 11 -12 12 -14 -15
leaf_value=0.00025858627152419722 -0.0054452100345315215 0.012343855153583614 0.0019534125680001481 0.024774190477156583 -0.015215396296088451 -0.0068946048652942446 -0.011280040110815223 0.0054107235825419002 0.018069330631231034 -0.033328032514590884 -0.0046264096631692449 0.021185613971696479 -0.0050985412354855727 0.00025944651224146152
leaf_weight=88552.327834625146 3061.758058436797 692.14308477193117 3870.5166080195922 129.04419609368779 556.30606476473622 1239.2948883378413 64.78043819963932 1723.6553682116792 167.44731498509645 74.072066180990078 3829.0922407414764 247.32984076184221 269.95630358881317 242.49823653325438
leaf_count=2319615 60587 5760 284090 13288 69269 51506 274 98709 755 5857 428120 7130 37822 35962
internal_value=3.77496e-05 -0.00117172 -0.000173045 -0.000871864 -0.0021519 0.00128973 -0.00409866 0.00677206 0.0101601 -0.00474278 -0.00597283 0.0017257 0.00748532 -0.00767965
internal_weight=104720 16167.9 13106.1 12414 8543.48 3091.99 5451.48 1852.7 232.228 5219.25 4385.4 833.856 517.286 316.57
internal_count=3418744 1099129 1038542 1032782 748692 163503 585189 111997 1029 584160 497389 86771 44952 41819
cat_boundaries=0 1 2
cat_threshold=1082196754 603979776
is_linear=0
shrinkage=0.03


Tree=291
num_leaves=15
num_cat=5
split_feature=30 14 28 30 29 8 11 18 29 1 16 11 16 10
split_gain=32.1102 34.1323 92.5414 124.67 78.1714 52.485 30.6121 29.5342 26.9899 42.2306 143.802 91.0767 90.7149 70.9268
threshold=0 1.0000000180025095e-35 1 2 3 1.0000000180025095e-35 60.500000000000007 884.50000000000011 4 138.50000000000003 25.500000000000004 668.50000000000011 23.500000000000004 1.0000000180025095e-35
decision_type=1 2 9 1 9 2 2 10 9 2 2 2 2 2
left_child=-1 2 4 6 5 -2 -4 -5 9 10 11 13 -13 -3
right_child=1 8 3 7 -6 -7 -8 -9 -10 -11 -12 12 -14 -15
leaf_value=0.0007114088377209323 -0.053039052279105298 -0.0001967572234820009 -0.0036963510685889922 -0.070718425669376861 -0.00049230280562692446 0.014910722651531301 0.015761176778932646 -0.02849974416697168 -0.0010839847517265834 0.00095294162167176822 -0.017141850852742217 -0.001327828430766294 0.026863392592884852 -0.0082744109441112434
leaf_weight=40601.608205276891 9.4075754880905134 7287.8452503421577 559.08208365738392 29.328374292701483 592.40840408951044 795.38407747261226 82.643182758241892 33.924106694757938 32834.355673209648 19834.373280799831 499.26378255710006 199.48165261209942 210.60704415594228 1129.0274609744083
leaf_count=1094203 42 783356 5584 261 8853 36809 776 308 508615 632547 169794 34665 3141 137374
internal_value=5.14059e-05 -0.000366724 0.00339179 -0.00543599 0.00782957 0.0138793 -0.00115201 -0.0422895 -0.000494283 0.00017004 -0.00149472 -0.00060786 0.0131803 -0.00128114
internal_weight=104699 64097.1 2102.18 704.978 1397.2 804.792 641.725 63.2525 61995 29160.6 9326.23 8826.96 410.089 8416.87
internal_count=3416328 2322125 52633 6929 45704 36851 6360 569 2269492 1760877 1128330 958536 37806 920730
cat_boundaries=0 1 2 3 4 5
cat_threshold=6 4769 1 12 10
is_linear=0
shrinkage=0.03


Tree=292
num_leaves=15
num_cat=4
split_feature=15 27 11 11 28 0 14 27 16 27 3 11 17 8
split_gain=32.5277 33.7326 67.9881 109.823 42.4763 26.3779 103.773 70.9916 61.6768 66.3823 65.5892 51.2953 45.6557 63.9875
threshold=2.5000000000000004 0 501.50000000000006 518.50000000000011 1 187.50000000000003 180.15625000000003 2 35.500000000000007 3 85.000000000000014 164.50000000000003 35.500000000000007 1.5000000000000002
decision_type=2 9 2 2 9 2 2 9 2 9 2 2 10 2
left_child=5 -2 4 -4 -3 6 8 11 12 -10 -11 -8 -1 -14
right_child=1 2 3 -5 -6 -7 7 -9 9 10 -12 -13 13 -15
leaf_value=-0.00016940866264703798 0.0049724678677184201 -0.029975946844878379 0.02940842944025867 -0.0021773702241715308 -0.0033162309174180164 0.0014261233733486357 0.0087293694767499874 -0.0048751237665848332 -0.0055238901999654054 0.014824500878840397 -0.05354916531764578 -0.0017860820941811662 0.0084570427999619627 0.001000557449997714
leaf_weight=75335.679733939702 2304.8752670497634 95.032947951927781 115.7996720764786 652.04614950623363 131.30855577625334 10042.056914202869 630.92091667093337 6447.8764373844024 230.66324852220714 603.07188637973741 11.936562955379484 1229.7330020368099 1273.0689841900021 5540.1328789757099
leaf_count=2985605 13532 850 1082 17176 2718 48519 6604 57674 1399 4904 57 17330 12042 249514
internal_value=6.22571e-05 0.00299334 -0.00162894 0.00261817 -0.0160568 -3.31864e-05 -0.000193704 -0.00339005 0.000126318 0.00818192 0.0131984 0.00177281 4.32915e-05 0.00239486
internal_weight=104644 3299.06 994.187 767.846 226.342 101345 91303.1 8308.53 82994.6 845.672 615.008 1860.65 82148.9 6813.2
internal_count=3419006 35358 21826 18258 3568 3383648 3335129 81608 3253521 6360 4961 23934 3247161 261556
cat_boundaries=0 1 2 3 4
cat_threshold=2617311296 1048576 1250003040 1111492608
is_linear=0
shrinkage=0.03


Tree=293
num_leaves=15
num_cat=3
split_feature=17 30 16 6 27 18 16 1 14 1 27 6 6 15
split_gain=31.718 32.6168 29.4691 56.7576 150.931 93.6833 57.086 53.8845 47.8251 49.461 73.6457 87.5462 78.6872 55.0389
threshold=18.500000000000004 0 18.500000000000004 5.5000000000000009 1 24.500000000000004 178.50000000000003 99.500000000000014 198.70000000000002 99.500000000000014 2 29.500000000000004 27.500000000000004 1.0000000180025095e-35
decision_type=8 1 2 2 9 8 2 2 2 2 9 2 2 2
left_child=1 -1 8 5 7 -4 -7 -5 9 13 11 -11 -12 -2
right_child=2 -3 3 4 -6 6 -8 -9 -10 10 12 -13 -14 -15
leaf_value=-0.0018331478017550788 -0.0027633250486925427 -0.015186949560162429 0.032592049004188828 -0.012610883987784312 -0.00052052946561721074 0.00016006252280985003 0.00602075466354545 -0.0045137259133157161 -0.0033286016409524526 0.0027356734484741407 0.0014089978808989588 0.012783674336844221 -0.0021085234246457077 0.0026579748099704744
leaf_weight=5310.9027195725357 6225.9907751455903 159.50711940205656 82.169585715979338 1162.888746605604 24658.805263875984 16841.765356656397 1640.6086781099439 2034.8049223830458 2680.3509405772202 4720.3043159905355 28762.04294825485 934.22272305143997 7144.6381182637997 2309.9823276449461
leaf_count=56131 787266 1579 396 300569 288016 485308 8025 172527 31997 365182 461357 56224 267446 136039
internal_value=-3.26845e-05 -0.00225633 8.99624e-05 -0.000461371 -0.00131771 0.000823584 0.000680591 -0.00743815 0.000574893 0.000783805 0.001211 0.00438998 0.000708852 -0.00129609
internal_weight=104669 5470.41 99198.6 46421 27856.5 18564.5 18482.4 3197.69 52777.5 50097.2 41561.2 5654.53 35906.7 8535.97
internal_count=3418062 57710 3360352 1254841 761112 493729 493333 473096 2105511 2073514 1150209 421406 728803 923305
cat_boundaries=0 1 2 3
cat_threshold=3 2147614976 2147549248
is_linear=0
shrinkage=0.03


Tree=294
num_leaves=15
num_cat=5
split_feature=5 27 27 12 7 17 8 27 16 16 16 27 27 6
split_gain=29.5696 118.069 105.967 55.8492 42.3163 41.9101 38.2949 69.956 40.2662 30.834 29.9894 47.6859 43.6149 40.0808
threshold=1.0000000180025095e-35 0 1 0.97512285012285027 8.5000000000000018 31.500000000000004 6.5000000000000009 2 33.500000000000007 1.0000000180025095e-35 15.500000000000002 3 4 5.5000000000000009
decision_type=2 9 9 2 2 8 2 9 2 2 2 9 9 2
left_child=2 3 -1 4 -2 -5 10 8 -8 -3 -4 -12 -13 -14
right_child=1 9 6 5 -6 -7 7 -9 -10 -11 11 12 13 -15
leaf_value=-0.023983242883333217 0.0015763572829310697 -0.0011776139292730323 0.00059732543031834628 -0.00026129690812629438 -0.013389372956221579 0.0081901830860578433 -0.0075763271239623065 0.0031459715929125823 0.021319371965517996 0.022934017272322936 -0.0049438934612160519 0.021688694482505128 0.00082365459306412748 -0.00092238762113476384
leaf_weight=156.19349268823862 305.87760033458471 56.424763342365623 44311.051544483751 1348.783645413816 381.36405682563782 866.79586142487824 1830.2735917217797 939.24318899121135 43.51602543797344 305.53064043261111 2038.3537579337135 70.222593661397696 18180.914227656205 33880.815095508238
leaf_count=1576 1290 326 1742631 5690 1594 3918 124378 25719 336 1391 24440 459 476166 1008853
internal_value=-2.90545e-05 0.00278072 -0.000119502 0.000727171 -0.00673581 0.00304736 -8.00929e-05 -0.00353082 -0.00685767 0.0186681 1.85007e-05 -0.000454977 -0.000278368 -0.000312573
internal_weight=104715 3264.78 101451 2902.82 687.242 2215.58 101294 2813.03 1873.79 361.955 98481.4 54170.3 52132 52061.7
internal_count=3418767 14209 3404558 12492 2884 9608 3402982 150433 124714 1717 3252549 1509918 1485478 1485019
cat_boundaries=0 1 2 3 4 6
cat_threshold=1678856192 536870912 3526394048 1179904 27295872 1
is_linear=0
shrinkage=0.03


Tree=295
num_leaves=15
num_cat=3
split_feature=8 6 14 16 16 1 11 7 15 27 18 27 6 27
split_gain=32.5747 59.7727 55.7043 47.439 78.298 166.959 61.5916 98.966 92.1353 59.4054 53.0934 51.8872 47.2578 131.135
threshold=1.5000000000000002 2.5000000000000004 242.21634615384619 35.500000000000007 25.500000000000004 138.50000000000003 88.500000000000014 3.5000000000000004 1.0000000180025095e-35 0 112.50000000000001 1 5.5000000000000009 2
decision_type=2 2 2 2 2 2 2 2 2 9 8 9 2 9
left_child=1 -1 3 4 6 -6 11 8 -8 -5 -9 -2 13 -12
right_child=2 -3 -4 9 5 -7 7 10 -10 -11 12 -13 -14 -15
leaf_value=0.0053428956560131755 -0.0053709042351074727 0.00043902628036306091 -0.0049276262140418919 0.02534767080193779 -0.015832517600905437 -0.0015965606559017443 0.017910514135669475 -0.009318217674532803 0.0033732002545538479 0.0033727429494773168 0.0047149113180630434 -0.00056741002226868447 -9.2413350468041765e-05 -0.0045041313237783823
leaf_weight=2435.6418117666617 3089.4057985274121 27307.447440212127 2300.6280531485099 120.31045754952356 828.11445796233602 7015.1874991101213 500.13872384955175 522.965049859602 1811.1644027559087 779.19418435636908 5700.1636603232473 5855.6549178746063 44498.512988548377 1826.3968259198591
leaf_count=36038 18430 256545 28768 1001 222463 222555 6404 35416 23086 5904 27522 177535 2332393 25460
internal_value=9.15296e-07 0.000840767 -0.000332832 -0.000187056 -0.000273056 -0.00310145 7.46747e-05 0.000451062 0.00652529 0.00665575 0.000183771 -0.00223347 0.000279464 0.0024778
internal_weight=104591 29743.1 74847.8 72547.2 71647.7 7843.3 63804.4 54859.3 2311.3 899.505 52548 8945.06 52025.1 7526.56
internal_count=3419520 292583 3126937 3098169 3091264 445018 2646246 2450281 29490 6905 2420791 195965 2385375 52982
cat_boundaries=0 1 2 3
cat_threshold=2214854656 805453824 2189557760
is_linear=0
shrinkage=0.03


Tree=296
num_leaves=15
num_cat=3
split_feature=17 27 4 12 12 28 12 16 27 1 6 16 11 11
split_gain=29.969 30.5828 29.8772 152.774 102.33 84.3329 57.0353 54.0728 42.3132 79.0005 152.749 215.192 157.199 168.016
threshold=22.500000000000004 0 1.0000000180025095e-35 0.94281045751633996 0.65108695652173931 1 0.54006410256410264 28.500000000000004 2 99.500000000000014 5.5000000000000009 25.500000000000004 668.50000000000011 607.50000000000011
decision_type=8 9 2 2 2 9 2 2 9 2 2 2 2 2
left_child=1 -1 3 5 -4 -2 -7 8 9 10 11 12 13 -6
right_child=2 -3 4 -5 7 6 -8 -9 -10 -11 -12 -13 -14 -15
leaf_value=-0.0037728729437909812 0.022673961544201093 -0.00054283271051011649 -0.0080084653693229795 0.021357616053441511 0.0041043976695423661 0.00025692019370120801 0.004535814564208567 -0.0066445713264336138 -0.001963192794065558 0.0019176109447409161 -0.0046413848201497486 -0.017717586979718342 0.031854703776982726 -0.030376160762328706
leaf_weight=3106.4330093590543 144.43964457465336 17241.923115671263 1517.4266901133815 320.76225657388568 4556.415685060434 42668.387541886419 2999.8353543188423 1088.1416862454498 6908.7584460563958 17375.324171248125 5885.3710270921001 438.83292683475884 177.16504560410976 129.84743973612785
leaf_count=21866 10280 225594 49229 2588 19670 329466 21336 137830 299356 1031647 1132563 135329 1006 902
internal_value=-5.02288e-06 -0.00103822 0.000244645 0.00075801 -0.000377339 0.000613317 0.000537966 -6.03969e-05 0.000141763 0.000651416 -0.0013145 0.00237843 0.00419498 0.00314273
internal_weight=104559 20348.4 84210.7 46133.4 38077.3 45812.7 45668.2 36559.9 35471.7 28563 11187.6 5302.26 4863.43 4686.26
internal_count=3418662 247460 3171202 363670 2807532 361082 350802 2758303 2620473 2321117 1289470 156907 21578 20572
cat_boundaries=0 1 2 3
cat_threshold=542507048 2097152 3892400706
is_linear=0
shrinkage=0.03


Tree=297
num_leaves=15
num_cat=2
split_feature=16 6 18 16 27 7 27 14 7 7 18 18 6 16
split_gain=25.5958 37.7512 33.3035 30.2737 51.4821 54.0744 50.613 49.0728 58.553 95.0343 194.09 107.51 69.5908 101.404
threshold=401.50000000000006 7.5000000000000009 771.50000000000011 19.500000000000004 0 2.5000000000000004 1 142.23128342245994 9.5000000000000018 7.5000000000000009 269.50000000000006 273.50000000000006 5.5000000000000009 25.500000000000004
decision_type=2 2 10 2 9 2 9 2 2 2 10 8 2 2
left_child=3 -2 -3 -1 -5 -6 -7 8 9 -8 -11 -12 13 -10
right_child=1 2 -4 4 5 6 7 -9 12 10 11 -13 -14 -15
leaf_value=0.00032946959287225242 0.0071089090045931055 0.011144733789233287 -0.0050564425016095807 0.0069239535839208137 0.00066870768002473546 -0.0065481322061886746 0.00068339682373449789 -0.0021779415115007685 0.0068236648126095588 -0.020143652513617594 0.0373508903651983 -0.001297676844893286 -0.002961588115378725 -0.0053474601554577457
leaf_weight=58432.969762010733 1058.3218611218035 141.73189639300108 570.42954882234335 770.31623530108482 14260.399729395518 1728.6909971176647 2698.3401980958879 18213.934215766843 3267.2994995201007 659.21029802761041 76.841440948890522 385.6154755767202 1543.0028668429004 758.39237929682713
leaf_count=2245462 4849 645 2683 6690 125380 18763 136446 435108 15895 51882 7599 14278 207534 145867
internal_value=-5.74989e-05 0.00351792 -0.00182103 -0.000119113 -0.000709974 -0.000846424 -0.00158334 -0.00126935 0.000491994 -0.00236811 -0.00970305 0.00519087 0.00245404 0.00453001
internal_weight=104565 1770.48 712.161 102795 44362 43591.7 29331.3 27602.6 9388.7 3820.01 1121.67 462.457 5568.69 4025.69
internal_count=3419081 8177 3328 3410904 1165442 1158752 1033372 1014609 579501 210205 73759 21877 369296 161762
cat_boundaries=0 2 3
cat_threshold=564236416 11 34736448
is_linear=0
shrinkage=0.03


Tree=298
num_leaves=15
num_cat=3
split_feature=5 27 12 14 17 11 8 27 16 14 27 18 9 11
split_gain=26.3805 100.378 84.465 91.7487 58.1606 32.0992 29.7902 58.4637 39.2048 35.7018 30.5058 69.7937 34.4425 65.3498
threshold=1.0000000180025095e-35 0 0.967204301075269 149.0192307692308 31.500000000000004 233.50000000000003 6.5000000000000009 1 30.500000000000004 150.68301435406701 2 7.5000000000000009 1.0000000180025095e-35 694.50000000000011
decision_type=2 9 2 2 8 2 2 9 2 2 9 8 2 2
left_child=1 -1 5 4 -4 -2 10 8 -8 -9 11 -3 13 -12
right_child=2 6 3 -5 -6 -7 7 9 -10 -11 12 -13 -14 -15
leaf_value=-0.023356483625594435 0.0046604777691174482 -0.051443889312004623 0.002365550288026957 -0.028888372919214051 0.011752505858424871 -0.0097098876975406662 -0.0069039341867732293 0.009518510711353248 0.022044617292451073 -0.0021962131879010912 -0.0003288673107832631 0.0014887124270456186 0.001630120180094995 -0.013444429598240807
leaf_weight=155.91076424717903 184.73602570593357 21.459566943347454 1452.0898371562362 67.938823815435171 1005.0997132537887 568.86215758323669 1811.6791679951129 417.19774081045762 42.154266475699842 531.29854440363124 76862.918843414926 12559.621443136595 8449.694033563952 342.43937094579451
leaf_count=1588 786 629 6180 283 4665 2385 123966 12209 366 13888 2432505 436987 366331 15570
internal_value=-2.51145e-05 -0.000110935 0.00262288 0.00525311 0.00620845 -0.00618565 -7.2516e-05 -0.0031219 -0.00620071 0.00293027 1.44957e-05 0.00139324 -0.000188169 -0.000387214
internal_weight=104473 101194 3278.73 2525.13 2457.19 753.598 101038 2802.33 1853.83 948.496 98236.1 12581.1 85655.1 77205.4
internal_count=3418338 3404039 14299 11128 10845 3171 3402451 150429 124332 26097 3252022 437616 2814406 2448075
cat_boundaries=0 1 2 4
cat_threshold=536871040 3524313152 1115785282 11
is_linear=0
shrinkage=0.03


Tree=299
num_leaves=15
num_cat=4
split_feature=7 12 4 9 27 18 27 4 12 7 29 14 27 16
split_gain=32.68 41.3894 58.8917 35.0869 70.6641 68.4784 60.7423 52.753 50.8653 40.1168 52.2122 49.0643 38.542 34.1446
threshold=20.500000000000004 0.85092592592592597 1.0000000180025095e-35 1.0000000180025095e-35 0 117.50000000000001 1 1.0000000180025095e-35 0.94281045751633996 2.5000000000000004 2 128.58712121212125 3 8.5000000000000018
decision_type=2 2 2 2 9 10 9 2 2 2 9 2 9 2
left_child=3 -2 -3 6 5 -5 -1 8 12 10 11 -9 -6 -4
right_child=1 2 13 4 7 -7 -8 9 -10 -11 -12 -13 -14 -15
leaf_value=-0.02118279666760484 -0.0076714760812445614 0.011180536537660116 0.0016163052526250176 0.035927341850937294 0.0066153175783091479 0.0069241545124705921 4.7387046985311353e-06 0.014789702900107123 0.022336154473389443 -0.0013082554306971187 -0.0097186448573065524 0.061265627781523432 0.00073482532627113981 -0.0029322344283063597
leaf_weight=110.95529125235043 945.69101955462247 339.26048251986504 2103.904780802317 78.034524854272604 1580.7651908267289 1021.3042560988106 84352.961627810204 109.93255125451833 123.77589746564627 5835.0658427258022 64.208817578852177 24.448864531703293 2739.1044426839799 5046.5133985800203
leaf_count=2968 22863 3017 150514 895 12960 29201 2496536 1233 854 221563 372 214 17255 458274
internal_value=2.91899e-05 -0.00176101 -0.0010138 0.000186442 0.00173522 0.00893249 -2.58519e-05 0.000969814 0.00345087 -0.000856087 0.0123697 0.0220097 0.00290471 -0.00159386
internal_weight=104476 8435.37 7489.68 96040.6 11576.6 1099.34 84463.9 10477.3 4443.65 6033.66 198.59 134.381 4319.87 7150.42
internal_count=3418719 634668 611805 2784051 284547 30096 2499504 254451 31069 223382 1819 1447 30215 608788
cat_boundaries=0 2 3 4 5
cat_threshold=187765696 8 536871168 40 75505664
is_linear=0
shrinkage=0.03


end of trees

feature_importances:
payment_method=545
reg_days=382
days_since_last_tx=376
tenure_days=316
n_tx=282
avg_paid=282
days_to_expire=281
city=240
list_price=239
n_tx_180d=222
age=142
amount_paid=138
n_lapses=137
cancel_last=129
registered_via=91
auto_renew_share=87
auto_renew=85
n_cancel=66
n_cancel_365d=58
gender=35
plan_days=25
n_plans=22
discount=20

parameters:
[boosting: gbdt]
[objective: binary]
[metric: binary_logloss]
[tree_learner: serial]
[device_type: cpu]
[data_sample_strategy: bagging]
[data: ]
[valid: ]
[num_iterations: 300]
[learning_rate: 0.03]
[num_leaves: 15]
[num_threads: 4]
[seed: 0]
[deterministic: 0]
[force_col_wise: 0]
[force_row_wise: 0]
[histogram_pool_size: -1]
[max_depth: -1]
[min_data_in_leaf: 80]
[min_sum_hessian_in_leaf: 0.001]
[bagging_fraction: 0.8]
[pos_bagging_fraction: 1]
[neg_bagging_fraction: 1]
[bagging_freq: 1]
[bagging_seed: 7719]
[bagging_by_query: 0]
[feature_fraction: 0.8]
[feature_fraction_bynode: 1]
[feature_fraction_seed: 2437]
[extra_trees: 0]
[extra_seed: 11797]
[early_stopping_round: 0]
[early_stopping_min_delta: 0]
[first_metric_only: 0]
[max_delta_step: 0]
[lambda_l1: 0]
[lambda_l2: 1]
[linear_lambda: 0]
[min_gain_to_split: 0]
[drop_rate: 0.1]
[max_drop: 50]
[skip_drop: 0.5]
[xgboost_dart_mode: 0]
[uniform_drop: 0]
[drop_seed: 21238]
[top_rate: 0.2]
[other_rate: 0.1]
[min_data_per_group: 100]
[max_cat_threshold: 32]
[cat_l2: 10]
[cat_smooth: 10]
[max_cat_to_onehot: 4]
[top_k: 20]
[monotone_constraints: ]
[monotone_constraints_method: basic]
[monotone_penalty: 0]
[feature_contri: ]
[forcedsplits_filename: ]
[refit_decay_rate: 0.9]
[cegb_tradeoff: 1]
[cegb_penalty_split: 0]
[cegb_penalty_feature_lazy: ]
[cegb_penalty_feature_coupled: ]
[path_smooth: 0]
[interaction_constraints: ]
[verbosity: -1]
[saved_feature_importance_type: 0]
[use_quantized_grad: 0]
[num_grad_quant_bins: 4]
[quant_train_renew_leaf: 0]
[stochastic_rounding: 1]
[linear_tree: 0]
[max_bin: 255]
[max_bin_by_feature: ]
[min_data_in_bin: 3]
[bin_construct_sample_cnt: 200000]
[data_random_seed: 38]
[is_enable_sparse: 1]
[enable_bundle: 1]
[use_missing: 1]
[zero_as_missing: 0]
[feature_pre_filter: 1]
[pre_partition: 0]
[two_round: 0]
[header: 0]
[label_column: ]
[weight_column: ]
[group_column: ]
[ignore_column: ]
[categorical_feature: 27,28,29,30]
[forcedbins_filename: ]
[precise_float_parser: 0]
[parser_config_file: ]
[objective_seed: 8855]
[num_class: 1]
[is_unbalance: 0]
[scale_pos_weight: 1]
[sigmoid: 1]
[boost_from_average: 1]
[reg_sqrt: 0]
[alpha: 0.9]
[fair_c: 1]
[poisson_max_delta_step: 0.7]
[tweedie_variance_power: 1.5]
[lambdarank_truncation_level: 30]
[lambdarank_norm: 1]
[label_gain: ]
[lambdarank_position_bias_regularization: 0]
[eval_at: ]
[multi_error_top_k: 1]
[auc_mu_weights: ]
[num_machines: 1]
[local_listen_port: 12400]
[time_out: 120]
[machine_list_filename: ]
[machines: ]
[gpu_platform_id: -1]
[gpu_device_id: -1]
[gpu_device_id_list: ]
[gpu_use_dp: 0]
[num_gpu: 1]

end of parameters

pandas_categorical:[["10", "11", "12", "13", "14", "15", "16", "17", "18", "19", "2", "20", "21", "22", "23", "26", "27", "28", "29", "3", "30", "31", "32", "33", "34", "35", "36", "37", "38", "39", "40", "41", "5", "6", "7", "8"], ["1.0", "10.0", "11.0", "12.0", "13.0", "14.0", "15.0", "16.0", "17.0", "18.0", "19.0", "20.0", "21.0", "22.0", "3.0", "4.0", "5.0", "6.0", "7.0", "8.0", "9.0", "missing"], ["13.0", "3.0", "4.0", "7.0", "9.0", "missing"], ["female", "male", "missing", "unknown"]]
